GeoFIPS,GeoName,Region,TableName,ComponentName,Unit,IndustryId,IndustryClassification,Description,1998,1999,2000,2001,2002,2003,2004,2005,2006,2007,2008,2009,2010,2011,2012,2013,2014,2015,2016,2017
 "35000" ,"New Mexico",6,SAGDP11N,"Contributions to percent change in real GDP","Percent change",1,"...","All industry total (percent change)",-0.5,5.4,1.8,0.1,3.1,3.8,7.4,1.2,2.5,0.7,-0.6,2.0,-0.8,0.2,0.5,-1.3,3.1,1.9,0.0,0.1
 "35000" ,"New Mexico",6,SAGDP11N,"Contributions to percent change in real GDP","Percentage points",2,"..."," Private industries",-0.76,5.52,1.47,-0.33,2.20,3.51,6.86,1.14,2.86,1.14,-0.87,1.86,-0.78,0.19,0.41,-0.90,3.44,2.27,-0.03,0.27
 "35000" ,"New Mexico",6,SAGDP11N,"Contributions to percent change in real GDP","Percentage points",3,"11","  Agriculture, forestry, fishing, and hunting",0.09,0.29,0.02,0.21,-0.24,-0.08,0.33,0.25,-0.20,-0.05,-0.14,-0.09,0.34,-0.16,-0.23,-0.04,0.35,-0.04,0.32,-0.08
 "35000" ,"New Mexico",6,SAGDP11N,"Contributions to percent change in real GDP","Percentage points",4,"111-112","   Farms",0.09,0.29,0.00,0.19,-0.24,-0.09,0.34,0.25,-0.22,-0.03,-0.14,-0.09,0.35,-0.16,-0.24,-0.03,0.34,-0.06,0.31,(NA)
 "35000" ,"New Mexico",6,SAGDP11N,"Contributions to percent change in real GDP","Percentage points",5,"113-115","   Forestry, fishing, and related activities",0.00,0.00,0.02,0.03,0.00,0.00,0.00,0.00,0.01,-0.02,0.00,0.01,-0.01,0.00,0.01,0.00,0.01,0.01,0.01,(NA)
 "35000" ,"New Mexico",6,SAGDP11N,"Contributions to percent change in real GDP","Percentage points",6,"21","  Mining, quarrying, and oil and gas extraction",0.14,-0.37,-0.48,1.20,0.33,-0.81,-0.18,0.14,0.70,0.28,-0.71,1.57,-1.08,0.36,0.88,0.71,1.44,1.33,-0.62,0.32
 "35000" ,"New Mexico",6,SAGDP11N,"Contributions to percent change in real GDP","Percentage points",7,"211","   Oil and gas extraction",0.20,-0.18,-0.68,1.03,0.81,-0.91,-0.34,-0.13,0.06,0.17,-1.03,2.50,-1.24,-0.18,0.48,0.44,0.90,2.22,0.43,(NA)
 "35000" ,"New Mexico",6,SAGDP11N,"Contributions to percent change in real GDP","Percentage points",8,"212","   Mining (except oil and gas)",0.03,-0.11,-0.11,-0.16,-0.20,-0.01,0.01,0.07,0.05,0.01,0.18,-0.29,-0.01,0.18,0.21,0.17,0.18,-0.16,-0.31,(NA)
 "35000" ,"New Mexico",6,SAGDP11N,"Contributions to percent change in real GDP","Percentage points",9,"213","   Support activities for mining",-0.08,-0.08,0.30,0.33,-0.28,0.12,0.15,0.20,0.59,0.11,0.13,-0.64,0.16,0.35,0.18,0.10,0.36,-0.73,-0.75,(NA)
 "35000" ,"New Mexico",6,SAGDP11N,"Contributions to percent change in real GDP","Percentage points",10,"22","  Utilities",-0.10,0.26,-0.02,-0.26,-0.11,-0.04,0.09,-0.05,0.15,0.00,0.11,-0.06,0.20,0.10,0.07,-0.01,-0.08,-0.06,0.11,0.06
 "35000" ,"New Mexico",6,SAGDP11N,"Contributions to percent change in real GDP","Percentage points",11,"23","  Construction",-0.07,-0.16,0.40,0.09,-0.29,0.24,0.30,0.26,0.13,0.07,-0.13,-0.85,-0.50,-0.27,-0.18,-0.07,-0.12,0.03,-0.06,0.03
 "35000" ,"New Mexico",6,SAGDP11N,"Contributions to percent change in real GDP","Percentage points",12,"31-33","  Manufacturing",-2.21,4.56,-0.03,-2.86,-0.63,3.45,4.72,-1.27,-0.56,-1.18,-1.48,1.97,-0.69,-0.73,-0.09,-0.51,0.40,0.41,0.01,-0.22
 "35000" ,"New Mexico",6,SAGDP11N,"Contributions to percent change in real GDP","Percentage points",13,"321,327-339","   Durable goods manufacturing",-2.73,4.44,0.23,-3.00,-0.65,3.69,5.12,-1.03,-0.39,-1.33,-1.58,2.18,-0.59,-0.68,-0.28,-0.67,0.20,-0.17,0.06,-0.08
 "35000" ,"New Mexico",6,SAGDP11N,"Contributions to percent change in real GDP","Percentage points",14,"321","    Wood product manufacturing",0.00,0.00,0.00,-0.01,0.00,0.00,0.00,0.01,0.01,0.01,0.00,-0.01,-0.01,0.00,0.00,-0.01,-0.01,0.01,0.00,(NA)
 "35000" ,"New Mexico",6,SAGDP11N,"Contributions to percent change in real GDP","Percentage points",15,"327","    Nonmetallic mineral product manufacturing",0.03,0.07,-0.06,-0.06,0.01,0.01,0.07,0.04,0.00,-0.03,-0.02,-0.04,-0.03,-0.02,0.05,-0.01,0.02,0.00,0.03,(NA)
 "35000" ,"New Mexico",6,SAGDP11N,"Contributions to percent change in real GDP","Percentage points",16,"331","    Primary metal manufacturing",-0.01,-0.04,-0.03,0.00,0.01,-0.02,0.00,0.00,0.00,-0.01,0.01,0.03,-0.01,0.01,0.03,0.03,-0.07,0.02,0.00,(NA)
 "35000" ,"New Mexico",6,SAGDP11N,"Contributions to percent change in real GDP","Percentage points",17,"332","    Fabricated metal product manufacturing",-0.02,0.01,0.02,0.01,-0.01,0.01,0.00,0.03,0.01,0.02,-0.04,-0.04,0.05,-0.05,0.03,-0.02,-0.01,0.01,-0.02,(NA)
 "35000" ,"New Mexico",6,SAGDP11N,"Contributions to percent change in real GDP","Percentage points",18,"333","    Machinery manufacturing",0.03,0.00,0.06,-0.04,-0.06,-0.03,0.02,0.02,0.02,0.00,-0.02,-0.01,-0.01,-0.01,0.04,-0.02,-0.01,-0.01,-0.01,(NA)
 "35000" ,"New Mexico",6,SAGDP11N,"Contributions to percent change in real GDP","Percentage points",19,"334","    Computer and electronic product manufacturing",-2.80,4.33,0.28,-2.73,-0.53,3.82,4.92,-1.21,-0.49,-1.32,-1.43,2.43,-0.64,-0.65,-0.42,-0.59,0.25,-0.17,0.07,(NA)
 "35000" ,"New Mexico",6,SAGDP11N,"Contributions to percent change in real GDP","Percentage points",20,"335","    Electrical equipment, appliance, and component manufacturing",-0.01,0.04,0.01,-0.05,0.00,-0.01,0.00,0.00,0.01,0.01,0.00,0.00,0.01,-0.01,0.00,0.01,0.02,-0.02,0.00,(NA)
 "35000" ,"New Mexico",6,SAGDP11N,"Contributions to percent change in real GDP","Percentage points",21,"3361-3363","    Motor vehicles, bodies and trailers, and parts manufacturing",-0.01,0.10,-0.04,-0.05,-0.06,-0.05,0.04,0.09,-0.07,-0.03,-0.02,-0.01,0.04,0.05,0.01,-0.07,-0.01,0.00,-0.01,(NA)
 "35000" ,"New Mexico",6,SAGDP11N,"Contributions to percent change in real GDP","Percentage points",22,"3364-3369","    Other transportation equipment manufacturing",-0.02,0.01,0.01,-0.06,0.00,-0.03,0.04,0.04,0.10,0.00,-0.06,-0.11,-0.01,0.01,-0.01,0.00,0.01,0.00,-0.01,(NA)
 "35000" ,"New Mexico",6,SAGDP11N,"Contributions to percent change in real GDP","Percentage points",23,"337","    Furniture and related product manufacturing",0.00,0.00,0.00,0.00,0.00,-0.01,0.00,0.00,0.01,0.01,0.00,-0.03,0.00,0.00,-0.01,0.00,0.00,0.00,0.00,(NA)
 "35000" ,"New Mexico",6,SAGDP11N,"Contributions to percent change in real GDP","Percentage points",24,"339","    Miscellaneous manufacturing",0.08,-0.09,-0.03,-0.02,-0.01,-0.01,0.04,-0.03,0.01,-0.01,0.02,-0.03,0.02,-0.02,0.00,0.00,0.02,0.00,0.01,(NA)
 "35000" ,"New Mexico",6,SAGDP11N,"Contributions to percent change in real GDP","Percentage points",25,"311-316,322-326","   Nondurable goods manufacturing",0.52,0.12,-0.26,0.14,0.03,-0.24,-0.40,-0.24,-0.17,0.15,0.10,-0.22,-0.10,-0.06,0.19,0.16,0.20,0.59,-0.05,-0.14
 "35000" ,"New Mexico",6,SAGDP11N,"Contributions to percent change in real GDP","Percentage points",26,"311-312","    Food and beverage and tobacco products manufacturing",-0.04,0.27,-0.15,-0.08,0.10,0.04,-0.01,0.07,-0.04,0.11,0.03,-0.12,-0.08,-0.06,0.05,-0.01,-0.08,0.14,0.02,(NA)
 "35000" ,"New Mexico",6,SAGDP11N,"Contributions to percent change in real GDP","Percentage points",27,"313-314","    Textile mills and textile product mills",-0.02,0.02,0.00,-0.01,0.00,-0.01,0.02,0.01,-0.02,0.00,-0.01,0.00,0.01,0.01,0.00,-0.02,0.00,0.00,0.00,(NA)
 "35000" ,"New Mexico",6,SAGDP11N,"Contributions to percent change in real GDP","Percentage points",28,"315-316","    Apparel, leather, and allied product manufacturing",-0.04,0.01,0.00,-0.01,-0.01,0.00,0.00,0.00,-0.01,0.00,0.00,0.00,0.00,0.00,0.00,0.00,0.00,0.00,0.00,(NA)
 "35000" ,"New Mexico",6,SAGDP11N,"Contributions to percent change in real GDP","Percentage points",29,"322","    Paper manufacturing",0.00,0.01,-0.01,-0.01,0.00,0.01,0.02,0.02,0.02,0.02,-0.02,-0.01,-0.01,-0.01,0.00,0.01,0.00,0.01,0.01,(NA)
 "35000" ,"New Mexico",6,SAGDP11N,"Contributions to percent change in real GDP","Percentage points",30,"323","    Printing and related support activities",0.01,0.08,-0.08,0.00,0.00,0.00,-0.01,0.00,0.00,0.00,0.00,0.00,-0.01,0.00,0.00,0.00,0.00,0.01,0.00,(NA)
 "35000" ,"New Mexico",6,SAGDP11N,"Contributions to percent change in real GDP","Percentage points",31,"324","    Petroleum and coal products manufacturing",0.36,-0.30,-0.05,0.20,0.08,-0.20,-0.40,-0.36,-0.12,-0.03,-0.02,0.06,-0.05,-0.03,0.09,0.11,0.37,0.39,-0.01,(NA)
 "35000" ,"New Mexico",6,SAGDP11N,"Contributions to percent change in real GDP","Percentage points",32,"325","    Chemical manufacturing",0.00,0.05,0.05,0.02,-0.04,-0.01,0.01,0.03,0.00,0.05,0.11,-0.15,0.03,0.02,0.04,0.08,-0.10,0.02,-0.07,(NA)
 "35000" ,"New Mexico",6,SAGDP11N,"Contributions to percent change in real GDP","Percentage points",33,"326","    Plastics and rubber products manufacturing",0.25,-0.01,-0.02,0.05,-0.11,-0.07,-0.02,-0.02,-0.01,0.01,-0.01,0.01,0.01,0.01,0.01,0.00,0.01,0.02,0.00,(NA)
 "35000" ,"New Mexico",6,SAGDP11N,"Contributions to percent change in real GDP","Percentage points",34,"42","  Wholesale trade",0.26,-0.14,0.03,0.12,0.06,0.11,0.11,0.07,0.14,0.03,0.00,-0.62,0.17,-0.10,0.07,0.03,0.09,0.03,-0.08,-0.03
 "35000" ,"New Mexico",6,SAGDP11N,"Contributions to percent change in real GDP","Percentage points",35,"44-45","  Retail trade",0.45,0.18,0.06,0.28,0.39,0.32,0.32,-0.08,0.24,-0.06,-0.14,-0.09,-0.09,-0.17,0.06,0.00,0.14,0.05,0.15,0.00
 "35000" ,"New Mexico",6,SAGDP11N,"Contributions to percent change in real GDP","Percentage points",36,"48-49","  Transportation and warehousing",0.31,-0.01,0.06,-0.26,0.06,0.13,0.22,0.11,0.12,-0.05,0.04,-0.34,0.06,0.16,-0.06,-0.04,0.12,-0.07,-0.20,0.04
 "35000" ,"New Mexico",6,SAGDP11N,"Contributions to percent change in real GDP","Percentage points",37,"481","   Air transportation",-0.01,-0.05,-0.09,-0.09,0.01,0.04,0.06,0.04,0.00,0.02,-0.01,-0.01,0.01,0.00,-0.03,-0.01,0.02,0.00,0.04,(NA)
 "35000" ,"New Mexico",6,SAGDP11N,"Contributions to percent change in real GDP","Percentage points",38,"482","   Rail transportation",0.07,0.02,0.10,-0.08,-0.04,0.08,0.06,0.05,0.07,-0.09,0.07,-0.10,0.02,0.10,-0.08,0.00,0.01,-0.02,-0.07,(NA)
 "35000" ,"New Mexico",6,SAGDP11N,"Contributions to percent change in real GDP","Percentage points",39,"483","   Water transportation",0.00,0.00,0.00,-0.01,0.00,0.00,0.00,0.00,0.00,0.00,0.00,0.00,0.00,0.00,0.00,0.02,0.00,0.00,-0.03,(NA)
 "35000" ,"New Mexico",6,SAGDP11N,"Contributions to percent change in real GDP","Percentage points",40,"484","   Truck transportation",0.06,0.03,0.09,-0.08,-0.01,0.03,0.00,0.04,0.07,0.05,-0.01,-0.10,0.02,0.08,0.05,-0.01,0.08,-0.05,-0.13,(NA)
 "35000" ,"New Mexico",6,SAGDP11N,"Contributions to percent change in real GDP","Percentage points",41,"485","   Transit and ground passenger transportation",0.00,0.01,0.01,0.00,0.01,-0.01,0.00,-0.01,0.00,-0.01,0.00,-0.01,0.00,-0.01,0.00,-0.01,0.01,0.00,-0.02,(NA)
 "35000" ,"New Mexico",6,SAGDP11N,"Contributions to percent change in real GDP","Percentage points",42,"486","   Pipeline transportation",0.16,0.01,-0.06,-0.02,0.04,-0.02,0.03,-0.01,-0.03,0.03,-0.03,-0.12,-0.01,-0.01,0.02,-0.02,0.02,0.00,0.00,(NA)
 "35000" ,"New Mexico",6,SAGDP11N,"Contributions to percent change in real GDP","Percentage points",43,"487-488, 492","   Other transportation and support activities",0.02,-0.04,0.01,0.02,0.04,0.01,0.06,0.01,0.00,-0.06,0.00,0.00,0.01,-0.01,-0.04,-0.01,-0.02,0.00,0.01,(NA)
 "35000" ,"New Mexico",6,SAGDP11N,"Contributions to percent change in real GDP","Percentage points",44,"493","   Warehousing and storage",0.02,0.01,0.00,0.00,0.00,0.00,0.01,0.01,0.01,0.00,0.00,0.00,0.00,0.01,0.02,0.00,0.00,0.01,0.00,(NA)
 "35000" ,"New Mexico",6,SAGDP11N,"Contributions to percent change in real GDP","Percentage points",45,"51","  Information",0.09,0.08,0.14,0.23,0.23,0.08,0.15,0.18,0.28,0.38,0.72,-0.11,0.10,-0.19,0.01,-0.13,-0.06,0.26,0.22,0.01
 "35000" ,"New Mexico",6,SAGDP11N,"Contributions to percent change in real GDP","Percentage points",46,"511","   Publishing industries (except Internet)",-0.07,0.07,0.01,-0.06,0.01,0.02,0.04,-0.08,-0.07,0.12,0.01,-0.08,-0.03,-0.01,-0.05,-0.06,-0.01,-0.03,0.02,(NA)
 "35000" ,"New Mexico",6,SAGDP11N,"Contributions to percent change in real GDP","Percentage points",47,"512","   Motion picture and sound recording industries",0.03,0.03,0.00,-0.01,0.18,-0.05,0.05,0.16,0.12,0.17,0.52,-0.13,0.17,-0.15,0.15,-0.17,-0.03,0.19,0.16,(NA)
 "35000" ,"New Mexico",6,SAGDP11N,"Contributions to percent change in real GDP","Percentage points",48,"515, 517","   Broadcasting (except Internet) and telecommunications",0.10,0.04,0.19,0.21,-0.09,0.09,0.04,0.12,0.21,0.22,0.16,0.11,-0.04,-0.05,-0.06,0.10,-0.06,0.11,0.01,(NA)
 "35000" ,"New Mexico",6,SAGDP11N,"Contributions to percent change in real GDP","Percentage points",49,"518, 519","   Data processing, hosting, and other information services",0.03,-0.06,-0.06,0.08,0.13,0.01,0.03,-0.03,0.03,-0.13,0.04,-0.01,0.00,0.01,-0.03,-0.01,0.05,-0.01,0.04,(NA)
 "35000" ,"New Mexico",6,SAGDP11N,"Contributions to percent change in real GDP","Percentage points",50,"52, 53","  Finance, insurance, real estate, rental, and leasing",0.21,0.57,0.30,0.59,1.12,-0.83,0.09,1.09,0.43,0.84,0.02,0.60,0.70,1.23,-0.08,-0.45,0.64,0.24,-0.28,-0.01
 "35000" ,"New Mexico",6,SAGDP11N,"Contributions to percent change in real GDP","Percentage points",51,"52","   Finance and insurance",0.19,0.13,0.03,-0.01,0.41,-0.13,0.07,0.21,0.07,-0.04,-0.16,0.25,-0.10,0.13,-0.02,-0.32,0.52,0.15,-0.15,-0.10
 "35000" ,"New Mexico",6,SAGDP11N,"Contributions to percent change in real GDP","Percentage points",52,"521-522","    Monetary Authorities- central bank, credit intermediation, and related services",0.04,0.11,-0.12,-0.08,0.39,-0.13,-0.03,0.07,0.03,-0.04,-0.05,0.04,-0.10,0.13,-0.01,-0.20,0.12,-0.02,-0.06,(NA)
 "35000" ,"New Mexico",6,SAGDP11N,"Contributions to percent change in real GDP","Percentage points",53,"523","    Securities, commodity contracts, and other financial investments and related activities",0.00,-0.01,0.03,0.08,-0.01,-0.04,-0.01,0.03,0.03,-0.04,-0.12,0.19,0.00,-0.04,0.09,0.03,-0.12,-0.01,0.06,(NA)
 "35000" ,"New Mexico",6,SAGDP11N,"Contributions to percent change in real GDP","Percentage points",54,"524","    Insurance carriers and related activities",0.14,0.02,0.13,-0.02,0.01,0.02,0.02,0.10,0.03,0.12,0.02,0.02,-0.02,0.03,-0.09,-0.17,0.45,0.13,0.06,(NA)
 "35000" ,"New Mexico",6,SAGDP11N,"Contributions to percent change in real GDP","Percentage points",55,"525","    Funds, trusts, and other financial vehicles",0.00,0.00,-0.01,0.01,0.01,0.01,0.09,0.01,-0.01,-0.07,0.00,-0.01,0.02,0.00,-0.02,0.03,0.07,0.05,-0.21,(NA)
 "35000" ,"New Mexico",6,SAGDP11N,"Contributions to percent change in real GDP","Percentage points",56,"53","   Real estate and rental and leasing",0.02,0.45,0.27,0.60,0.71,-0.69,0.02,0.88,0.36,0.88,0.18,0.36,0.80,1.10,-0.06,-0.14,0.13,0.10,-0.13,0.09
 "35000" ,"New Mexico",6,SAGDP11N,"Contributions to percent change in real GDP","Percentage points",57,"531","    Real estate",-0.07,0.42,0.26,0.46,0.70,-0.65,0.05,0.81,0.16,0.86,0.19,0.55,0.78,0.95,-0.23,-0.27,0.15,0.03,0.03,(NA)
 "35000" ,"New Mexico",6,SAGDP11N,"Contributions to percent change in real GDP","Percentage points",58,"532-533","    Rental and leasing services and lessors of nonfinancial intangible assets",0.09,0.03,0.01,0.14,0.01,-0.04,-0.03,0.07,0.20,0.02,-0.01,-0.19,0.02,0.15,0.17,0.13,-0.02,0.07,-0.15,(NA)
 "35000" ,"New Mexico",6,SAGDP11N,"Contributions to percent change in real GDP","Percentage points",59,"54, 55, 56","  Professional and business services",-0.05,0.08,0.45,0.62,0.51,0.37,0.14,0.28,0.96,0.80,0.46,-0.25,0.10,0.02,-0.19,-0.26,0.21,-0.03,0.13,0.30
 "35000" ,"New Mexico",6,SAGDP11N,"Contributions to percent change in real GDP","Percentage points",60,"54","   Professional, scientific, and technical services",-0.05,-0.04,0.21,0.25,0.45,0.27,0.14,0.04,0.88,0.67,0.32,-0.09,0.05,-0.07,-0.12,-0.21,0.24,0.03,0.16,0.22
 "35000" ,"New Mexico",6,SAGDP11N,"Contributions to percent change in real GDP","Percentage points",61,"5411","    Legal services",0.00,-0.01,0.03,0.01,-0.01,0.01,-0.02,-0.04,0.00,0.01,0.04,-0.02,-0.05,0.00,-0.02,-0.04,0.03,-0.03,0.00,(NA)
 "35000" ,"New Mexico",6,SAGDP11N,"Contributions to percent change in real GDP","Percentage points",62,"5415","    Computer systems design and related services",0.06,-0.04,0.06,-0.03,-0.04,0.09,0.01,0.06,0.04,0.11,0.04,0.04,0.05,0.03,0.05,0.00,0.02,0.01,0.02,(NA)
 "35000" ,"New Mexico",6,SAGDP11N,"Contributions to percent change in real GDP","Percentage points",63,"5412-5414, 5416-5419","    Miscellaneous professional, scientific, and technical services",-0.12,0.01,0.11,0.27,0.50,0.17,0.16,0.03,0.84,0.55,0.24,-0.10,0.05,-0.10,-0.15,-0.18,0.19,0.04,0.14,(NA)
 "35000" ,"New Mexico",6,SAGDP11N,"Contributions to percent change in real GDP","Percentage points",64,"55","   Management of companies and enterprises",0.03,-0.04,0.01,0.09,-0.01,-0.05,-0.06,0.07,-0.05,-0.05,-0.04,-0.01,0.01,0.01,0.02,0.00,0.02,0.00,0.01,-0.06
 "35000" ,"New Mexico",6,SAGDP11N,"Contributions to percent change in real GDP","Percentage points",65,"56","   Administrative and support and waste management and remediation services",-0.03,0.17,0.24,0.28,0.07,0.15,0.06,0.17,0.12,0.18,0.17,-0.14,0.04,0.08,-0.08,-0.05,-0.06,-0.06,-0.03,0.14
 "35000" ,"New Mexico",6,SAGDP11N,"Contributions to percent change in real GDP","Percentage points",66,"561","    Administrative and support services",-0.04,0.15,0.22,0.26,0.05,0.14,0.08,0.16,0.13,0.14,0.13,-0.18,-0.01,0.13,-0.05,-0.04,-0.06,-0.10,-0.04,(NA)
 "35000" ,"New Mexico",6,SAGDP11N,"Contributions to percent change in real GDP","Percentage points",67,"562","    Waste management and remediation services",0.01,0.02,0.02,0.01,0.01,0.01,-0.02,0.01,0.00,0.03,0.04,0.03,0.05,-0.05,-0.03,0.00,0.01,0.05,0.01,(NA)
 "35000" ,"New Mexico",6,SAGDP11N,"Contributions to percent change in real GDP","Percentage points",68,"61, 62","  Educational services, health care, and social assistance",0.22,0.07,0.27,0.11,0.49,0.45,0.43,0.20,0.26,0.07,0.49,0.29,0.07,0.12,0.13,-0.09,0.06,0.26,0.33,-0.03
 "35000" ,"New Mexico",6,SAGDP11N,"Contributions to percent change in real GDP","Percentage points",69,"61","   Educational services",-0.01,0.04,0.00,0.02,-0.02,0.04,0.07,-0.01,-0.01,0.00,0.04,0.03,0.02,-0.02,-0.01,-0.04,-0.01,-0.02,0.01,-0.02
 "35000" ,"New Mexico",6,SAGDP11N,"Contributions to percent change in real GDP","Percentage points",70,"62","   Health care and social assistance",0.22,0.03,0.27,0.09,0.51,0.41,0.35,0.20,0.27,0.06,0.45,0.26,0.05,0.14,0.14,-0.05,0.07,0.28,0.31,0.00
 "35000" ,"New Mexico",6,SAGDP11N,"Contributions to percent change in real GDP","Percentage points",71,"621","    Ambulatory health care services",0.02,0.07,0.22,0.14,0.29,0.22,0.46,0.12,0.14,-0.04,0.14,0.16,0.04,0.15,0.08,-0.01,0.04,0.15,0.23,(NA)
 "35000" ,"New Mexico",6,SAGDP11N,"Contributions to percent change in real GDP","Percentage points",72,"622","    Hospitals",0.19,-0.04,0.00,0.03,0.13,0.10,-0.11,0.07,0.10,0.08,0.22,0.07,-0.01,0.01,0.03,-0.04,0.02,0.08,0.08,(NA)
 "35000" ,"New Mexico",6,SAGDP11N,"Contributions to percent change in real GDP","Percentage points",73,"623","    Nursing and residential care facilities",0.01,-0.03,0.00,0.00,0.03,0.00,0.00,0.00,0.00,-0.03,0.02,0.00,0.01,0.03,0.01,0.01,0.00,0.01,0.01,(NA)
 "35000" ,"New Mexico",6,SAGDP11N,"Contributions to percent change in real GDP","Percentage points",74,"624","    Social assistance",0.00,0.04,0.03,-0.09,0.05,0.08,0.00,0.02,0.03,0.05,0.06,0.01,0.00,-0.05,0.02,-0.01,0.02,0.04,0.00,(NA)
 "35000" ,"New Mexico",6,SAGDP11N,"Contributions to percent change in real GDP","Percentage points",75,"71, 72","  Arts, entertainment, recreation, accommodation, and food services",-0.05,0.11,0.31,-0.12,0.19,0.18,0.08,-0.01,0.07,0.03,-0.06,-0.01,-0.01,-0.10,-0.02,0.07,0.17,-0.07,-0.01,-0.10
 "35000" ,"New Mexico",6,SAGDP11N,"Contributions to percent change in real GDP","Percentage points",76,"71","   Arts, entertainment, and recreation",0.05,0.00,0.08,-0.08,0.04,0.12,0.02,0.04,-0.03,0.08,-0.03,0.05,0.01,-0.02,0.01,-0.01,0.01,-0.07,0.00,-0.02
 "35000" ,"New Mexico",6,SAGDP11N,"Contributions to percent change in real GDP","Percentage points",77,"711-712","    Performing arts, spectator sports, museums, and related activities",0.06,-0.02,0.05,0.01,0.04,0.06,-0.01,-0.01,-0.02,-0.01,-0.02,-0.02,-0.01,-0.03,0.03,-0.05,0.06,-0.03,0.03,(NA)
 "35000" ,"New Mexico",6,SAGDP11N,"Contributions to percent change in real GDP","Percentage points",78,"713","    Amusement, gambling, and recreation industries",-0.01,0.02,0.03,-0.09,0.00,0.06,0.03,0.05,0.00,0.09,-0.01,0.07,0.02,0.01,-0.02,0.04,-0.05,-0.04,-0.03,(NA)
 "35000" ,"New Mexico",6,SAGDP11N,"Contributions to percent change in real GDP","Percentage points",79,"72","   Accommodation and food services",-0.10,0.11,0.22,-0.04,0.15,0.06,0.06,-0.04,0.10,-0.05,-0.03,-0.05,-0.02,-0.08,-0.03,0.08,0.16,0.00,-0.01,-0.07
 "35000" ,"New Mexico",6,SAGDP11N,"Contributions to percent change in real GDP","Percentage points",80,"721","    Accommodation",-0.02,0.04,0.03,-0.03,0.05,0.00,0.06,-0.02,0.00,0.01,-0.01,-0.03,0.00,0.00,-0.01,0.08,0.05,-0.01,-0.03,(NA)
 "35000" ,"New Mexico",6,SAGDP11N,"Contributions to percent change in real GDP","Percentage points",81,"722","    Food services and drinking places",-0.09,0.08,0.19,-0.01,0.10,0.06,0.00,-0.02,0.10,-0.06,-0.03,-0.02,-0.03,-0.08,-0.02,0.00,0.11,0.00,0.02,(NA)
 "35000" ,"New Mexico",6,SAGDP11N,"Contributions to percent change in real GDP","Percentage points",82,"81","  Other services (except government and government enterprises)",-0.04,-0.02,-0.01,-0.27,0.10,-0.08,0.06,-0.04,0.13,-0.01,-0.04,-0.16,-0.13,-0.08,0.05,-0.10,0.08,-0.08,-0.06,-0.02
 "35000" ,"New Mexico",6,SAGDP11N,"Contributions to percent change in real GDP","Percentage points",83,"..."," Government and government enterprises",0.23,-0.11,0.28,0.46,0.88,0.34,0.54,0.05,-0.39,-0.42,0.26,0.11,0.03,0.00,0.09,-0.35,-0.39,-0.41,0.06,-0.14
 "35000" ,"New Mexico",6,SAGDP11N,"Contributions to percent change in real GDP","Percentage points",84,"...","  Federal civilian",0.05,-0.21,0.07,0.13,-0.04,-0.12,0.08,-0.03,0.04,0.04,0.11,0.10,0.18,0.09,-0.08,-0.16,0.00,-0.03,0.07,(NA)
 "35000" ,"New Mexico",6,SAGDP11N,"Contributions to percent change in real GDP","Percentage points",85,"...","  Military",-0.17,-0.17,-0.07,0.01,0.18,0.11,0.10,0.04,0.00,-0.02,-0.06,0.07,0.23,0.12,0.12,-0.03,-0.10,-0.16,-0.03,(NA)
 "35000" ,"New Mexico",6,SAGDP11N,"Contributions to percent change in real GDP","Percentage points",86,"...","  State and local",0.35,0.27,0.28,0.32,0.74,0.35,0.35,0.05,-0.43,-0.44,0.21,-0.06,-0.39,-0.21,0.05,-0.16,-0.29,-0.22,0.02,(NA)
 "35000" ,"New Mexico",6,SAGDP11N,"Contributions to percent change in real GDP","Percentage points",87,"11, 21","Natural resources and mining",0.23,-0.08,-0.47,1.41,0.09,-0.89,0.15,0.39,0.50,0.23,-0.85,1.48,-0.75,0.20,0.64,0.67,1.79,1.29,-0.30,0.24
 "35000" ,"New Mexico",6,SAGDP11N,"Contributions to percent change in real GDP","Percentage points",88,"42, 44-45","Trade",0.70,0.04,0.09,0.40,0.45,0.44,0.43,-0.01,0.38,-0.03,-0.14,-0.71,0.08,-0.26,0.12,0.03,0.23,0.08,0.07,-0.03
 "35000" ,"New Mexico",6,SAGDP11N,"Contributions to percent change in real GDP","Percentage points",89,"...","Transportation and utilities",0.21,0.26,0.04,-0.52,-0.06,0.09,0.31,0.06,0.27,-0.05,0.14,-0.41,0.26,0.27,0.00,-0.06,0.05,-0.12,-0.09,0.10
 "35000" ,"New Mexico",6,SAGDP11N,"Contributions to percent change in real GDP","Percentage points",90,"...","Private goods-producing industries 2/",-2.05,4.32,-0.10,-1.36,-0.83,2.80,5.18,-0.61,0.07,-0.87,-2.46,2.60,-1.94,-0.81,0.38,0.09,2.07,1.73,-0.35,0.04
 "35000" ,"New Mexico",6,SAGDP11N,"Contributions to percent change in real GDP","Percentage points",91,"...","Private services-providing industries 3/",1.29,1.20,1.58,1.03,3.03,0.71,1.69,1.75,2.79,2.02,1.59,-0.74,1.16,0.99,0.03,-1.00,1.38,0.54,0.32,0.23
"Note: See the included footnote file."
"SAGDP11N: Contributions to percent change in real GDP 1/"
"Last updated: November 14, 2018; revised statistics for 1997-2017."
"Source: U.S. Department of Commerce / Bureau of Economic Analysis / Regional Economic Accounts"
