GeoFIPS,GeoName,Region,TableName,ComponentName,Unit,IndustryId,IndustryClassification,Description,1997,1998,1999,2000,2001,2002,2003,2004,2005,2006,2007,2008,2009,2010,2011,2012,2013,2014,2015,2016,2017
 "15000" ,"Hawaii",8,SAGDP3N,"Taxes on production and imports less subsidies","Thousands of dollars",1,"...","All industry total",3054518,3104943,3105117,3359771,3199684,3438986,3655279,4154588,4539835,5012403,5293778,5304298,5041647,5318268,5692219,6205145,6415076,6788916,7201362,7331324,(NA)
 "15000" ,"Hawaii",8,SAGDP3N,"Taxes on production and imports less subsidies","Thousands of dollars",2,"..."," Private industries",3149921,3182447,3175542,3427671,3267641,3516304,3727574,4221733,4612086,5086298,5373464,5383775,5138106,5404980,5788393,6295655,6506257,6891885,7305167,7442286,(NA)
 "15000" ,"Hawaii",8,SAGDP3N,"Taxes on production and imports less subsidies","Thousands of dollars",3,"11","  Agriculture, forestry, fishing, and hunting",-14303,-31642,-72453,-72643,-71311,-41228,-47707,-27145,-67190,-44323,-23148,-22150,-29495,-26736,-16990,-15317,-9621,-6248,-13111,-21575,(NA)
 "15000" ,"Hawaii",8,SAGDP3N,"Taxes on production and imports less subsidies","Thousands of dollars",4,"111-112","   Farms",-15183,-32522,-73341,-73604,-72109,-42052,-48566,-28013,-68158,-45450,-24328,-23568,-30811,-28099,-18533,-16913,-11285,-7931,-14861,-23390,(NA)
 "15000" ,"Hawaii",8,SAGDP3N,"Taxes on production and imports less subsidies","Thousands of dollars",5,"113-115","   Forestry, fishing, and related activities",880,880,888,961,798,823,859,868,967,1127,1181,1417,1316,1362,1543,1596,1664,1683,1750,1815,(NA)
 "15000" ,"Hawaii",8,SAGDP3N,"Taxes on production and imports less subsidies","Thousands of dollars",6,"21","  Mining, quarrying, and oil and gas extraction",1436,1386,1348,1539,1151,1122,1407,1619,1834,2057,2382,2831,3059,2944,3053,3252,3371,3607,4023,3609,(NA)
 "15000" ,"Hawaii",8,SAGDP3N,"Taxes on production and imports less subsidies","Thousands of dollars",7,"211","   Oil and gas extraction",0,0,0,0,0,0,0,0,0,0,0,79,76,114,146,167,220,212,183,161,(NA)
 "15000" ,"Hawaii",8,SAGDP3N,"Taxes on production and imports less subsidies","Thousands of dollars",8,"212","   Mining (except oil and gas)",1436,1386,1348,1539,1151,1122,1314,1538,1750,1975,2297,2634,2893,2753,2818,2975,3022,3293,3737,3347,(NA)
 "15000" ,"Hawaii",8,SAGDP3N,"Taxes on production and imports less subsidies","Thousands of dollars",9,"213","   Support activities for mining",0,0,0,0,0,0,93,81,84,82,84,118,90,76,89,110,130,103,103,101,(NA)
 "15000" ,"Hawaii",8,SAGDP3N,"Taxes on production and imports less subsidies","Thousands of dollars",10,"22","  Utilities",144305,144840,146318,144564,141282,143120,147712,160366,180801,214546,234489,232340,269212,301414,264625,309031,314725,346785,349507,351077,(NA)
 "15000" ,"Hawaii",8,SAGDP3N,"Taxes on production and imports less subsidies","Thousands of dollars",11,"23","  Construction",29570,30441,30898,36863,34798,39422,43878,50987,59909,66272,75432,74528,63788,58035,59252,69677,71130,72450,85163,91872,(NA)
 "15000" ,"Hawaii",8,SAGDP3N,"Taxes on production and imports less subsidies","Thousands of dollars",12,"31-33","  Manufacturing",23192,22585,23871,26538,22703,22721,23749,26150,26300,29987,35107,36637,40111,40406,41554,41255,47994,50387,55553,57602,(NA)
 "15000" ,"Hawaii",8,SAGDP3N,"Taxes on production and imports less subsidies","Thousands of dollars",13,"321,327-339","   Durable goods manufacturing",7383,7426,7548,8855,6629,6490,6739,7148,8054,8876,9872,10580,10626,9929,10352,9792,11009,10890,11655,10354,(NA)
 "15000" ,"Hawaii",8,SAGDP3N,"Taxes on production and imports less subsidies","Thousands of dollars",14,"321","    Wood product manufacturing",300,301,325,364,265,222,246,253,295,355,408,421,447,375,318,305,313,284,314,311,(NA)
 "15000" ,"Hawaii",8,SAGDP3N,"Taxes on production and imports less subsidies","Thousands of dollars",15,"327","    Nonmetallic mineral product manufacturing",1102,1108,1114,1230,1112,1185,1263,1423,1550,1802,2244,2485,2370,2144,2040,1922,2181,2312,2562,2533,(NA)
 "15000" ,"Hawaii",8,SAGDP3N,"Taxes on production and imports less subsidies","Thousands of dollars",16,"331","    Primary metal manufacturing",35,48,30,25,2,21,11,51,195,308,456,183,25,21,62,94,133,111,106,106,(NA)
 "15000" ,"Hawaii",8,SAGDP3N,"Taxes on production and imports less subsidies","Thousands of dollars",17,"332","    Fabricated metal product manufacturing",749,744,707,837,523,546,588,628,675,719,810,872,876,849,883,1055,1067,970,1025,1055,(NA)
 "15000" ,"Hawaii",8,SAGDP3N,"Taxes on production and imports less subsidies","Thousands of dollars",18,"333","    Machinery manufacturing",870,888,906,1070,480,450,424,408,385,382,346,369,379,391,414,524,451,398,384,404,(NA)
 "15000" ,"Hawaii",8,SAGDP3N,"Taxes on production and imports less subsidies","Thousands of dollars",19,"334","    Computer and electronic product manufacturing",1550,1592,1657,2054,2144,1952,1908,2034,2322,2530,2460,2858,2930,2741,2845,2872,3178,2778,3052,2594,(NA)
 "15000" ,"Hawaii",8,SAGDP3N,"Taxes on production and imports less subsidies","Thousands of dollars",20,"335","    Electrical equipment, appliance, and component manufacturing",184,179,178,211,103,95,89,84,81,96,78,78,70,37,4,46,64,57,58,60,(NA)
 "15000" ,"Hawaii",8,SAGDP3N,"Taxes on production and imports less subsidies","Thousands of dollars",21,"3361-3363","    Motor vehicles, bodies and trailers, and parts manufacturing",791,786,791,933,270,278,361,317,609,526,484,305,288,269,341,119,116,72,69,64,(NA)
 "15000" ,"Hawaii",8,SAGDP3N,"Taxes on production and imports less subsidies","Thousands of dollars",22,"3364-3369","    Other transportation equipment manufacturing",854,815,830,1000,726,726,735,746,695,740,1071,1341,1685,1551,1755,1268,1233,1231,1461,1749,(NA)
 "15000" ,"Hawaii",8,SAGDP3N,"Taxes on production and imports less subsidies","Thousands of dollars",23,"337","    Furniture and related product manufacturing",220,226,229,279,230,243,274,320,292,332,389,409,421,371,367,376,357,332,350,354,(NA)
 "15000" ,"Hawaii",8,SAGDP3N,"Taxes on production and imports less subsidies","Thousands of dollars",24,"339","    Miscellaneous manufacturing",727,739,779,850,774,773,841,886,954,1087,1128,1261,1134,1179,1322,1212,1917,2344,2273,1124,(NA)
 "15000" ,"Hawaii",8,SAGDP3N,"Taxes on production and imports less subsidies","Thousands of dollars",25,"311-316,322-326","   Nondurable goods manufacturing",15809,15159,16323,17683,16073,16231,17011,19002,18246,21111,25235,26057,29485,30477,31203,31463,36985,39497,43899,47248,(NA)
 "15000" ,"Hawaii",8,SAGDP3N,"Taxes on production and imports less subsidies","Thousands of dollars",26,"311-312","    Food and beverage and tobacco products manufacturing",8384,8290,8956,9325,9003,9040,9916,11266,9751,11333,13416,12232,15250,17219,16972,17979,20375,23062,26205,29043,(NA)
 "15000" ,"Hawaii",8,SAGDP3N,"Taxes on production and imports less subsidies","Thousands of dollars",27,"313-314","    Textile mills and textile product mills",331,304,290,312,174,165,196,197,239,258,329,363,390,339,309,317,299,298,307,352,(NA)
 "15000" ,"Hawaii",8,SAGDP3N,"Taxes on production and imports less subsidies","Thousands of dollars",28,"315-316","    Apparel, leather, and allied product manufacturing",412,439,451,559,467,411,415,426,366,365,424,396,391,356,422,441,454,435,488,421,(NA)
 "15000" ,"Hawaii",8,SAGDP3N,"Taxes on production and imports less subsidies","Thousands of dollars",29,"322","    Paper manufacturing",768,759,764,844,469,450,470,482,474,521,559,555,348,320,316,267,252,292,372,399,(NA)
 "15000" ,"Hawaii",8,SAGDP3N,"Taxes on production and imports less subsidies","Thousands of dollars",30,"323","    Printing and related support activities",881,864,873,970,675,670,696,747,749,784,909,941,930,850,831,817,779,746,769,760,(NA)
 "15000" ,"Hawaii",8,SAGDP3N,"Taxes on production and imports less subsidies","Thousands of dollars",31,"324","    Petroleum and coal products manufacturing",2947,2446,2849,3249,3297,3611,3821,4306,4996,5968,7354,9278,9723,8989,9478,8601,11366,10953,12623,12826,(NA)
 "15000" ,"Hawaii",8,SAGDP3N,"Taxes on production and imports less subsidies","Thousands of dollars",32,"325","    Chemical manufacturing",1619,1598,1678,1877,1667,1583,1196,1245,1268,1454,1808,1826,1975,1939,2407,2508,2932,3166,2537,2832,(NA)
 "15000" ,"Hawaii",8,SAGDP3N,"Taxes on production and imports less subsidies","Thousands of dollars",33,"326","    Plastics and rubber products manufacturing",468,460,461,547,320,302,300,334,404,428,437,466,478,464,467,532,528,545,599,616,(NA)
 "15000" ,"Hawaii",8,SAGDP3N,"Taxes on production and imports less subsidies","Thousands of dollars",34,"42","  Wholesale trade",415437,410455,418818,439225,443846,466002,495209,538412,557495,534724,537072,549221,509267,533849,596361,613300,622061,624452,672535,663180,(NA)
 "15000" ,"Hawaii",8,SAGDP3N,"Taxes on production and imports less subsidies","Thousands of dollars",35,"44-45","  Retail trade",791363,774621,792870,864348,929089,907999,994808,1144582,1258279,1356507,1445727,1420737,1253079,1355054,1556043,1755284,1709335,1776407,1872149,1843949,(NA)
 "15000" ,"Hawaii",8,SAGDP3N,"Taxes on production and imports less subsidies","Thousands of dollars",36,"48-49","  Transportation and warehousing",304357,363801,394596,432776,274980,464973,438501,563425,614314,604702,582596,557766,547489,519705,501029,521963,607938,631228,665670,740240,(NA)
 "15000" ,"Hawaii",8,SAGDP3N,"Taxes on production and imports less subsidies","Thousands of dollars",37,"481","   Air transportation",246928,296869,322888,360137,212478,401051,370656,495807,532320,513075,525284,495400,487953,452907,438426,456432,532988,550604,580506,660057,(NA)
 "15000" ,"Hawaii",8,SAGDP3N,"Taxes on production and imports less subsidies","Thousands of dollars",38,"482","   Rail transportation",0,0,0,0,0,0,0,0,0,0,0,0,0,0,0,0,0,0,0,0,(NA)
 "15000" ,"Hawaii",8,SAGDP3N,"Taxes on production and imports less subsidies","Thousands of dollars",39,"483","   Water transportation",7081,8163,8886,7961,4049,443,1781,-3590,286,1302,4195,10524,1142,4632,6854,-1276,9445,10493,12366,10445,(NA)
 "15000" ,"Hawaii",8,SAGDP3N,"Taxes on production and imports less subsidies","Thousands of dollars",40,"484","   Truck transportation",26495,27188,27080,27068,25215,26386,27341,28335,33153,39153,41802,40094,45648,49738,43451,53959,52273,57338,58927,55382,(NA)
 "15000" ,"Hawaii",8,SAGDP3N,"Taxes on production and imports less subsidies","Thousands of dollars",41,"485","   Transit and ground passenger transportation",1720,1726,1735,1912,1784,1700,1813,1864,1956,2282,2742,2774,3463,3643,3615,4137,4484,3945,4002,3953,(NA)
 "15000" ,"Hawaii",8,SAGDP3N,"Taxes on production and imports less subsidies","Thousands of dollars",42,"486","   Pipeline transportation",1,1,1,1,4,2,2,5,235,237,73,2,1,2,0,0,0,0,0,3,(NA)
 "15000" ,"Hawaii",8,SAGDP3N,"Taxes on production and imports less subsidies","Thousands of dollars",43,"487-488, 492","   Other transportation and support activities",21813,29527,33755,35436,31225,35160,36637,40711,46063,48321,8101,8524,8809,8319,8285,8329,8373,8456,9460,9995,(NA)
 "15000" ,"Hawaii",8,SAGDP3N,"Taxes on production and imports less subsidies","Thousands of dollars",44,"493","   Warehousing and storage",319,327,251,261,227,231,270,294,301,333,400,447,472,464,398,383,376,392,410,405,(NA)
 "15000" ,"Hawaii",8,SAGDP3N,"Taxes on production and imports less subsidies","Thousands of dollars",45,"51","  Information",75735,74578,73629,72957,72873,75712,74787,80277,85338,90005,81725,76414,85497,99418,76658,89794,90378,101336,102808,102215,(NA)
 "15000" ,"Hawaii",8,SAGDP3N,"Taxes on production and imports less subsidies","Thousands of dollars",46,"511","   Publishing industries (except Internet)",967,1025,1056,1176,2039,2027,2171,2312,2293,2554,2879,2912,3155,2612,2061,1828,1774,1827,1849,1836,(NA)
 "15000" ,"Hawaii",8,SAGDP3N,"Taxes on production and imports less subsidies","Thousands of dollars",47,"512","   Motion picture and sound recording industries",1008,941,1024,1455,2601,4110,3517,5550,5210,5196,6804,5771,6394,13418,7166,6814,7381,6180,7800,7760,(NA)
 "15000" ,"Hawaii",8,SAGDP3N,"Taxes on production and imports less subsidies","Thousands of dollars",48,"515, 517","   Broadcasting (except Internet) and telecommunications",73538,72373,71286,70009,67773,68914,68372,71688,77107,81370,70957,66709,74994,82330,66419,80112,80131,92124,91896,91443,(NA)
 "15000" ,"Hawaii",8,SAGDP3N,"Taxes on production and imports less subsidies","Thousands of dollars",49,"518, 519","   Data processing, hosting, and other information services",222,239,263,318,460,661,727,727,727,885,1085,1022,954,1058,1011,1039,1092,1204,1264,1176,(NA)
 "15000" ,"Hawaii",8,SAGDP3N,"Taxes on production and imports less subsidies","Thousands of dollars",50,"52, 53","  Finance, insurance, real estate, rental, and leasing",694572,686289,642732,688322,679289,697103,737020,782907,867239,1047436,1166957,1250139,1280588,1301200,1362400,1405616,1473408,1539778,1637729,1707108,(NA)
 "15000" ,"Hawaii",8,SAGDP3N,"Taxes on production and imports less subsidies","Thousands of dollars",51,"52","   Finance and insurance",111234,127409,89203,109032,99596,105730,114284,126461,133821,144099,155539,158971,160978,165858,207929,226733,260666,248171,274625,289811,(NA)
 "15000" ,"Hawaii",8,SAGDP3N,"Taxes on production and imports less subsidies","Thousands of dollars",52,"521-522","    Monetary Authorities- central bank, credit intermediation, and related services",14907,16810,17381,19092,20702,24200,26251,30751,34790,39923,43144,47142,47320,46505,49953,63251,61703,60230,65660,67489,(NA)
 "15000" ,"Hawaii",8,SAGDP3N,"Taxes on production and imports less subsidies","Thousands of dollars",53,"523","    Securities, commodity contracts, and other financial investments and related activities",9944,10445,9891,11665,3857,3802,3445,4469,4516,4185,6010,5079,5330,4343,5022,5222,5234,4836,6236,6423,(NA)
 "15000" ,"Hawaii",8,SAGDP3N,"Taxes on production and imports less subsidies","Thousands of dollars",54,"524","    Insurance carriers and related activities",86017,99468,61147,77494,74831,77570,84433,91116,94379,99838,106135,106508,108107,114734,152591,157671,193130,181834,201969,214790,(NA)
 "15000" ,"Hawaii",8,SAGDP3N,"Taxes on production and imports less subsidies","Thousands of dollars",55,"525","    Funds, trusts, and other financial vehicles",366,686,783,782,205,157,155,125,136,154,250,243,220,276,363,589,599,1272,760,1109,(NA)
 "15000" ,"Hawaii",8,SAGDP3N,"Taxes on production and imports less subsidies","Thousands of dollars",56,"53","   Real estate and rental and leasing",583338,558879,553529,579290,579692,591373,622737,656446,733419,903337,1011418,1091168,1119611,1135342,1154472,1178883,1212742,1291607,1363104,1417297,(NA)
 "15000" ,"Hawaii",8,SAGDP3N,"Taxes on production and imports less subsidies","Thousands of dollars",57,"531","    Real estate",343508,320110,316022,329847,332151,350975,362485,378514,410384,555541,637687,687053,741247,751617,726608,707079,739213,818802,860653,886237,(NA)
 "15000" ,"Hawaii",8,SAGDP3N,"Taxes on production and imports less subsidies","Thousands of dollars",58,"532-533","    Rental and leasing services and lessors of nonfinancial intangible assets",239830,238770,237507,249443,247541,240398,260251,277933,323035,347796,373730,404115,378364,383726,427863,471804,473530,472805,502452,531059,(NA)
 "15000" ,"Hawaii",8,SAGDP3N,"Taxes on production and imports less subsidies","Thousands of dollars",59,"54, 55, 56","  Professional and business services",90956,96520,100811,106833,102085,112976,137222,163363,175100,229713,227300,217946,191122,218034,245135,258899,271680,301712,316261,323072,(NA)
 "15000" ,"Hawaii",8,SAGDP3N,"Taxes on production and imports less subsidies","Thousands of dollars",60,"54","   Professional, scientific, and technical services",46152,50580,51416,56391,53843,60946,80230,98186,108912,153360,142105,129173,105654,128649,145003,147770,158549,184551,190133,195894,(NA)
 "15000" ,"Hawaii",8,SAGDP3N,"Taxes on production and imports less subsidies","Thousands of dollars",61,"5411","    Legal services",9418,11133,11169,12923,14360,17940,32824,45167,47065,82178,65000,48536,25029,45763,55926,50088,60709,84935,85500,96048,(NA)
 "15000" ,"Hawaii",8,SAGDP3N,"Taxes on production and imports less subsidies","Thousands of dollars",62,"5415","    Computer systems design and related services",8818,10671,11463,14158,14042,15920,17857,19189,23956,28995,29452,31566,31263,32035,34570,39125,40165,39611,41755,38606,(NA)
 "15000" ,"Hawaii",8,SAGDP3N,"Taxes on production and imports less subsidies","Thousands of dollars",63,"5412-5414, 5416-5419","    Miscellaneous professional, scientific, and technical services",27916,28776,28783,29310,25441,27086,29549,33830,37891,42188,47653,49071,49362,50851,54507,58557,57674,60006,62878,61241,(NA)
 "15000" ,"Hawaii",8,SAGDP3N,"Taxes on production and imports less subsidies","Thousands of dollars",64,"55","   Management of companies and enterprises",6626,6910,6713,6625,6376,7277,7468,9364,8130,8703,9701,10517,11079,10386,9889,10093,10754,10705,11225,11749,(NA)
 "15000" ,"Hawaii",8,SAGDP3N,"Taxes on production and imports less subsidies","Thousands of dollars",65,"56","   Administrative and support and waste management and remediation services",38178,39031,42682,43817,41867,44752,49524,55814,58058,67650,75494,78256,74389,78999,90243,101036,102378,106456,114903,115430,(NA)
 "15000" ,"Hawaii",8,SAGDP3N,"Taxes on production and imports less subsidies","Thousands of dollars",66,"561","    Administrative and support services",31575,32540,35918,35907,34002,37009,41690,47285,48880,56770,62833,65644,61327,65400,74715,83111,84360,88765,96767,96270,(NA)
 "15000" ,"Hawaii",8,SAGDP3N,"Taxes on production and imports less subsidies","Thousands of dollars",67,"562","    Waste management and remediation services",6603,6491,6764,7910,7864,7744,7834,8529,9178,10880,12661,12612,13062,13599,15528,17925,18018,17691,18136,19160,(NA)
 "15000" ,"Hawaii",8,SAGDP3N,"Taxes on production and imports less subsidies","Thousands of dollars",68,"61, 62","  Educational services, health care, and social assistance",99884,105785,106763,112997,91585,90875,99007,111250,125287,140129,154181,164991,171021,175327,171362,187366,187494,199689,220356,218801,(NA)
 "15000" ,"Hawaii",8,SAGDP3N,"Taxes on production and imports less subsidies","Thousands of dollars",69,"61","   Educational services",20815,21610,21723,23573,17457,17444,19290,21546,24167,27626,31071,35380,37203,38239,39298,41194,39298,38890,40488,39293,(NA)
 "15000" ,"Hawaii",8,SAGDP3N,"Taxes on production and imports less subsidies","Thousands of dollars",70,"62","   Health care and social assistance",79069,84175,85041,89424,74128,73431,79718,89704,101120,112503,123111,129611,133818,137088,132064,146172,148196,160799,179868,179508,(NA)
 "15000" ,"Hawaii",8,SAGDP3N,"Taxes on production and imports less subsidies","Thousands of dollars",71,"621","    Ambulatory health care services",36256,37238,36787,39254,33530,33627,36889,39256,43808,47485,51176,52998,53022,55026,60231,65575,64578,69682,76446,75199,(NA)
 "15000" ,"Hawaii",8,SAGDP3N,"Taxes on production and imports less subsidies","Thousands of dollars",72,"622","    Hospitals",17818,18664,18829,19585,14638,13720,14301,18349,20000,23059,26180,27766,31181,29771,16695,22295,22881,26552,33773,36621,(NA)
 "15000" ,"Hawaii",8,SAGDP3N,"Taxes on production and imports less subsidies","Thousands of dollars",73,"623","    Nursing and residential care facilities",4134,4465,4578,4827,3469,3772,4141,4648,5700,6753,7842,8889,9312,9909,10191,10922,11342,12174,13283,13448,(NA)
 "15000" ,"Hawaii",8,SAGDP3N,"Taxes on production and imports less subsidies","Thousands of dollars",74,"624","    Social assistance",20860,23808,24848,25759,22491,22312,24385,27451,31611,35206,37912,39958,40303,42381,44948,47380,49395,52391,56366,54240,(NA)
 "15000" ,"Hawaii",8,SAGDP3N,"Taxes on production and imports less subsidies","Thousands of dollars",75,"71, 72","  Arts, entertainment, recreation, accommodation, and food services",455512,463173,475096,532621,506340,496298,540151,579485,674815,754672,787940,754775,687808,757467,853730,979012,1038763,1172126,1252792,1276229,(NA)
 "15000" ,"Hawaii",8,SAGDP3N,"Taxes on production and imports less subsidies","Thousands of dollars",76,"71","   Arts, entertainment, and recreation",34845,36539,36579,41454,41482,42526,44591,49175,54148,57618,62283,68203,64015,64649,67019,76600,77361,80954,77791,77199,(NA)
 "15000" ,"Hawaii",8,SAGDP3N,"Taxes on production and imports less subsidies","Thousands of dollars",77,"711-712","    Performing arts, spectator sports, museums, and related activities",4240,4560,4838,5573,5779,5635,6042,6734,7576,9040,9661,11187,10697,10291,12029,12632,13753,15326,17128,14966,(NA)
 "15000" ,"Hawaii",8,SAGDP3N,"Taxes on production and imports less subsidies","Thousands of dollars",78,"713","    Amusement, gambling, and recreation industries",30604,31980,31741,35881,35703,36891,38549,42441,46572,48577,52623,57017,53318,54358,54990,63968,63607,65628,60664,62233,(NA)
 "15000" ,"Hawaii",8,SAGDP3N,"Taxes on production and imports less subsidies","Thousands of dollars",79,"72","   Accommodation and food services",420667,426634,438516,491167,464858,453772,495560,530310,620667,697054,725657,686571,623793,692818,786710,902412,961402,1091172,1175000,1199030,(NA)
 "15000" ,"Hawaii",8,SAGDP3N,"Taxes on production and imports less subsidies","Thousands of dollars",80,"721","    Accommodation",366381,370896,378701,421957,396619,384859,421013,449492,528147,596216,619763,583182,525644,590201,681128,786051,838930,951288,1024163,1043277,(NA)
 "15000" ,"Hawaii",8,SAGDP3N,"Taxes on production and imports less subsidies","Thousands of dollars",81,"722","    Food services and drinking places",54286,55738,59815,69209,68240,68912,74547,80818,92520,100838,105894,103389,98150,102617,105582,116361,122472,139884,150837,155753,(NA)
 "15000" ,"Hawaii",8,SAGDP3N,"Taxes on production and imports less subsidies","Thousands of dollars",82,"81","  Other services (except government and government enterprises)",37906,39617,40245,40730,38930,39210,41827,46053,52565,59870,65705,67601,65559,68863,74180,76522,77600,78175,83731,84907,(NA)
 "15000" ,"Hawaii",8,SAGDP3N,"Taxes on production and imports less subsidies","Thousands of dollars",83,"..."," Government and government enterprises",-95403,-77504,-70425,-67900,-67957,-77318,-72294,-67145,-72251,-73895,-79686,-79477,-96459,-86712,-96174,-90510,-91181,-102969,-103805,-110962,(NA)
 "15000" ,"Hawaii",8,SAGDP3N,"Taxes on production and imports less subsidies","Thousands of dollars",84,"...","  Federal civilian",-594,-473,-674,-894,-748,-876,-733,-674,-620,-632,-826,-980,-854,-738,-651,-861,-1060,-1302,-1124,-924,(NA)
 "15000" ,"Hawaii",8,SAGDP3N,"Taxes on production and imports less subsidies","Thousands of dollars",85,"...","  Military",0,0,0,0,0,0,0,0,0,0,0,0,0,0,0,0,0,0,0,0,(NA)
 "15000" ,"Hawaii",8,SAGDP3N,"Taxes on production and imports less subsidies","Thousands of dollars",86,"...","  State and local",-94809,-77031,-69751,-67005,-67209,-76442,-71561,-66471,-71631,-73263,-78860,-78497,-95605,-85974,-95524,-89649,-90120,-101667,-102681,-110039,(NA)
 "15000" ,"Hawaii",8,SAGDP3N,"Taxes on production and imports less subsidies","Thousands of dollars",87,"11, 21","Natural resources and mining",-12867,-30256,-71105,-71103,-70160,-40106,-46300,-25525,-65356,-42266,-20766,-19320,-26436,-23793,-13938,-12065,-6250,-2641,-9088,-17966,(NA)
 "15000" ,"Hawaii",8,SAGDP3N,"Taxes on production and imports less subsidies","Thousands of dollars",88,"42, 44-45","Trade",1206799,1185075,1211688,1303572,1372935,1374001,1490018,1682994,1815774,1891232,1982799,1969958,1762346,1888903,2152404,2368584,2331396,2400859,2544684,2507129,(NA)
 "15000" ,"Hawaii",8,SAGDP3N,"Taxes on production and imports less subsidies","Thousands of dollars",89,"...","Transportation and utilities",448662,508641,540914,577341,416263,608093,586213,723791,795115,819248,817085,790106,816700,821118,765654,830995,922664,978013,1015178,1091317,(NA)
 "15000" ,"Hawaii",8,SAGDP3N,"Taxes on production and imports less subsidies","Thousands of dollars",90,"...","Private goods-producing industries 2/",39896,22770,-16336,-7702,-12659,22036,21327,51612,20853,53993,89773,91845,77463,74649,86869,98868,112874,120197,131628,131508,(NA)
 "15000" ,"Hawaii",8,SAGDP3N,"Taxes on production and imports less subsidies","Thousands of dollars",91,"...","Private services-providing industries 3/",3110025,3159678,3191878,3435373,3280299,3494268,3706246,4170121,4591233,5032305,5283691,5291929,5060643,5330331,5701524,6196788,6393383,6771688,7173539,7310778,(NA)
"Note: See the included footnote file."
"SAGDP3N: Taxes on production and imports less subsidies 1/"
"Last updated: November 14, 2018; revised statistics for 1997-2017."
"Source: U.S. Department of Commerce / Bureau of Economic Analysis / Regional Economic Accounts"
