GeoFIPS,GeoName,Region,TableName,ComponentName,Unit,IndustryId,IndustryClassification,Description,1998,1999,2000,2001,2002,2003,2004,2005,2006,2007,2008,2009,2010,2011,2012,2013,2014,2015,2016,2017
 "19000" ,"Iowa",4,SAGDP11N,"Contributions to percent change in real GDP","Percent change",1,"...","All industry total (percent change)",0.8,2.1,4.7,-1.2,2.8,4.2,8.1,3.0,1.4,4.4,-2.0,-2.4,2.7,1.1,4.0,-0.4,5.2,2.1,0.4,0.3
 "19000" ,"Iowa",4,SAGDP11N,"Contributions to percent change in real GDP","Percentage points",2,"..."," Private industries",0.47,1.97,4.63,-1.30,2.85,4.08,8.07,2.79,1.34,4.39,-2.26,-2.69,2.60,1.28,3.90,-0.38,4.98,2.03,0.19,0.22
 "19000" ,"Iowa",4,SAGDP11N,"Contributions to percent change in real GDP","Percentage points",3,"11","  Agriculture, forestry, fishing, and hunting",-1.63,-1.11,1.01,-0.26,1.17,-0.30,1.87,-0.74,0.18,-0.05,0.90,0.08,-0.43,1.29,-0.37,1.30,-0.31,0.01,-0.20,-0.29
 "19000" ,"Iowa",4,SAGDP11N,"Contributions to percent change in real GDP","Percentage points",4,"111-112","   Farms",-1.66,-1.12,0.98,-0.30,1.19,-0.31,1.87,-0.72,0.14,-0.03,0.88,0.07,-0.46,1.30,-0.41,1.31,-0.30,0.00,-0.20,(NA)
 "19000" ,"Iowa",4,SAGDP11N,"Contributions to percent change in real GDP","Percentage points",5,"113-115","   Forestry, fishing, and related activities",0.04,0.00,0.03,0.04,-0.02,0.01,0.00,-0.01,0.04,-0.02,0.02,0.00,0.03,-0.01,0.04,-0.01,-0.01,0.00,0.00,(NA)
 "19000" ,"Iowa",4,SAGDP11N,"Contributions to percent change in real GDP","Percentage points",6,"21","  Mining, quarrying, and oil and gas extraction",0.05,0.02,0.00,-0.03,0.00,0.00,0.00,-0.01,0.00,-0.03,0.00,-0.07,-0.01,-0.03,0.03,-0.01,0.01,0.01,-0.01,0.00
 "19000" ,"Iowa",4,SAGDP11N,"Contributions to percent change in real GDP","Percentage points",7,"211","   Oil and gas extraction",0.00,0.00,0.00,0.00,0.00,0.00,0.00,0.00,0.00,0.00,0.00,0.00,0.00,0.00,0.00,0.00,0.00,0.00,0.00,(NA)
 "19000" ,"Iowa",4,SAGDP11N,"Contributions to percent change in real GDP","Percentage points",8,"212","   Mining (except oil and gas)",0.05,0.02,0.00,-0.02,0.00,0.00,0.00,-0.01,0.00,-0.03,0.00,-0.07,-0.01,-0.03,0.03,-0.01,0.01,0.01,-0.01,(NA)
 "19000" ,"Iowa",4,SAGDP11N,"Contributions to percent change in real GDP","Percentage points",9,"213","   Support activities for mining",0.00,0.00,0.00,0.00,0.00,0.00,0.00,0.00,0.00,0.00,0.00,0.00,0.00,0.00,0.00,0.00,0.00,0.00,0.00,(NA)
 "19000" ,"Iowa",4,SAGDP11N,"Contributions to percent change in real GDP","Percentage points",10,"22","  Utilities",-0.07,0.36,-0.02,-0.40,0.07,-0.14,0.07,-0.04,0.17,0.04,0.44,-0.21,-0.04,-0.29,0.15,-0.02,-0.08,-0.02,0.17,-0.10
 "19000" ,"Iowa",4,SAGDP11N,"Contributions to percent change in real GDP","Percentage points",11,"23","  Construction",0.18,0.01,-0.23,-0.22,-0.14,0.16,0.17,0.00,-0.08,-0.12,-0.06,-0.18,-0.12,0.12,0.20,0.03,0.15,0.12,0.17,-0.39
 "19000" ,"Iowa",4,SAGDP11N,"Contributions to percent change in real GDP","Percentage points",12,"31-33","  Manufacturing",-0.59,0.95,0.88,-0.34,0.45,1.17,2.44,-0.07,1.49,0.02,-0.01,-2.65,1.39,-0.57,1.50,-0.43,1.79,-0.36,-1.90,0.66
 "19000" ,"Iowa",4,SAGDP11N,"Contributions to percent change in real GDP","Percentage points",13,"321,327-339","   Durable goods manufacturing",0.63,0.28,0.31,-0.22,0.51,0.19,2.23,0.71,0.51,-0.03,-0.39,-2.02,1.45,-0.05,2.54,-1.68,1.77,-0.57,-1.22,0.29
 "19000" ,"Iowa",4,SAGDP11N,"Contributions to percent change in real GDP","Percentage points",14,"321","    Wood product manufacturing",0.06,-0.07,0.09,0.13,-0.06,0.05,-0.05,0.02,0.02,0.04,0.00,-0.07,0.01,0.03,-0.01,-0.01,-0.03,0.07,0.03,(NA)
 "19000" ,"Iowa",4,SAGDP11N,"Contributions to percent change in real GDP","Percentage points",15,"327","    Nonmetallic mineral product manufacturing",0.00,0.03,0.01,0.00,-0.05,0.01,0.13,-0.06,0.00,-0.14,-0.02,-0.06,0.01,0.02,0.07,-0.01,0.05,0.09,0.00,(NA)
 "19000" ,"Iowa",4,SAGDP11N,"Contributions to percent change in real GDP","Percentage points",16,"331","    Primary metal manufacturing",0.27,0.48,-0.70,-0.03,0.20,-0.11,0.04,0.16,-0.20,0.04,-0.01,-0.01,-0.03,0.13,-0.05,0.16,-0.08,0.17,-0.03,(NA)
 "19000" ,"Iowa",4,SAGDP11N,"Contributions to percent change in real GDP","Percentage points",17,"332","    Fabricated metal product manufacturing",0.03,-0.07,0.09,-0.17,-0.04,0.03,0.14,0.01,0.08,0.00,0.01,-0.41,0.04,0.07,0.10,0.03,0.01,0.03,-0.17,(NA)
 "19000" ,"Iowa",4,SAGDP11N,"Contributions to percent change in real GDP","Percentage points",18,"333","    Machinery manufacturing",0.17,-1.07,0.54,-0.21,0.66,-0.51,1.43,0.37,0.05,-0.06,-0.20,-0.70,0.75,-0.64,2.53,-1.81,1.67,-0.97,-0.92,(NA)
 "19000" ,"Iowa",4,SAGDP11N,"Contributions to percent change in real GDP","Percentage points",19,"334","    Computer and electronic product manufacturing",0.15,0.49,0.13,0.26,-0.21,0.49,0.22,0.13,0.17,0.33,0.22,0.08,0.23,0.11,-0.17,0.13,0.12,0.02,-0.04,(NA)
 "19000" ,"Iowa",4,SAGDP11N,"Contributions to percent change in real GDP","Percentage points",20,"335","    Electrical equipment, appliance, and component manufacturing",-0.20,0.37,-0.18,0.09,-0.19,0.34,-0.05,-0.04,0.34,-0.20,-0.22,-0.25,-0.04,-0.10,0.01,0.12,-0.11,0.12,-0.03,(NA)
 "19000" ,"Iowa",4,SAGDP11N,"Contributions to percent change in real GDP","Percentage points",21,"3361-3363","    Motor vehicles, bodies and trailers, and parts manufacturing",0.16,0.00,0.27,-0.17,0.14,-0.02,0.27,0.01,0.03,-0.03,-0.12,-0.50,0.43,0.32,-0.12,-0.01,0.02,-0.15,-0.09,(NA)
 "19000" ,"Iowa",4,SAGDP11N,"Contributions to percent change in real GDP","Percentage points",22,"3364-3369","    Other transportation equipment manufacturing",0.01,0.04,-0.01,0.03,-0.01,0.00,0.00,0.02,0.01,0.01,0.01,-0.01,0.02,0.01,0.02,-0.02,0.02,0.03,0.01,(NA)
 "19000" ,"Iowa",4,SAGDP11N,"Contributions to percent change in real GDP","Percentage points",23,"337","    Furniture and related product manufacturing",-0.01,0.07,0.13,-0.14,0.09,-0.07,0.08,0.09,0.03,-0.04,-0.11,-0.15,0.01,0.03,0.04,-0.11,0.11,0.03,0.01,(NA)
 "19000" ,"Iowa",4,SAGDP11N,"Contributions to percent change in real GDP","Percentage points",24,"339","    Miscellaneous manufacturing",0.00,0.02,-0.05,-0.02,-0.01,-0.03,0.02,-0.01,-0.01,0.01,0.05,0.06,0.02,-0.02,0.13,-0.15,-0.01,-0.02,0.01,(NA)
 "19000" ,"Iowa",4,SAGDP11N,"Contributions to percent change in real GDP","Percentage points",25,"311-316,322-326","   Nondurable goods manufacturing",-1.22,0.67,0.57,-0.11,-0.06,0.98,0.21,-0.78,0.97,0.05,0.37,-0.63,-0.05,-0.52,-1.04,1.25,0.02,0.22,-0.68,0.36
 "19000" ,"Iowa",4,SAGDP11N,"Contributions to percent change in real GDP","Percentage points",26,"311-312","    Food and beverage and tobacco products manufacturing",-0.47,-0.02,-0.18,-0.03,-0.26,0.90,0.17,-0.50,0.28,0.53,0.05,0.09,-0.46,-0.44,-0.32,0.08,-0.19,0.55,-0.14,(NA)
 "19000" ,"Iowa",4,SAGDP11N,"Contributions to percent change in real GDP","Percentage points",27,"313-314","    Textile mills and textile product mills",0.00,0.02,0.01,-0.01,0.00,-0.01,0.02,-0.01,0.00,0.01,0.01,0.00,0.00,0.00,0.01,0.00,-0.01,0.00,0.00,(NA)
 "19000" ,"Iowa",4,SAGDP11N,"Contributions to percent change in real GDP","Percentage points",28,"315-316","    Apparel, leather, and allied product manufacturing",0.01,0.01,-0.01,-0.01,0.01,-0.02,0.00,-0.02,0.00,0.01,0.00,-0.01,0.00,0.01,-0.01,0.00,0.00,0.00,0.00,(NA)
 "19000" ,"Iowa",4,SAGDP11N,"Contributions to percent change in real GDP","Percentage points",29,"322","    Paper manufacturing",0.04,0.12,-0.05,0.04,-0.11,0.09,0.04,-0.01,0.04,-0.08,-0.07,0.06,0.03,-0.04,-0.04,0.09,0.02,0.01,-0.04,(NA)
 "19000" ,"Iowa",4,SAGDP11N,"Contributions to percent change in real GDP","Percentage points",30,"323","    Printing and related support activities",-0.04,0.07,-0.02,0.03,0.02,0.02,-0.01,0.00,0.00,0.05,0.02,-0.03,0.01,0.00,-0.03,0.03,-0.01,-0.02,0.01,(NA)
 "19000" ,"Iowa",4,SAGDP11N,"Contributions to percent change in real GDP","Percentage points",31,"324","    Petroleum and coal products manufacturing",0.04,-0.04,0.00,0.02,0.00,0.02,-0.05,-0.02,-0.04,0.00,0.03,0.02,-0.03,-0.02,0.01,0.02,0.04,0.02,0.00,(NA)
 "19000" ,"Iowa",4,SAGDP11N,"Contributions to percent change in real GDP","Percentage points",32,"325","    Chemical manufacturing",-0.69,0.33,0.86,0.12,0.24,-0.07,0.01,-0.24,0.74,-0.52,0.41,-0.71,0.34,-0.07,-0.65,1.06,0.19,-0.34,-0.50,(NA)
 "19000" ,"Iowa",4,SAGDP11N,"Contributions to percent change in real GDP","Percentage points",33,"326","    Plastics and rubber products manufacturing",-0.11,0.20,-0.05,-0.27,0.04,0.06,0.02,0.02,-0.05,0.06,-0.07,-0.04,0.05,0.04,-0.01,-0.01,-0.02,0.01,0.00,(NA)
 "19000" ,"Iowa",4,SAGDP11N,"Contributions to percent change in real GDP","Percentage points",34,"42","  Wholesale trade",0.32,0.32,-0.33,-0.06,0.11,0.23,0.28,0.37,0.03,0.24,0.34,-0.46,0.32,0.10,0.32,0.17,0.11,-0.04,0.07,0.13
 "19000" ,"Iowa",4,SAGDP11N,"Contributions to percent change in real GDP","Percentage points",35,"44-45","  Retail trade",0.51,0.12,0.14,0.22,0.25,0.23,-0.01,-0.04,-0.08,-0.15,0.12,0.04,0.04,0.00,0.07,-0.03,-0.07,0.15,0.30,0.17
 "19000" ,"Iowa",4,SAGDP11N,"Contributions to percent change in real GDP","Percentage points",36,"48-49","  Transportation and warehousing",0.21,0.17,0.18,-0.16,-0.01,0.23,0.42,0.18,0.19,0.00,-0.11,-0.16,0.13,-0.02,0.02,-0.01,0.08,0.00,-0.08,0.06
 "19000" ,"Iowa",4,SAGDP11N,"Contributions to percent change in real GDP","Percentage points",37,"481","   Air transportation",0.00,0.00,-0.02,-0.04,0.01,0.01,0.01,0.02,-0.01,0.00,0.00,0.01,0.02,0.00,0.00,-0.01,0.01,0.00,0.00,(NA)
 "19000" ,"Iowa",4,SAGDP11N,"Contributions to percent change in real GDP","Percentage points",38,"482","   Rail transportation",0.02,0.03,0.06,0.00,-0.05,0.04,0.09,0.01,0.06,0.00,0.00,-0.08,0.00,-0.05,-0.02,-0.02,0.02,-0.02,-0.05,(NA)
 "19000" ,"Iowa",4,SAGDP11N,"Contributions to percent change in real GDP","Percentage points",39,"483","   Water transportation",0.00,0.01,0.01,-0.01,-0.02,-0.01,0.00,0.00,0.01,0.00,0.00,0.00,-0.01,0.00,0.00,0.00,0.00,0.00,0.00,(NA)
 "19000" ,"Iowa",4,SAGDP11N,"Contributions to percent change in real GDP","Percentage points",40,"484","   Truck transportation",0.07,0.13,0.09,-0.08,0.00,0.18,0.25,0.08,0.10,0.02,-0.13,-0.09,0.13,0.03,0.00,-0.05,0.03,0.03,-0.03,(NA)
 "19000" ,"Iowa",4,SAGDP11N,"Contributions to percent change in real GDP","Percentage points",41,"485","   Transit and ground passenger transportation",0.00,0.02,0.00,-0.01,0.00,0.00,0.00,0.00,0.01,0.01,0.00,-0.01,0.00,0.00,0.01,0.00,0.01,0.00,-0.01,(NA)
 "19000" ,"Iowa",4,SAGDP11N,"Contributions to percent change in real GDP","Percentage points",42,"486","   Pipeline transportation",0.03,-0.01,-0.01,0.00,0.01,0.01,0.01,0.00,0.00,0.00,0.00,0.00,0.00,-0.01,0.00,0.00,0.00,0.00,0.00,(NA)
 "19000" ,"Iowa",4,SAGDP11N,"Contributions to percent change in real GDP","Percentage points",43,"487-488, 492","   Other transportation and support activities",0.01,-0.02,0.03,0.01,0.00,-0.01,0.03,0.01,-0.01,-0.04,0.01,-0.03,-0.02,-0.01,-0.01,-0.01,0.00,0.00,0.01,(NA)
 "19000" ,"Iowa",4,SAGDP11N,"Contributions to percent change in real GDP","Percentage points",44,"493","   Warehousing and storage",0.08,0.00,0.02,-0.02,0.04,0.03,0.03,0.05,0.03,0.01,0.01,0.03,0.01,0.01,0.05,0.07,0.02,-0.01,-0.01,(NA)
 "19000" ,"Iowa",4,SAGDP11N,"Contributions to percent change in real GDP","Percentage points",45,"51","  Information",0.12,0.11,-0.10,-0.05,0.26,0.28,0.50,0.25,0.19,0.29,0.15,0.12,0.09,-0.09,-0.23,0.05,-0.02,0.15,0.03,0.02
 "19000" ,"Iowa",4,SAGDP11N,"Contributions to percent change in real GDP","Percentage points",46,"511","   Publishing industries (except Internet)",-0.07,0.14,-0.16,-0.06,0.15,0.16,0.21,0.10,0.05,0.26,-0.09,-0.09,-0.05,0.00,-0.04,-0.01,-0.04,-0.01,0.06,(NA)
 "19000" ,"Iowa",4,SAGDP11N,"Contributions to percent change in real GDP","Percentage points",47,"512","   Motion picture and sound recording industries",0.03,0.03,-0.02,-0.01,0.02,0.02,0.03,-0.03,0.03,0.01,0.00,0.02,-0.03,-0.01,0.01,0.01,0.00,0.00,0.00,(NA)
 "19000" ,"Iowa",4,SAGDP11N,"Contributions to percent change in real GDP","Percentage points",48,"515, 517","   Broadcasting (except Internet) and telecommunications",0.13,0.03,0.20,-0.16,-0.13,0.06,0.15,0.20,0.09,0.10,0.12,0.16,0.10,-0.16,-0.04,0.04,-0.06,0.08,0.01,(NA)
 "19000" ,"Iowa",4,SAGDP11N,"Contributions to percent change in real GDP","Percentage points",49,"518, 519","   Data processing, hosting, and other information services",0.04,-0.08,-0.11,0.18,0.22,0.04,0.12,-0.02,0.01,-0.08,0.12,0.02,0.07,0.09,-0.16,0.01,0.09,0.08,-0.03,(NA)
 "19000" ,"Iowa",4,SAGDP11N,"Contributions to percent change in real GDP","Percentage points",50,"52, 53","  Finance, insurance, real estate, rental, and leasing",0.94,0.77,2.73,-0.01,0.28,1.93,1.99,2.65,-1.15,3.79,-4.68,0.96,1.01,0.40,1.56,-1.58,2.78,1.72,1.21,-0.19
 "19000" ,"Iowa",4,SAGDP11N,"Contributions to percent change in real GDP","Percentage points",51,"52","   Finance and insurance",0.94,0.23,2.30,-0.41,0.34,1.88,1.88,2.24,-1.25,2.94,-4.64,0.67,0.49,-0.05,1.28,-1.80,2.92,1.66,1.14,-0.18
 "19000" ,"Iowa",4,SAGDP11N,"Contributions to percent change in real GDP","Percentage points",52,"521-522","    Monetary Authorities- central bank, credit intermediation, and related services",0.49,0.35,0.06,0.01,0.42,0.10,-0.35,0.29,-0.05,0.03,-0.04,0.58,0.06,0.04,0.48,-0.17,-0.12,-0.18,0.06,(NA)
 "19000" ,"Iowa",4,SAGDP11N,"Contributions to percent change in real GDP","Percentage points",53,"523","    Securities, commodity contracts, and other financial investments and related activities",-0.06,0.06,0.04,0.08,-0.02,-0.01,-0.01,0.04,0.03,-0.09,-0.12,0.22,-0.01,-0.05,0.08,0.02,-0.09,-0.01,0.06,(NA)
 "19000" ,"Iowa",4,SAGDP11N,"Contributions to percent change in real GDP","Percentage points",54,"524","    Insurance carriers and related activities",0.51,-0.18,2.19,-0.50,-0.06,1.78,2.24,1.91,-1.22,2.99,-4.49,-0.14,0.45,-0.08,0.74,-1.65,3.12,1.86,1.06,(NA)
 "19000" ,"Iowa",4,SAGDP11N,"Contributions to percent change in real GDP","Percentage points",55,"525","    Funds, trusts, and other financial vehicles",0.00,0.00,0.00,0.01,-0.01,0.00,0.00,0.00,0.00,0.00,0.01,0.00,-0.01,0.04,-0.03,0.00,0.02,-0.01,-0.04,(NA)
 "19000" ,"Iowa",4,SAGDP11N,"Contributions to percent change in real GDP","Percentage points",56,"53","   Real estate and rental and leasing",0.00,0.54,0.43,0.40,-0.06,0.04,0.11,0.41,0.10,0.85,-0.04,0.30,0.53,0.45,0.28,0.23,-0.14,0.06,0.06,0.00
 "19000" ,"Iowa",4,SAGDP11N,"Contributions to percent change in real GDP","Percentage points",57,"531","    Real estate",-0.05,0.41,0.46,0.36,-0.04,0.05,0.15,0.38,-0.10,0.75,-0.15,0.65,0.43,0.53,0.37,0.01,-0.12,-0.07,0.05,(NA)
 "19000" ,"Iowa",4,SAGDP11N,"Contributions to percent change in real GDP","Percentage points",58,"532-533","    Rental and leasing services and lessors of nonfinancial intangible assets",0.04,0.13,-0.03,0.03,-0.01,-0.01,-0.04,0.02,0.20,0.10,0.12,-0.36,0.10,-0.07,-0.09,0.22,-0.02,0.13,0.01,(NA)
 "19000" ,"Iowa",4,SAGDP11N,"Contributions to percent change in real GDP","Percentage points",59,"54, 55, 56","  Professional and business services",0.17,0.09,-0.02,0.26,0.17,0.33,0.00,0.22,0.15,0.37,0.30,-0.15,0.27,0.24,0.42,0.09,0.29,0.13,0.16,0.21
 "19000" ,"Iowa",4,SAGDP11N,"Contributions to percent change in real GDP","Percentage points",60,"54","   Professional, scientific, and technical services",0.06,0.06,-0.06,0.09,0.17,-0.01,0.03,0.00,0.04,0.16,0.24,-0.03,0.08,0.12,0.18,0.06,0.10,0.09,0.17,0.12
 "19000" ,"Iowa",4,SAGDP11N,"Contributions to percent change in real GDP","Percentage points",61,"5411","    Legal services",-0.01,0.01,0.01,0.00,0.01,0.00,-0.02,-0.05,0.00,0.00,0.07,-0.05,-0.06,-0.01,0.00,-0.02,-0.01,0.00,0.01,(NA)
 "19000" ,"Iowa",4,SAGDP11N,"Contributions to percent change in real GDP","Percentage points",62,"5415","    Computer systems design and related services",0.08,0.01,-0.07,0.07,0.01,0.06,0.04,0.04,0.04,0.07,0.02,0.05,0.12,0.08,0.07,0.05,0.05,0.02,0.08,(NA)
 "19000" ,"Iowa",4,SAGDP11N,"Contributions to percent change in real GDP","Percentage points",63,"5412-5414, 5416-5419","    Miscellaneous professional, scientific, and technical services",-0.01,0.04,0.00,0.03,0.15,-0.07,0.02,0.01,0.00,0.09,0.15,-0.03,0.03,0.05,0.12,0.03,0.06,0.08,0.08,(NA)
 "19000" ,"Iowa",4,SAGDP11N,"Contributions to percent change in real GDP","Percentage points",64,"55","   Management of companies and enterprises",-0.03,0.01,-0.03,0.09,0.04,0.19,-0.05,0.09,0.04,0.02,-0.01,-0.02,0.00,0.10,0.15,0.01,0.15,0.07,0.02,0.03
 "19000" ,"Iowa",4,SAGDP11N,"Contributions to percent change in real GDP","Percentage points",65,"56","   Administrative and support and waste management and remediation services",0.14,0.02,0.08,0.08,-0.04,0.14,0.01,0.12,0.07,0.19,0.07,-0.10,0.18,0.02,0.09,0.01,0.04,-0.04,-0.03,0.07
 "19000" ,"Iowa",4,SAGDP11N,"Contributions to percent change in real GDP","Percentage points",66,"561","    Administrative and support services",0.13,0.00,0.08,0.08,-0.04,0.13,0.02,0.12,0.08,0.17,0.06,-0.10,0.14,0.04,0.09,0.01,0.03,-0.06,-0.03,(NA)
 "19000" ,"Iowa",4,SAGDP11N,"Contributions to percent change in real GDP","Percentage points",67,"562","    Waste management and remediation services",0.01,0.02,0.01,0.00,0.01,0.01,-0.01,0.00,-0.01,0.02,0.01,0.00,0.04,-0.02,0.00,0.00,0.01,0.02,0.01,(NA)
 "19000" ,"Iowa",4,SAGDP11N,"Contributions to percent change in real GDP","Percentage points",68,"61, 62","  Educational services, health care, and social assistance",0.20,0.01,0.25,0.19,0.13,0.16,0.32,0.07,0.18,-0.04,0.43,0.16,-0.06,0.06,0.15,0.03,0.14,0.12,0.26,-0.01
 "19000" ,"Iowa",4,SAGDP11N,"Contributions to percent change in real GDP","Percentage points",69,"61","   Educational services",-0.05,0.03,0.03,0.06,-0.02,0.02,0.06,-0.04,0.01,-0.01,0.06,0.07,0.00,-0.02,0.00,-0.04,0.01,-0.05,0.08,-0.05
 "19000" ,"Iowa",4,SAGDP11N,"Contributions to percent change in real GDP","Percentage points",70,"62","   Health care and social assistance",0.25,-0.02,0.22,0.14,0.15,0.14,0.26,0.11,0.17,-0.03,0.37,0.09,-0.07,0.07,0.15,0.06,0.14,0.17,0.17,0.04
 "19000" ,"Iowa",4,SAGDP11N,"Contributions to percent change in real GDP","Percentage points",71,"621","    Ambulatory health care services",0.23,-0.19,0.13,0.07,0.11,0.07,0.15,0.11,0.11,-0.04,0.22,0.04,0.00,0.03,0.07,0.09,0.11,0.14,0.12,(NA)
 "19000" ,"Iowa",4,SAGDP11N,"Contributions to percent change in real GDP","Percentage points",72,"622","    Hospitals",0.01,0.10,0.09,0.06,0.06,0.04,0.07,0.02,0.03,0.02,0.07,0.02,-0.06,0.06,0.04,-0.04,-0.03,0.02,0.03,(NA)
 "19000" ,"Iowa",4,SAGDP11N,"Contributions to percent change in real GDP","Percentage points",73,"623","    Nursing and residential care facilities",-0.01,0.05,0.00,-0.02,0.00,0.01,0.03,-0.03,0.02,-0.02,0.05,0.02,0.00,0.00,0.03,0.01,0.04,0.00,0.00,(NA)
 "19000" ,"Iowa",4,SAGDP11N,"Contributions to percent change in real GDP","Percentage points",74,"624","    Social assistance",0.02,0.01,0.01,0.03,-0.02,0.03,0.01,0.00,0.02,0.01,0.04,0.01,-0.01,-0.03,0.01,0.01,0.01,0.01,0.02,(NA)
 "19000" ,"Iowa",4,SAGDP11N,"Contributions to percent change in real GDP","Percentage points",75,"71, 72","  Arts, entertainment, recreation, accommodation, and food services",0.03,0.13,0.11,-0.11,0.05,-0.07,0.01,-0.02,0.10,0.07,-0.01,-0.12,0.05,0.11,0.05,0.06,0.06,0.01,-0.01,-0.02
 "19000" ,"Iowa",4,SAGDP11N,"Contributions to percent change in real GDP","Percentage points",76,"71","   Arts, entertainment, and recreation",-0.01,0.01,0.05,-0.05,0.02,-0.07,-0.04,-0.01,0.09,0.08,0.01,0.00,0.03,0.01,-0.04,-0.05,0.02,-0.03,-0.02,-0.01
 "19000" ,"Iowa",4,SAGDP11N,"Contributions to percent change in real GDP","Percentage points",77,"711-712","    Performing arts, spectator sports, museums, and related activities",0.01,-0.01,0.00,0.00,0.01,-0.02,0.00,-0.03,0.02,0.01,0.02,0.02,0.00,0.02,0.03,0.00,0.00,-0.01,-0.01,(NA)
 "19000" ,"Iowa",4,SAGDP11N,"Contributions to percent change in real GDP","Percentage points",78,"713","    Amusement, gambling, and recreation industries",-0.02,0.02,0.04,-0.05,0.01,-0.05,-0.04,0.02,0.08,0.07,-0.01,-0.02,0.03,-0.01,-0.06,-0.06,0.01,-0.02,-0.01,(NA)
 "19000" ,"Iowa",4,SAGDP11N,"Contributions to percent change in real GDP","Percentage points",79,"72","   Accommodation and food services",0.03,0.12,0.07,-0.06,0.02,0.01,0.05,-0.01,0.01,-0.01,-0.02,-0.12,0.02,0.10,0.09,0.12,0.04,0.04,0.01,-0.01
 "19000" ,"Iowa",4,SAGDP11N,"Contributions to percent change in real GDP","Percentage points",80,"721","    Accommodation",0.02,0.04,0.02,-0.04,0.01,0.02,0.04,0.01,-0.01,0.02,0.00,-0.04,-0.01,0.04,0.05,0.12,0.01,0.02,-0.01,(NA)
 "19000" ,"Iowa",4,SAGDP11N,"Contributions to percent change in real GDP","Percentage points",81,"722","    Food services and drinking places",0.01,0.07,0.04,-0.03,0.01,-0.01,0.01,-0.01,0.02,-0.03,-0.02,-0.08,0.03,0.06,0.04,0.00,0.02,0.03,0.02,(NA)
 "19000" ,"Iowa",4,SAGDP11N,"Contributions to percent change in real GDP","Percentage points",82,"81","  Other services (except government and government enterprises)",0.03,0.03,0.01,-0.35,0.07,-0.13,0.00,-0.02,-0.01,-0.03,-0.05,-0.06,-0.04,-0.04,0.05,-0.03,0.05,0.04,0.03,-0.03
 "19000" ,"Iowa",4,SAGDP11N,"Contributions to percent change in real GDP","Percentage points",83,"..."," Government and government enterprises",0.30,0.16,0.08,0.08,-0.01,0.12,0.00,0.16,0.05,-0.03,0.21,0.34,0.09,-0.13,0.07,-0.01,0.18,0.06,0.16,0.06
 "19000" ,"Iowa",4,SAGDP11N,"Contributions to percent change in real GDP","Percentage points",84,"...","  Federal civilian",0.03,0.00,0.01,-0.13,0.01,-0.02,-0.08,-0.03,0.01,-0.04,-0.08,0.05,0.10,-0.06,-0.02,-0.11,0.05,0.08,0.05,(NA)
 "19000" ,"Iowa",4,SAGDP11N,"Contributions to percent change in real GDP","Percentage points",85,"...","  Military",0.01,0.00,0.00,-0.01,0.04,0.08,0.02,0.03,-0.06,-0.02,0.04,0.06,0.02,0.00,0.01,0.02,-0.01,-0.02,-0.02,(NA)
 "19000" ,"Iowa",4,SAGDP11N,"Contributions to percent change in real GDP","Percentage points",86,"...","  State and local",0.25,0.16,0.07,0.22,-0.06,0.05,0.06,0.16,0.10,0.03,0.25,0.23,-0.04,-0.07,0.08,0.08,0.14,0.01,0.13,(NA)
 "19000" ,"Iowa",4,SAGDP11N,"Contributions to percent change in real GDP","Percentage points",87,"11, 21","Natural resources and mining",-1.58,-1.09,1.02,-0.28,1.17,-0.30,1.88,-0.75,0.18,-0.08,0.90,0.01,-0.44,1.26,-0.34,1.30,-0.30,0.01,-0.22,-0.29
 "19000" ,"Iowa",4,SAGDP11N,"Contributions to percent change in real GDP","Percentage points",88,"42, 44-45","Trade",0.83,0.43,-0.19,0.16,0.35,0.46,0.27,0.33,-0.06,0.08,0.47,-0.43,0.36,0.10,0.39,0.14,0.05,0.11,0.37,0.29
 "19000" ,"Iowa",4,SAGDP11N,"Contributions to percent change in real GDP","Percentage points",89,"...","Transportation and utilities",0.14,0.54,0.16,-0.56,0.06,0.09,0.49,0.14,0.36,0.04,0.33,-0.37,0.10,-0.32,0.17,-0.04,0.00,-0.02,0.09,-0.04
 "19000" ,"Iowa",4,SAGDP11N,"Contributions to percent change in real GDP","Percentage points",90,"...","Private goods-producing industries 2/",-1.99,-0.13,1.66,-0.84,1.48,1.04,4.49,-0.82,1.59,-0.18,0.82,-2.82,0.83,0.81,1.35,0.90,1.64,-0.22,-1.95,-0.02
 "19000" ,"Iowa",4,SAGDP11N,"Contributions to percent change in real GDP","Percentage points",91,"...","Private services-providing industries 3/",2.45,2.10,2.96,-0.47,1.37,3.05,3.58,3.61,-0.24,4.57,-3.08,0.13,1.77,0.47,2.55,-1.28,3.33,2.25,2.14,0.24
"Note: See the included footnote file."
"SAGDP11N: Contributions to percent change in real GDP 1/"
"Last updated: November 14, 2018; revised statistics for 1997-2017."
"Source: U.S. Department of Commerce / Bureau of Economic Analysis / Regional Economic Accounts"
