GeoFIPS,GeoName,Region,TableName,ComponentName,Unit,IndustryId,IndustryClassification,Description,1998,1999,2000,2001,2002,2003,2004,2005,2006,2007,2008,2009,2010,2011,2012,2013,2014,2015,2016,2017
 "98000" ,"Far West",8,SAGDP11N,"Contributions to percent change in real GDP","Percent change",1,"...","All industry total (percent change)",6.0,6.9,6.6,-0.6,2.4,4.2,4.3,5.0,4.2,2.0,0.3,-3.8,1.6,1.7,2.4,2.9,3.6,4.7,3.1,3.2
 "98000" ,"Far West",8,SAGDP11N,"Contributions to percent change in real GDP","Percentage points",2,"..."," Private industries",5.71,6.69,6.15,-0.91,2.12,4.05,4.28,4.86,4.01,1.79,0.03,-3.51,1.68,1.59,2.52,2.91,3.35,4.52,2.79,3.03
 "98000" ,"Far West",8,SAGDP11N,"Contributions to percent change in real GDP","Percentage points",3,"11","  Agriculture, forestry, fishing, and hunting",-0.03,0.19,0.15,-0.09,0.16,0.07,0.02,0.19,0.04,-0.16,-0.09,0.20,-0.05,-0.11,0.02,0.08,0.19,0.18,0.11,-0.05
 "98000" ,"Far West",8,SAGDP11N,"Contributions to percent change in real GDP","Percentage points",4,"111-112","   Farms",-0.03,0.15,0.16,-0.12,0.13,0.02,0.01,0.19,-0.02,-0.14,-0.10,0.22,-0.04,-0.13,-0.01,0.09,0.19,0.15,0.10,(NA)
 "98000" ,"Far West",8,SAGDP11N,"Contributions to percent change in real GDP","Percentage points",5,"113-115","   Forestry, fishing, and related activities",-0.01,0.04,0.00,0.04,0.02,0.05,0.01,0.00,0.07,-0.01,0.01,-0.02,-0.01,0.01,0.03,-0.01,0.00,0.02,0.01,(NA)
 "98000" ,"Far West",8,SAGDP11N,"Contributions to percent change in real GDP","Percentage points",6,"21","  Mining, quarrying, and oil and gas extraction",-0.13,-0.02,-0.09,-0.05,0.08,-0.13,0.08,0.03,0.34,0.15,-0.17,0.40,-0.26,0.02,0.20,-0.23,-0.15,0.00,0.00,-0.02
 "98000" ,"Far West",8,SAGDP11N,"Contributions to percent change in real GDP","Percentage points",7,"211","   Oil and gas extraction",-0.16,-0.03,-0.11,-0.05,0.12,-0.13,0.07,0.04,0.25,0.14,-0.13,0.43,-0.28,-0.01,0.23,-0.19,-0.13,0.06,0.00,(NA)
 "98000" ,"Far West",8,SAGDP11N,"Contributions to percent change in real GDP","Percentage points",8,"212","   Mining (except oil and gas)",0.02,0.02,-0.01,-0.03,-0.01,0.01,0.00,-0.01,0.06,0.00,-0.05,-0.01,0.01,0.01,-0.03,-0.03,-0.02,-0.02,0.03,(NA)
 "98000" ,"Far West",8,SAGDP11N,"Contributions to percent change in real GDP","Percentage points",9,"213","   Support activities for mining",0.00,-0.01,0.04,0.03,-0.03,0.00,0.00,0.00,0.03,0.01,0.02,-0.02,0.02,0.02,0.00,-0.01,0.00,-0.04,-0.03,(NA)
 "98000" ,"Far West",8,SAGDP11N,"Contributions to percent change in real GDP","Percentage points",10,"22","  Utilities",-0.05,0.23,0.06,-0.44,0.36,-0.03,0.00,-0.07,0.13,0.00,0.03,-0.05,0.13,0.10,0.03,0.01,-0.08,0.01,0.07,0.02
 "98000" ,"Far West",8,SAGDP11N,"Contributions to percent change in real GDP","Percentage points",11,"23","  Construction",0.26,0.18,0.21,-0.12,-0.15,0.25,0.53,0.23,-0.10,-0.30,-0.85,-0.72,-0.24,-0.21,0.10,0.23,0.05,0.25,0.21,0.09
 "98000" ,"Far West",8,SAGDP11N,"Contributions to percent change in real GDP","Percentage points",12,"31-33","  Manufacturing",1.46,1.76,2.79,-1.14,-0.41,1.08,0.85,1.30,0.88,0.83,0.91,-0.60,-0.14,-0.33,0.23,0.57,0.45,0.46,0.04,0.24
 "98000" ,"Far West",8,SAGDP11N,"Contributions to percent change in real GDP","Percentage points",13,"321,327-339","   Durable goods manufacturing",1.35,1.61,2.50,-1.03,-0.11,0.78,0.57,0.95,0.73,0.70,0.40,-0.25,0.45,0.52,0.22,0.27,0.24,0.39,0.06,0.25
 "98000" ,"Far West",8,SAGDP11N,"Contributions to percent change in real GDP","Percentage points",14,"321","    Wood product manufacturing",-0.03,0.01,0.00,-0.01,0.00,0.00,0.00,0.02,-0.02,0.01,-0.01,-0.03,0.01,0.02,0.00,0.01,-0.01,0.00,0.00,(NA)
 "98000" ,"Far West",8,SAGDP11N,"Contributions to percent change in real GDP","Percentage points",15,"327","    Nonmetallic mineral product manufacturing",0.01,-0.01,0.00,0.01,0.00,0.01,0.05,0.00,-0.03,0.01,-0.02,-0.05,0.00,0.01,0.01,0.00,0.00,0.00,0.00,(NA)
 "98000" ,"Far West",8,SAGDP11N,"Contributions to percent change in real GDP","Percentage points",16,"331","    Primary metal manufacturing",0.02,0.01,0.03,-0.01,-0.03,0.00,0.01,-0.01,-0.01,-0.06,0.03,0.02,-0.03,0.02,0.02,0.02,-0.01,0.02,0.01,(NA)
 "98000" ,"Far West",8,SAGDP11N,"Contributions to percent change in real GDP","Percentage points",17,"332","    Fabricated metal product manufacturing",-0.05,0.02,0.09,-0.09,-0.07,0.03,0.02,0.03,0.02,0.05,-0.05,-0.15,0.03,0.04,0.01,0.00,0.03,-0.02,-0.01,(NA)
 "98000" ,"Far West",8,SAGDP11N,"Contributions to percent change in real GDP","Percentage points",18,"333","    Machinery manufacturing",0.00,0.12,0.22,-0.26,-0.08,0.00,0.08,-0.03,0.06,0.04,-0.02,-0.10,0.03,0.06,-0.04,0.05,-0.03,-0.01,0.00,(NA)
 "98000" ,"Far West",8,SAGDP11N,"Contributions to percent change in real GDP","Percentage points",19,"334","    Computer and electronic product manufacturing",1.25,1.33,2.34,-0.65,0.12,0.75,0.38,0.66,0.42,0.49,0.52,0.11,0.37,0.22,0.27,0.11,0.20,0.32,0.25,(NA)
 "98000" ,"Far West",8,SAGDP11N,"Contributions to percent change in real GDP","Percentage points",20,"335","    Electrical equipment, appliance, and component manufacturing",-0.03,0.05,0.04,-0.03,-0.01,-0.01,0.00,0.01,0.02,0.00,0.01,-0.04,0.00,0.00,-0.01,0.03,-0.01,0.03,-0.01,(NA)
 "98000" ,"Far West",8,SAGDP11N,"Contributions to percent change in real GDP","Percentage points",21,"3361-3363","    Motor vehicles, bodies and trailers, and parts manufacturing",0.01,0.03,0.01,0.03,0.04,0.02,0.01,0.01,0.05,-0.02,-0.03,-0.08,0.02,0.03,-0.02,0.00,0.02,0.02,0.01,(NA)
 "98000" ,"Far West",8,SAGDP11N,"Contributions to percent change in real GDP","Percentage points",22,"3364-3369","    Other transportation equipment manufacturing",0.06,-0.01,-0.31,0.09,-0.11,-0.05,-0.04,0.19,0.15,0.19,-0.04,0.08,0.01,0.14,-0.06,0.05,0.08,0.09,-0.21,(NA)
 "98000" ,"Far West",8,SAGDP11N,"Contributions to percent change in real GDP","Percentage points",23,"337","    Furniture and related product manufacturing",0.00,0.03,0.00,-0.01,-0.01,0.00,0.01,0.01,0.01,-0.02,-0.03,-0.05,0.00,0.00,0.00,0.01,0.00,0.01,0.00,(NA)
 "98000" ,"Far West",8,SAGDP11N,"Contributions to percent change in real GDP","Percentage points",24,"339","    Miscellaneous manufacturing",0.10,0.03,0.07,-0.09,0.03,0.03,0.06,0.04,0.06,0.01,0.03,0.03,0.01,-0.02,0.05,-0.01,-0.03,-0.07,0.01,(NA)
 "98000" ,"Far West",8,SAGDP11N,"Contributions to percent change in real GDP","Percentage points",25,"311-316,322-326","   Nondurable goods manufacturing",0.11,0.15,0.29,-0.11,-0.29,0.30,0.28,0.35,0.15,0.14,0.51,-0.36,-0.59,-0.85,0.00,0.31,0.21,0.07,-0.02,-0.02
 "98000" ,"Far West",8,SAGDP11N,"Contributions to percent change in real GDP","Percentage points",26,"311-312","    Food and beverage and tobacco products manufacturing",0.00,0.01,-0.01,0.02,-0.02,0.00,0.00,0.03,0.16,0.06,-0.09,0.04,-0.17,-0.01,0.00,0.04,0.05,0.06,-0.07,(NA)
 "98000" ,"Far West",8,SAGDP11N,"Contributions to percent change in real GDP","Percentage points",27,"313-314","    Textile mills and textile product mills",0.00,0.02,0.01,-0.02,0.00,-0.01,0.02,-0.01,0.00,0.00,0.00,-0.01,0.00,-0.01,0.01,0.01,0.00,0.00,0.00,(NA)
 "98000" ,"Far West",8,SAGDP11N,"Contributions to percent change in real GDP","Percentage points",28,"315-316","    Apparel, leather, and allied product manufacturing",0.00,0.01,0.01,-0.02,-0.01,-0.01,0.01,0.00,0.02,-0.01,-0.01,-0.02,0.02,0.00,0.00,0.00,-0.01,-0.01,0.00,(NA)
 "98000" ,"Far West",8,SAGDP11N,"Contributions to percent change in real GDP","Percentage points",29,"322","    Paper manufacturing",-0.03,0.02,-0.02,-0.06,0.02,0.00,0.02,-0.01,0.02,-0.03,-0.02,0.02,-0.02,0.00,-0.02,0.01,-0.01,0.00,0.00,(NA)
 "98000" ,"Far West",8,SAGDP11N,"Contributions to percent change in real GDP","Percentage points",30,"323","    Printing and related support activities",0.00,0.01,0.01,-0.01,0.01,0.00,0.00,-0.01,0.00,0.01,-0.02,-0.03,0.01,0.00,-0.01,0.01,0.00,-0.01,0.00,(NA)
 "98000" ,"Far West",8,SAGDP11N,"Contributions to percent change in real GDP","Percentage points",31,"324","    Petroleum and coal products manufacturing",0.12,-0.07,0.03,0.03,-0.12,0.11,0.00,0.36,-0.15,0.00,0.82,-0.49,-0.44,-0.68,-0.14,0.01,0.23,0.02,-0.06,(NA)
 "98000" ,"Far West",8,SAGDP11N,"Contributions to percent change in real GDP","Percentage points",32,"325","    Chemical manufacturing",0.01,0.12,0.25,-0.04,-0.17,0.20,0.20,-0.02,0.09,0.09,-0.14,0.14,0.00,-0.13,0.17,0.23,-0.04,-0.01,0.11,(NA)
 "98000" ,"Far West",8,SAGDP11N,"Contributions to percent change in real GDP","Percentage points",33,"326","    Plastics and rubber products manufacturing",0.01,0.04,0.02,-0.03,0.00,0.02,0.03,0.00,-0.01,0.00,-0.03,-0.01,0.01,-0.01,0.00,-0.01,0.00,0.02,0.00,(NA)
 "98000" ,"Far West",8,SAGDP11N,"Contributions to percent change in real GDP","Percentage points",34,"42","  Wholesale trade",0.56,0.17,0.33,0.17,0.06,0.30,0.16,0.31,0.21,0.20,-0.09,-0.81,0.31,0.27,0.01,0.12,0.31,0.38,-0.13,0.18
 "98000" ,"Far West",8,SAGDP11N,"Contributions to percent change in real GDP","Percentage points",35,"44-45","  Retail trade",0.71,0.39,0.39,0.21,0.35,0.38,0.29,0.27,0.12,-0.31,-0.42,-0.38,0.19,0.03,0.11,0.27,0.13,0.24,0.24,0.42
 "98000" ,"Far West",8,SAGDP11N,"Contributions to percent change in real GDP","Percentage points",36,"48-49","  Transportation and warehousing",0.09,-0.05,-0.02,-0.21,-0.11,0.06,0.29,0.10,0.23,-0.04,-0.05,-0.16,0.18,-0.02,0.00,0.05,0.08,0.10,0.17,0.15
 "98000" ,"Far West",8,SAGDP11N,"Contributions to percent change in real GDP","Percentage points",37,"481","   Air transportation",-0.09,-0.03,-0.14,-0.22,-0.01,0.02,0.13,0.01,0.11,0.01,-0.04,0.01,0.13,-0.05,-0.02,0.04,0.05,0.05,0.12,(NA)
 "98000" ,"Far West",8,SAGDP11N,"Contributions to percent change in real GDP","Percentage points",38,"482","   Rail transportation",0.01,0.00,0.01,0.00,-0.02,0.01,0.01,0.00,0.00,0.00,0.00,-0.02,0.00,0.01,0.01,0.00,0.01,0.00,-0.01,(NA)
 "98000" ,"Far West",8,SAGDP11N,"Contributions to percent change in real GDP","Percentage points",39,"483","   Water transportation",-0.01,-0.02,0.01,-0.01,-0.03,0.00,0.01,0.01,0.03,0.03,0.01,0.02,-0.02,0.01,0.00,0.02,-0.01,-0.01,0.00,(NA)
 "98000" ,"Far West",8,SAGDP11N,"Contributions to percent change in real GDP","Percentage points",40,"484","   Truck transportation",0.04,0.03,0.04,-0.04,-0.02,0.02,0.04,0.01,0.04,0.02,-0.06,-0.04,0.03,0.03,-0.01,0.00,0.02,0.00,0.00,(NA)
 "98000" ,"Far West",8,SAGDP11N,"Contributions to percent change in real GDP","Percentage points",41,"485","   Transit and ground passenger transportation",0.01,0.02,0.01,0.01,0.00,-0.01,0.01,0.00,0.01,0.00,0.01,-0.02,0.01,0.01,0.02,0.00,0.02,0.00,0.03,(NA)
 "98000" ,"Far West",8,SAGDP11N,"Contributions to percent change in real GDP","Percentage points",42,"486","   Pipeline transportation",0.03,0.00,-0.01,0.07,-0.06,0.00,0.00,-0.01,0.01,0.01,0.03,-0.02,0.03,-0.02,0.00,-0.01,-0.01,0.01,0.00,(NA)
 "98000" ,"Far West",8,SAGDP11N,"Contributions to percent change in real GDP","Percentage points",43,"487-488, 492","   Other transportation and support activities",0.06,-0.05,0.07,0.01,0.03,0.01,0.04,0.06,0.01,-0.08,-0.01,-0.09,0.00,-0.02,-0.02,-0.01,-0.01,0.02,0.02,(NA)
 "98000" ,"Far West",8,SAGDP11N,"Contributions to percent change in real GDP","Percentage points",44,"493","   Warehousing and storage",0.04,-0.01,0.01,-0.02,0.00,0.01,0.05,0.03,0.02,-0.01,0.02,-0.01,0.01,0.01,0.02,0.02,0.01,0.03,0.01,(NA)
 "98000" ,"Far West",8,SAGDP11N,"Contributions to percent change in real GDP","Percentage points",45,"51","  Information",0.90,1.62,-0.57,0.31,0.51,0.36,0.70,0.41,0.48,0.70,0.32,-0.32,0.65,0.28,0.14,1.07,0.43,1.16,1.13,0.98
 "98000" ,"Far West",8,SAGDP11N,"Contributions to percent change in real GDP","Percentage points",46,"511","   Publishing industries (except Internet)",0.35,0.82,-0.55,-0.10,0.18,0.18,0.12,0.09,-0.02,0.37,0.02,-0.07,0.16,0.18,0.15,0.17,0.17,0.18,0.27,(NA)
 "98000" ,"Far West",8,SAGDP11N,"Contributions to percent change in real GDP","Percentage points",47,"512","   Motion picture and sound recording industries",0.30,0.30,-0.28,0.34,0.26,0.06,0.02,-0.11,0.17,0.15,0.17,0.04,0.21,-0.15,-0.12,-0.02,-0.01,0.15,0.02,(NA)
 "98000" ,"Far West",8,SAGDP11N,"Contributions to percent change in real GDP","Percentage points",48,"515, 517","   Broadcasting (except Internet) and telecommunications",0.14,0.51,0.18,-0.01,-0.04,0.06,0.34,0.37,0.19,0.32,0.01,-0.31,0.10,0.07,0.14,0.27,0.06,0.34,0.17,(NA)
 "98000" ,"Far West",8,SAGDP11N,"Contributions to percent change in real GDP","Percentage points",49,"518, 519","   Data processing, hosting, and other information services",0.10,0.00,0.08,0.07,0.12,0.05,0.22,0.06,0.13,-0.14,0.13,0.02,0.17,0.18,-0.03,0.66,0.21,0.48,0.67,(NA)
 "98000" ,"Far West",8,SAGDP11N,"Contributions to percent change in real GDP","Percentage points",50,"52, 53","  Finance, insurance, real estate, rental, and leasing",1.01,1.06,0.88,0.83,0.85,0.96,0.59,1.59,0.87,0.33,-0.44,0.15,0.19,0.57,0.62,0.48,0.77,0.70,0.33,0.13
 "98000" ,"Far West",8,SAGDP11N,"Contributions to percent change in real GDP","Percentage points",51,"52","   Finance and insurance",0.78,0.30,0.47,0.53,0.43,0.28,-0.23,0.44,0.19,-0.22,-0.72,0.79,-0.15,0.04,0.31,-0.21,0.07,0.10,-0.06,-0.07
 "98000" ,"Far West",8,SAGDP11N,"Contributions to percent change in real GDP","Percentage points",52,"521-522","    Monetary Authorities- central bank, credit intermediation, and related services",0.59,0.19,0.07,0.14,0.58,0.26,-0.45,0.14,0.07,0.01,-0.02,0.24,0.00,0.26,0.07,-0.27,0.05,0.05,-0.14,(NA)
 "98000" ,"Far West",8,SAGDP11N,"Contributions to percent change in real GDP","Percentage points",53,"523","    Securities, commodity contracts, and other financial investments and related activities",0.06,0.09,0.27,0.42,-0.16,-0.17,-0.02,0.16,0.06,-0.25,-0.44,0.56,-0.05,-0.21,0.25,0.01,-0.22,-0.02,0.18,(NA)
 "98000" ,"Far West",8,SAGDP11N,"Contributions to percent change in real GDP","Percentage points",54,"524","    Insurance carriers and related activities",0.12,0.02,0.15,-0.04,0.00,0.13,0.18,0.10,0.04,0.02,-0.19,0.00,-0.09,0.02,0.02,0.02,0.18,0.10,-0.05,(NA)
 "98000" ,"Far West",8,SAGDP11N,"Contributions to percent change in real GDP","Percentage points",55,"525","    Funds, trusts, and other financial vehicles",0.01,0.00,-0.01,0.01,0.02,0.06,0.05,0.04,0.02,-0.01,-0.07,-0.01,-0.01,-0.03,-0.02,0.02,0.06,-0.03,-0.04,(NA)
 "98000" ,"Far West",8,SAGDP11N,"Contributions to percent change in real GDP","Percentage points",56,"53","   Real estate and rental and leasing",0.23,0.76,0.41,0.30,0.41,0.68,0.82,1.15,0.68,0.55,0.28,-0.64,0.33,0.53,0.30,0.69,0.69,0.60,0.38,0.20
 "98000" ,"Far West",8,SAGDP11N,"Contributions to percent change in real GDP","Percentage points",57,"531","    Real estate",0.10,0.68,0.39,0.23,0.49,0.69,0.81,1.07,0.39,0.64,0.18,-0.43,0.31,0.51,0.16,0.60,0.74,0.52,0.45,(NA)
 "98000" ,"Far West",8,SAGDP11N,"Contributions to percent change in real GDP","Percentage points",58,"532-533","    Rental and leasing services and lessors of nonfinancial intangible assets",0.13,0.08,0.02,0.07,-0.07,-0.01,0.02,0.08,0.28,-0.09,0.10,-0.22,0.02,0.02,0.14,0.10,-0.05,0.08,-0.07,(NA)
 "98000" ,"Far West",8,SAGDP11N,"Contributions to percent change in real GDP","Percentage points",59,"54, 55, 56","  Professional and business services",0.51,0.69,1.32,-0.03,-0.18,0.34,0.11,0.35,0.38,0.50,0.66,-0.89,0.48,0.60,0.74,-0.01,0.68,0.57,0.30,0.55
 "98000" ,"Far West",8,SAGDP11N,"Contributions to percent change in real GDP","Percentage points",60,"54","   Professional, scientific, and technical services",0.36,0.56,0.86,0.03,-0.01,0.13,0.12,0.29,0.31,0.39,0.69,-0.52,0.24,0.43,0.57,-0.16,0.46,0.41,0.08,0.31
 "98000" ,"Far West",8,SAGDP11N,"Contributions to percent change in real GDP","Percentage points",61,"5411","    Legal services",0.09,0.03,0.06,0.04,-0.01,0.03,0.01,0.02,0.01,0.02,0.13,-0.18,-0.10,0.01,-0.06,-0.05,-0.01,-0.01,0.02,(NA)
 "98000" ,"Far West",8,SAGDP11N,"Contributions to percent change in real GDP","Percentage points",62,"5415","    Computer systems design and related services",0.16,0.19,0.37,-0.04,-0.12,0.19,0.08,0.13,0.11,0.20,0.12,0.03,0.21,0.21,0.48,-0.16,0.17,0.17,0.18,(NA)
 "98000" ,"Far West",8,SAGDP11N,"Contributions to percent change in real GDP","Percentage points",63,"5412-5414, 5416-5419","    Miscellaneous professional, scientific, and technical services",0.11,0.33,0.44,0.03,0.13,-0.09,0.03,0.14,0.19,0.17,0.45,-0.37,0.13,0.21,0.15,0.05,0.30,0.24,-0.12,(NA)
 "98000" ,"Far West",8,SAGDP11N,"Contributions to percent change in real GDP","Percentage points",64,"55","   Management of companies and enterprises",0.09,0.03,0.24,-0.15,-0.17,0.01,-0.14,-0.12,-0.04,-0.07,-0.04,-0.12,0.06,0.07,0.08,0.21,0.12,0.05,0.07,0.09
 "98000" ,"Far West",8,SAGDP11N,"Contributions to percent change in real GDP","Percentage points",65,"56","   Administrative and support and waste management and remediation services",0.05,0.11,0.22,0.09,0.00,0.20,0.14,0.18,0.12,0.17,0.00,-0.25,0.18,0.10,0.10,-0.06,0.10,0.11,0.14,0.15
 "98000" ,"Far West",8,SAGDP11N,"Contributions to percent change in real GDP","Percentage points",66,"561","    Administrative and support services",0.04,0.09,0.21,0.08,-0.01,0.20,0.14,0.16,0.14,0.15,-0.01,-0.26,0.11,0.15,0.11,-0.06,0.10,0.08,0.12,(NA)
 "98000" ,"Far West",8,SAGDP11N,"Contributions to percent change in real GDP","Percentage points",67,"562","    Waste management and remediation services",0.01,0.01,0.01,0.01,0.01,0.01,0.00,0.02,-0.02,0.02,0.01,0.01,0.06,-0.05,-0.01,0.00,0.01,0.03,0.02,(NA)
 "98000" ,"Far West",8,SAGDP11N,"Contributions to percent change in real GDP","Percentage points",68,"61, 62","  Educational services, health care, and social assistance",0.05,0.20,0.25,0.16,0.35,0.29,0.33,0.12,0.26,0.07,0.50,0.24,0.15,0.20,0.21,0.14,0.19,0.31,0.27,0.22
 "98000" ,"Far West",8,SAGDP11N,"Contributions to percent change in real GDP","Percentage points",69,"61","   Educational services",-0.01,0.03,0.03,0.03,0.02,0.05,0.06,-0.02,0.03,0.01,0.07,0.07,0.05,0.02,0.01,-0.01,0.03,0.00,0.01,-0.02
 "98000" ,"Far West",8,SAGDP11N,"Contributions to percent change in real GDP","Percentage points",70,"62","   Health care and social assistance",0.06,0.17,0.22,0.13,0.34,0.24,0.27,0.14,0.23,0.06,0.43,0.17,0.10,0.18,0.20,0.15,0.16,0.31,0.27,0.24
 "98000" ,"Far West",8,SAGDP11N,"Contributions to percent change in real GDP","Percentage points",71,"621","    Ambulatory health care services",-0.03,0.07,0.15,0.04,0.21,0.03,0.13,0.10,0.15,0.02,0.22,0.02,0.25,0.14,0.07,0.10,0.09,0.22,0.20,(NA)
 "98000" ,"Far West",8,SAGDP11N,"Contributions to percent change in real GDP","Percentage points",72,"622","    Hospitals",0.06,0.06,0.04,0.06,0.10,0.16,0.14,0.04,0.07,0.03,0.14,0.13,-0.19,0.03,0.00,0.00,0.02,0.07,0.01,(NA)
 "98000" ,"Far West",8,SAGDP11N,"Contributions to percent change in real GDP","Percentage points",73,"623","    Nursing and residential care facilities",0.00,0.01,0.02,0.02,0.02,0.01,0.00,-0.02,0.01,0.00,0.03,0.00,0.01,0.01,0.01,0.02,0.03,0.01,0.01,(NA)
 "98000" ,"Far West",8,SAGDP11N,"Contributions to percent change in real GDP","Percentage points",74,"624","    Social assistance",0.02,0.03,0.02,0.01,0.01,0.04,0.00,0.01,0.00,0.01,0.04,0.02,0.02,0.00,0.11,0.03,0.02,0.02,0.04,(NA)
 "98000" ,"Far West",8,SAGDP11N,"Contributions to percent change in real GDP","Percentage points",75,"71, 72","  Arts, entertainment, recreation, accommodation, and food services",0.20,0.26,0.33,-0.15,0.17,0.23,0.28,-0.01,0.15,-0.12,-0.16,-0.40,0.14,0.22,0.10,0.12,0.23,0.14,0.07,0.09
 "98000" ,"Far West",8,SAGDP11N,"Contributions to percent change in real GDP","Percentage points",76,"71","   Arts, entertainment, and recreation",0.04,0.04,0.08,-0.06,0.07,0.15,0.04,0.00,0.03,-0.02,-0.01,-0.07,0.05,0.08,0.09,0.01,0.03,-0.06,0.03,0.03
 "98000" ,"Far West",8,SAGDP11N,"Contributions to percent change in real GDP","Percentage points",77,"711-712","    Performing arts, spectator sports, museums, and related activities",0.06,0.01,0.04,0.01,0.06,0.12,0.01,-0.02,0.03,-0.05,0.01,-0.02,0.03,0.08,0.06,-0.02,0.04,-0.06,0.01,(NA)
 "98000" ,"Far West",8,SAGDP11N,"Contributions to percent change in real GDP","Percentage points",78,"713","    Amusement, gambling, and recreation industries",-0.03,0.03,0.04,-0.07,0.00,0.02,0.03,0.01,0.00,0.02,-0.02,-0.05,0.02,0.00,0.03,0.04,-0.01,0.00,0.02,(NA)
 "98000" ,"Far West",8,SAGDP11N,"Contributions to percent change in real GDP","Percentage points",79,"72","   Accommodation and food services",0.16,0.22,0.25,-0.09,0.11,0.08,0.23,-0.01,0.12,-0.10,-0.16,-0.33,0.09,0.14,0.01,0.11,0.20,0.20,0.04,0.07
 "98000" ,"Far West",8,SAGDP11N,"Contributions to percent change in real GDP","Percentage points",80,"721","    Accommodation",0.04,0.10,0.12,-0.10,0.03,0.03,0.14,-0.01,0.05,-0.02,-0.08,-0.15,0.05,0.07,-0.03,0.03,0.06,0.08,-0.02,(NA)
 "98000" ,"Far West",8,SAGDP11N,"Contributions to percent change in real GDP","Percentage points",81,"722","    Food services and drinking places",0.12,0.12,0.13,0.01,0.08,0.05,0.09,0.00,0.07,-0.08,-0.08,-0.18,0.04,0.07,0.04,0.08,0.14,0.11,0.07,(NA)
 "98000" ,"Far West",8,SAGDP11N,"Contributions to percent change in real GDP","Percentage points",82,"81","  Other services (except government and government enterprises)",0.17,0.01,0.11,-0.36,0.08,-0.10,0.05,0.03,0.02,-0.07,-0.12,-0.16,-0.05,-0.01,0.02,-0.01,0.07,0.03,0.00,0.02
 "98000" ,"Far West",8,SAGDP11N,"Contributions to percent change in real GDP","Percentage points",83,"..."," Government and government enterprises",0.34,0.22,0.48,0.34,0.27,0.18,0.06,0.12,0.20,0.26,0.29,-0.26,-0.10,0.06,-0.14,-0.03,0.22,0.23,0.35,0.19
 "98000" ,"Far West",8,SAGDP11N,"Contributions to percent change in real GDP","Percentage points",84,"...","  Federal civilian",0.02,0.00,0.04,-0.07,0.03,-0.02,0.00,-0.06,0.01,-0.01,0.02,0.04,0.10,-0.01,-0.02,-0.06,0.04,0.03,0.08,(NA)
 "98000" ,"Far West",8,SAGDP11N,"Contributions to percent change in real GDP","Percentage points",85,"...","  Military",-0.04,-0.04,0.01,0.02,0.04,0.08,0.05,0.04,0.02,0.02,0.08,0.04,0.02,-0.01,0.01,-0.05,-0.06,-0.04,-0.02,(NA)
 "98000" ,"Far West",8,SAGDP11N,"Contributions to percent change in real GDP","Percentage points",86,"...","  State and local",0.36,0.26,0.43,0.40,0.20,0.12,0.01,0.14,0.17,0.25,0.19,-0.33,-0.22,0.08,-0.13,0.08,0.24,0.24,0.29,(NA)
 "98000" ,"Far West",8,SAGDP11N,"Contributions to percent change in real GDP","Percentage points",87,"11, 21","Natural resources and mining",-0.17,0.17,0.07,-0.14,0.24,-0.06,0.10,0.22,0.39,0.00,-0.25,0.59,-0.31,-0.10,0.23,-0.15,0.05,0.18,0.11,-0.07
 "98000" ,"Far West",8,SAGDP11N,"Contributions to percent change in real GDP","Percentage points",88,"42, 44-45","Trade",1.27,0.56,0.73,0.38,0.41,0.68,0.45,0.58,0.33,-0.11,-0.51,-1.19,0.50,0.30,0.11,0.40,0.44,0.62,0.10,0.61
 "98000" ,"Far West",8,SAGDP11N,"Contributions to percent change in real GDP","Percentage points",89,"...","Transportation and utilities",0.04,0.18,0.03,-0.65,0.25,0.03,0.29,0.04,0.35,-0.04,-0.02,-0.21,0.31,0.08,0.03,0.06,0.00,0.11,0.24,0.17
 "98000" ,"Far West",8,SAGDP11N,"Contributions to percent change in real GDP","Percentage points",90,"...","Private goods-producing industries 2/",1.56,2.11,3.06,-1.40,-0.32,1.27,1.48,1.75,1.16,0.53,-0.19,-0.73,-0.69,-0.64,0.55,0.66,0.54,0.89,0.35,0.26
 "98000" ,"Far West",8,SAGDP11N,"Contributions to percent change in real GDP","Percentage points",91,"...","Private services-providing industries 3/",4.15,4.58,3.08,0.50,2.44,2.79,2.80,3.11,2.85,1.26,0.22,-2.78,2.37,2.23,1.97,2.25,2.81,3.63,2.44,2.77
"Note: See the included footnote file."
"SAGDP11N: Contributions to percent change in real GDP 1/"
"Last updated: November 14, 2018; revised statistics for 1997-2017."
"Source: U.S. Department of Commerce / Bureau of Economic Analysis / Regional Economic Accounts"
