GeoFIPS,GeoName,Region,TableName,ComponentName,Unit,IndustryId,IndustryClassification,Description,1997,1998,1999,2000,2001,2002,2003,2004,2005,2006,2007,2008,2009,2010,2011,2012,2013,2014,2015,2016,2017
 "04000" ,"Arizona",6,SAGDP2N,"Gross domestic product (GDP) by state","Millions of current dollars",1,"...","All industry total",132418.0,143392.4,155344.5,164611.6,171474.2,179413.3,192751.2,205420.8,228231.2,248230.7,262322.0,259366.7,243929.4,248210.0,257947.8,268288.8,275199.1,284573.8,297116.4,310928.9,326445.8
 "04000" ,"Arizona",6,SAGDP2N,"Gross domestic product (GDP) by state","Millions of current dollars",2,"..."," Private industries",114513.1,124349.5,135267.2,143472.0,148676.4,155165.9,166767.6,177830.1,198493.3,216405.4,228512.2,223621.5,208884.8,211726.7,220930.0,230468.0,236535.7,245693.0,257528.4,270707.1,284971.7
 "04000" ,"Arizona",6,SAGDP2N,"Gross domestic product (GDP) by state","Millions of current dollars",3,"11","  Agriculture, forestry, fishing, and hunting",1499.4,1622.3,1547.4,1582.7,1518.3,1598.9,1615.1,2192.4,2003.8,1827.5,2136.2,1636.4,1338.4,1677.7,2414.9,1903.9,2359.7,2141.9,2293.8,2583.5,2864.5
 "04000" ,"Arizona",6,SAGDP2N,"Gross domestic product (GDP) by state","Millions of current dollars",4,"111-112","   Farms",1167.9,1255.2,1170.3,1214.5,1123.8,1196.8,1197.5,1765.4,1567.7,1272.1,1563.2,1125.7,840.6,1156.4,1875.1,1372.4,1841.2,1575.1,1690.4,1967.3,(NA)
 "04000" ,"Arizona",6,SAGDP2N,"Gross domestic product (GDP) by state","Millions of current dollars",5,"113-115","   Forestry, fishing, and related activities",331.5,367.1,377.1,368.3,394.5,402.1,417.6,427.0,436.1,555.5,572.9,510.6,497.8,521.3,539.9,531.5,518.5,566.8,603.4,616.1,(NA)
 "04000" ,"Arizona",6,SAGDP2N,"Gross domestic product (GDP) by state","Millions of current dollars",6,"21","  Mining, quarrying, and oil and gas extraction",1610.7,1452.4,1477.0,1514.5,1286.7,1239.9,1395.6,1927.4,3125.0,4372.5,4929.6,5359.7,4798.5,6092.8,7183.1,6433.2,5770.5,5661.8,4275.8,3905.1,4206.9
 "04000" ,"Arizona",6,SAGDP2N,"Gross domestic product (GDP) by state","Millions of current dollars",7,"211","   Oil and gas extraction",2.5,2.9,2.5,3.7,0.5,0.6,0.6,0.4,0.6,0.8,1.0,2.0,3.1,4.6,11.9,37.5,37.9,30.2,12.7,12.1,(NA)
 "04000" ,"Arizona",6,SAGDP2N,"Gross domestic product (GDP) by state","Millions of current dollars",8,"212","   Mining (except oil and gas)",1574.1,1422.8,1450.1,1479.2,1268.3,1218.8,1378.1,1911.6,3105.7,4338.2,4894.4,5284.1,4711.5,5992.4,7068.3,6271.0,5627.9,5512.5,4165.9,3831.9,(NA)
 "04000" ,"Arizona",6,SAGDP2N,"Gross domestic product (GDP) by state","Millions of current dollars",9,"213","   Support activities for mining",34.1,26.8,24.4,31.7,17.9,20.4,16.9,15.4,18.7,33.5,34.2,73.6,84.0,95.8,102.8,124.8,104.6,119.0,97.2,61.1,(NA)
 "04000" ,"Arizona",6,SAGDP2N,"Gross domestic product (GDP) by state","Millions of current dollars",10,"22","  Utilities",3129.7,2987.1,3381.2,3446.7,3507.2,3382.5,3516.6,3843.8,3932.3,4664.1,5094.3,5276.6,5749.0,6041.9,6306.0,6200.1,6335.2,6416.4,6439.9,6784.7,6727.9
 "04000" ,"Arizona",6,SAGDP2N,"Gross domestic product (GDP) by state","Millions of current dollars",11,"23","  Construction",6768.8,8055.9,9031.9,10182.1,10926.9,11266.1,12181.1,14270.9,18287.2,21606.2,22111.9,17757.4,11863.9,9809.1,9623.7,9304.0,10392.8,10889.5,11649.0,12960.4,14296.5
 "04000" ,"Arizona",6,SAGDP2N,"Gross domestic product (GDP) by state","Millions of current dollars",12,"31-33","  Manufacturing",21446.3,22209.4,23913.7,22978.5,22223.3,22328.7,25642.2,21530.0,20572.1,22580.6,24545.8,23502.9,20726.2,22162.4,23243.7,24413.4,22161.2,23965.7,25680.7,26280.6,27382.1
 "04000" ,"Arizona",6,SAGDP2N,"Gross domestic product (GDP) by state","Millions of current dollars",13,"321,327-339","   Durable goods manufacturing",18720.1,19429.4,20733.4,19933.2,19303.0,19565.5,23032.4,18909.7,17689.5,19246.9,20392.8,19493.3,16227.4,17894.3,18911.1,20313.0,18669.2,20062.2,21254.5,21784.0,22466.6
 "04000" ,"Arizona",6,SAGDP2N,"Gross domestic product (GDP) by state","Millions of current dollars",14,"321","    Wood product manufacturing",267.5,327.5,325.1,293.0,329.9,277.9,329.8,386.4,491.5,443.1,361.3,296.4,214.8,168.3,167.6,172.0,204.3,261.3,251.9,291.3,(NA)
 "04000" ,"Arizona",6,SAGDP2N,"Gross domestic product (GDP) by state","Millions of current dollars",15,"327","    Nonmetallic mineral product manufacturing",554.7,611.1,770.2,747.4,637.0,630.5,672.9,747.8,959.9,1226.3,1484.2,907.6,583.2,575.0,522.0,600.0,652.6,770.6,718.0,836.0,(NA)
 "04000" ,"Arizona",6,SAGDP2N,"Gross domestic product (GDP) by state","Millions of current dollars",16,"331","    Primary metal manufacturing",361.2,364.2,353.2,420.0,438.1,373.0,448.3,543.7,360.4,696.9,1095.4,630.2,561.9,482.2,971.1,826.4,852.0,943.6,917.9,676.3,(NA)
 "04000" ,"Arizona",6,SAGDP2N,"Gross domestic product (GDP) by state","Millions of current dollars",17,"332","    Fabricated metal product manufacturing",1307.7,1461.6,1329.2,1478.1,1285.2,1369.8,1227.8,1489.8,1453.7,1391.8,1466.7,1527.5,1271.4,1191.9,1209.7,1388.5,1428.0,1501.9,1723.3,1770.7,(NA)
 "04000" ,"Arizona",6,SAGDP2N,"Gross domestic product (GDP) by state","Millions of current dollars",18,"333","    Machinery manufacturing",645.5,615.0,614.7,691.8,531.0,547.1,604.9,576.2,608.1,639.4,722.8,628.5,639.5,792.3,753.2,720.0,905.9,816.3,817.8,738.5,(NA)
 "04000" ,"Arizona",6,SAGDP2N,"Gross domestic product (GDP) by state","Millions of current dollars",19,"334","    Computer and electronic product manufacturing",11393.9,11532.3,11016.6,11486.2,8691.3,11797.1,14487.1,10677.8,8169.6,9070.1,8117.7,8517.4,7155.6,7975.5,8447.1,9004.4,7630.0,8318.2,9112.6,8397.2,(NA)
 "04000" ,"Arizona",6,SAGDP2N,"Gross domestic product (GDP) by state","Millions of current dollars",20,"335","    Electrical equipment, appliance, and component manufacturing",193.0,175.5,189.6,207.9,170.1,193.7,221.2,148.7,173.9,226.0,317.4,324.0,341.3,348.7,283.7,278.9,260.4,274.6,384.9,357.9,(NA)
 "04000" ,"Arizona",6,SAGDP2N,"Gross domestic product (GDP) by state","Millions of current dollars",21,"3361-3363","    Motor vehicles, bodies and trailers, and parts manufacturing",435.6,463.0,427.1,423.0,398.7,390.7,378.5,384.4,351.3,339.8,363.9,335.8,162.4,223.8,307.2,428.8,419.7,453.5,512.4,670.7,(NA)
 "04000" ,"Arizona",6,SAGDP2N,"Gross domestic product (GDP) by state","Millions of current dollars",22,"3364-3369","    Other transportation equipment manufacturing",2676.0,2922.1,4678.6,3123.6,5749.0,2911.3,3613.8,2913.9,3960.0,3829.9,5060.6,5073.7,3996.4,4669.3,4683.1,5312.8,4568.0,5053.7,5033.7,6295.0,(NA)
 "04000" ,"Arizona",6,SAGDP2N,"Gross domestic product (GDP) by state","Millions of current dollars",23,"337","    Furniture and related product manufacturing",321.7,404.0,408.2,420.8,433.3,354.4,344.2,393.0,466.8,586.4,461.2,344.6,338.2,281.6,260.9,272.5,324.8,346.2,391.4,399.7,(NA)
 "04000" ,"Arizona",6,SAGDP2N,"Gross domestic product (GDP) by state","Millions of current dollars",24,"339","    Miscellaneous manufacturing",563.4,553.0,620.9,641.6,639.4,719.8,703.8,648.0,694.3,797.4,941.7,907.7,962.8,1185.7,1305.5,1308.6,1423.5,1322.2,1390.6,1350.8,(NA)
 "04000" ,"Arizona",6,SAGDP2N,"Gross domestic product (GDP) by state","Millions of current dollars",25,"311-316,322-326","   Nondurable goods manufacturing",2726.2,2780.0,3180.3,3045.3,2920.3,2763.2,2609.8,2620.3,2882.7,3333.7,4153.0,4009.6,4498.7,4268.1,4332.6,4100.4,3492.1,3903.5,4426.2,4496.6,4915.5
 "04000" ,"Arizona",6,SAGDP2N,"Gross domestic product (GDP) by state","Millions of current dollars",26,"311-312","    Food and beverage and tobacco products manufacturing",685.8,683.7,922.9,999.0,977.0,1094.7,1133.0,966.1,946.2,1186.1,1426.6,1551.4,1637.1,1522.7,1520.8,1534.0,1537.1,1783.9,1860.4,1933.2,(NA)
 "04000" ,"Arizona",6,SAGDP2N,"Gross domestic product (GDP) by state","Millions of current dollars",27,"313-314","    Textile mills and textile product mills",77.8,75.0,73.9,72.7,64.9,81.3,77.2,131.0,98.9,94.2,118.1,113.0,106.4,79.9,81.4,102.1,91.9,120.8,142.4,127.3,(NA)
 "04000" ,"Arizona",6,SAGDP2N,"Gross domestic product (GDP) by state","Millions of current dollars",28,"315-316","    Apparel, leather, and allied product manufacturing",42.0,47.3,38.0,48.9,39.3,38.0,32.3,23.0,18.6,15.9,18.7,22.0,19.2,21.5,19.6,18.9,22.6,15.1,23.5,30.5,(NA)
 "04000" ,"Arizona",6,SAGDP2N,"Gross domestic product (GDP) by state","Millions of current dollars",29,"322","    Paper manufacturing",243.6,256.6,259.9,272.8,202.6,202.2,196.6,230.2,271.9,262.8,248.7,225.9,209.9,235.5,234.9,241.4,195.7,190.8,201.7,245.1,(NA)
 "04000" ,"Arizona",6,SAGDP2N,"Gross domestic product (GDP) by state","Millions of current dollars",30,"323","    Printing and related support activities",370.3,399.9,388.0,392.1,339.7,384.5,363.1,401.6,475.4,501.1,469.0,417.2,414.4,441.8,434.7,422.7,452.4,452.5,502.8,488.0,(NA)
 "04000" ,"Arizona",6,SAGDP2N,"Gross domestic product (GDP) by state","Millions of current dollars",31,"324","    Petroleum and coal products manufacturing",19.0,25.9,20.7,30.2,26.1,25.3,45.2,96.9,111.1,125.6,180.2,198.6,116.6,97.9,101.4,70.6,83.6,119.0,151.5,100.4,(NA)
 "04000" ,"Arizona",6,SAGDP2N,"Gross domestic product (GDP) by state","Millions of current dollars",32,"325","    Chemical manufacturing",866.2,855.8,996.9,856.1,810.9,478.0,392.9,419.7,645.6,769.1,1373.6,1075.6,1615.3,1418.2,1491.5,1168.7,612.8,765.6,907.8,1007.6,(NA)
 "04000" ,"Arizona",6,SAGDP2N,"Gross domestic product (GDP) by state","Millions of current dollars",33,"326","    Plastics and rubber products manufacturing",421.7,435.7,480.1,373.6,459.8,459.3,369.5,351.8,315.0,378.9,318.1,405.8,379.9,450.7,448.4,542.0,496.0,455.9,636.2,564.6,(NA)
 "04000" ,"Arizona",6,SAGDP2N,"Gross domestic product (GDP) by state","Millions of current dollars",34,"42","  Wholesale trade",8047.5,8828.6,9289.1,10006.3,10041.6,10128.9,10735.9,11866.8,12825.8,13844.6,15186.4,15294.4,14521.6,14865.2,15327.6,16698.3,16550.1,16739.3,17201.6,17816.6,18627.3
 "04000" ,"Arizona",6,SAGDP2N,"Gross domestic product (GDP) by state","Millions of current dollars",35,"44-45","  Retail trade",10338.7,11459.7,12105.5,13115.9,13716.9,14272.9,15320.8,16418.8,18577.5,20433.9,20751.7,19243.8,17782.2,18176.2,19591.6,20203.0,20365.7,21561.4,22175.5,22847.9,23906.2
 "04000" ,"Arizona",6,SAGDP2N,"Gross domestic product (GDP) by state","Millions of current dollars",36,"48-49","  Transportation and warehousing",3692.1,4092.3,4367.2,4592.2,4428.6,4676.3,5029.2,5799.9,6434.1,7189.9,7220.7,7205.1,6904.3,7513.9,7693.7,8153.2,8125.6,8865.3,9497.0,9860.3,10563.0
 "04000" ,"Arizona",6,SAGDP2N,"Gross domestic product (GDP) by state","Millions of current dollars",37,"481","   Air transportation",1411.9,1483.2,1574.5,1496.4,1241.8,1380.2,1544.1,1890.4,2035.3,2272.8,2383.4,2169.4,2231.7,2792.5,2635.9,2897.8,2767.9,3216.7,3439.5,3614.1,(NA)
 "04000" ,"Arizona",6,SAGDP2N,"Gross domestic product (GDP) by state","Millions of current dollars",38,"482","   Rail transportation",297.2,337.4,355.6,406.4,398.0,383.8,433.7,490.7,564.4,664.4,628.1,739.7,620.8,646.4,745.7,764.9,795.2,837.4,832.6,759.8,(NA)
 "04000" ,"Arizona",6,SAGDP2N,"Gross domestic product (GDP) by state","Millions of current dollars",39,"483","   Water transportation",0.9,2.9,1.5,1.7,6.0,6.2,7.1,8.0,10.3,12.5,13.5,14.7,16.4,17.2,21.8,3.6,2.9,4.1,4.5,1.2,(NA)
 "04000" ,"Arizona",6,SAGDP2N,"Gross domestic product (GDP) by state","Millions of current dollars",40,"484","   Truck transportation",940.0,1046.7,1130.5,1225.4,1254.3,1316.3,1372.2,1524.4,1712.1,1925.0,1931.9,1789.4,1563.8,1599.2,1650.9,1776.9,1751.4,1896.2,2052.9,2151.0,(NA)
 "04000" ,"Arizona",6,SAGDP2N,"Gross domestic product (GDP) by state","Millions of current dollars",41,"485","   Transit and ground passenger transportation",188.8,216.6,246.8,248.7,275.0,287.6,286.4,305.2,361.1,435.4,429.3,482.6,543.6,563.9,599.8,612.2,613.2,647.6,683.4,703.3,(NA)
 "04000" ,"Arizona",6,SAGDP2N,"Gross domestic product (GDP) by state","Millions of current dollars",42,"486","   Pipeline transportation",23.3,35.8,42.4,32.6,36.3,42.9,43.1,47.1,46.1,45.4,53.8,64.8,60.6,71.5,61.8,76.4,74.7,83.0,106.1,112.2,(NA)
 "04000" ,"Arizona",6,SAGDP2N,"Gross domestic product (GDP) by state","Millions of current dollars",43,"487-488, 492","   Other transportation and support activities",635.4,711.4,742.6,872.3,899.6,902.4,937.3,1092.9,1250.3,1349.3,1295.9,1407.4,1341.0,1332.3,1449.2,1462.8,1557.0,1623.2,1783.2,1875.7,(NA)
 "04000" ,"Arizona",6,SAGDP2N,"Gross domestic product (GDP) by state","Millions of current dollars",44,"493","   Warehousing and storage",194.6,258.5,273.4,308.6,317.6,356.9,405.2,441.3,454.4,485.1,484.9,537.1,526.3,490.8,528.6,558.7,563.2,557.3,594.8,643.1,(NA)
 "04000" ,"Arizona",6,SAGDP2N,"Gross domestic product (GDP) by state","Millions of current dollars",45,"51","  Information",4158.0,4785.4,5179.6,5187.9,5600.3,6458.1,6376.8,6648.6,6671.4,6979.3,7268.9,7627.2,7421.6,7407.5,7267.5,7248.0,8145.8,8968.0,9713.3,10735.2,11266.9
 "04000" ,"Arizona",6,SAGDP2N,"Gross domestic product (GDP) by state","Millions of current dollars",46,"511","   Publishing industries (except Internet)",807.8,872.1,1100.0,1096.4,916.7,1179.9,1286.1,1551.2,1727.5,1681.1,1954.5,1643.7,1395.2,1428.7,1435.3,1654.7,1638.1,1716.4,1732.5,1863.6,(NA)
 "04000" ,"Arizona",6,SAGDP2N,"Gross domestic product (GDP) by state","Millions of current dollars",47,"512","   Motion picture and sound recording industries",146.8,237.8,313.0,168.8,223.5,301.2,199.1,282.9,174.3,198.2,244.1,316.4,296.2,256.8,242.7,252.9,272.7,280.1,290.3,327.3,(NA)
 "04000" ,"Arizona",6,SAGDP2N,"Gross domestic product (GDP) by state","Millions of current dollars",48,"515, 517","   Broadcasting (except Internet) and telecommunications",2889.7,3210.3,3306.4,3634.6,3941.4,3994.1,3953.6,3779.8,3800.1,3983.9,4370.6,4628.0,4596.4,4291.5,4118.5,3893.1,4393.8,4746.9,5345.2,5397.5,(NA)
 "04000" ,"Arizona",6,SAGDP2N,"Gross domestic product (GDP) by state","Millions of current dollars",49,"518, 519","   Data processing, hosting, and other information services",313.7,465.2,460.1,288.0,518.7,982.9,938.0,1034.6,969.4,1116.1,699.7,1039.0,1133.8,1430.5,1471.0,1447.3,1841.2,2224.5,2345.2,3146.8,(NA)
 "04000" ,"Arizona",6,SAGDP2N,"Gross domestic product (GDP) by state","Millions of current dollars",50,"52, 53","  Finance, insurance, real estate, rental, and leasing",25284.0,27719.6,31053.1,33403.1,36608.9,38726.7,40907.7,44051.8,51371.1,52214.4,54105.4,52905.3,51153.9,50624.9,52185.9,56709.4,60188.8,61832.6,66287.0,70817.1,73578.9
 "04000" ,"Arizona",6,SAGDP2N,"Gross domestic product (GDP) by state","Millions of current dollars",51,"52","   Finance and insurance",8428.3,9755.1,10821.7,11446.3,12841.2,13147.4,14862.5,16087.7,17776.6,14570.9,14718.8,12843.0,12574.8,13721.0,15321.3,18225.8,18979.4,18894.6,20415.0,21802.8,23019.6
 "04000" ,"Arizona",6,SAGDP2N,"Gross domestic product (GDP) by state","Millions of current dollars",52,"521-522","    Monetary Authorities- central bank, credit intermediation, and related services",4066.1,4786.3,5777.9,5581.2,6962.9,7633.7,8584.2,8662.4,11104.7,7834.1,7938.5,6786.0,6272.7,5516.0,7099.2,8389.3,8672.4,9478.1,9850.7,11183.2,(NA)
 "04000" ,"Arizona",6,SAGDP2N,"Gross domestic product (GDP) by state","Millions of current dollars",53,"523","    Securities, commodity contracts, and other financial investments and related activities",673.2,698.5,732.1,840.5,1173.7,1105.4,1008.6,1008.1,1252.5,1451.2,1294.4,601.3,1367.9,1366.3,1323.6,1804.7,2278.6,2203.9,2130.2,2608.0,(NA)
 "04000" ,"Arizona",6,SAGDP2N,"Gross domestic product (GDP) by state","Millions of current dollars",54,"524","    Insurance carriers and related activities",3618.7,4128.8,4123.8,4847.5,4433.2,4195.9,4893.5,6025.1,4907.1,4766.7,5302.4,5342.6,4908.9,6790.3,6867.7,7971.8,7924.3,7067.7,8071.0,7911.1,(NA)
 "04000" ,"Arizona",6,SAGDP2N,"Gross domestic product (GDP) by state","Millions of current dollars",55,"525","    Funds, trusts, and other financial vehicles",70.4,141.5,188.0,177.0,271.4,212.4,376.2,392.1,512.3,518.9,183.5,113.1,25.3,48.5,30.9,60.1,104.1,144.9,363.1,100.5,(NA)
 "04000" ,"Arizona",6,SAGDP2N,"Gross domestic product (GDP) by state","Millions of current dollars",56,"53","   Real estate and rental and leasing",16855.7,17964.5,20231.4,21956.9,23767.7,25579.3,26045.3,27964.1,33594.5,37643.5,39386.6,40062.3,38579.0,36903.9,36864.6,38483.5,41209.4,42937.9,45872.0,49014.3,50559.3
 "04000" ,"Arizona",6,SAGDP2N,"Gross domestic product (GDP) by state","Millions of current dollars",57,"531","    Real estate",14818.6,15637.9,17403.1,18884.2,20245.4,21957.3,22734.8,24918.9,30389.5,33692.5,35641.3,36214.4,35058.6,33655.0,33653.6,34689.5,37301.7,38933.7,41088.7,43678.9,(NA)
 "04000" ,"Arizona",6,SAGDP2N,"Gross domestic product (GDP) by state","Millions of current dollars",58,"532-533","    Rental and leasing services and lessors of nonfinancial intangible assets",2037.0,2326.6,2828.3,3072.7,3522.3,3622.0,3310.5,3045.2,3205.0,3951.0,3745.2,3847.9,3520.4,3248.9,3211.0,3794.0,3907.7,4004.2,4783.4,5335.4,(NA)
 "04000" ,"Arizona",6,SAGDP2N,"Gross domestic product (GDP) by state","Millions of current dollars",59,"54, 55, 56","  Professional and business services",11809.7,12921.3,14489.0,16343.2,17135.7,17596.5,18743.3,21233.0,23803.4,26627.8,28791.1,29889.9,27823.6,27545.8,28582.3,29495.4,31065.0,32530.6,33950.4,35256.5,37250.0
 "04000" ,"Arizona",6,SAGDP2N,"Gross domestic product (GDP) by state","Millions of current dollars",60,"54","   Professional, scientific, and technical services",6301.4,6806.8,7506.8,8247.4,8514.3,8910.0,9173.5,10316.0,11606.2,13096.3,14226.0,15102.4,14135.6,14136.6,15052.0,15382.6,15708.1,16151.7,16876.2,17553.4,18441.9
 "04000" ,"Arizona",6,SAGDP2N,"Gross domestic product (GDP) by state","Millions of current dollars",61,"5411","    Legal services",1168.3,1231.0,1272.9,1380.1,1474.2,1606.2,1655.3,1774.0,1991.4,2162.5,2386.8,2624.4,2496.8,2406.7,2473.8,2523.3,2455.9,2508.9,2474.8,2615.1,(NA)
 "04000" ,"Arizona",6,SAGDP2N,"Gross domestic product (GDP) by state","Millions of current dollars",62,"5415","    Computer systems design and related services",691.8,869.4,1039.4,1165.5,1124.6,1000.7,1137.9,1412.4,1709.8,1989.4,2296.9,2545.8,2608.9,2726.0,3138.2,2937.2,3029.4,3127.5,3690.7,3986.7,(NA)
 "04000" ,"Arizona",6,SAGDP2N,"Gross domestic product (GDP) by state","Millions of current dollars",63,"5412-5414, 5416-5419","    Miscellaneous professional, scientific, and technical services",4441.3,4706.5,5194.5,5701.7,5915.4,6303.1,6380.2,7129.6,7904.9,8944.4,9542.3,9932.1,9029.8,9003.9,9440.0,9922.1,10222.8,10515.2,10710.7,10951.6,(NA)
 "04000" ,"Arizona",6,SAGDP2N,"Gross domestic product (GDP) by state","Millions of current dollars",64,"55","   Management of companies and enterprises",1073.7,1221.7,1267.1,1489.3,1684.9,1681.1,1869.4,2254.7,2124.2,2433.3,2895.2,2990.4,2872.5,2775.5,2759.8,3052.3,3450.1,3738.7,3780.1,3792.8,4030.5
 "04000" ,"Arizona",6,SAGDP2N,"Gross domestic product (GDP) by state","Millions of current dollars",65,"56","   Administrative and support and waste management and remediation services",4434.6,4892.7,5715.2,6606.5,6936.5,7005.4,7700.5,8662.3,10073.0,11098.2,11670.0,11797.1,10815.5,10633.7,10770.5,11060.6,11906.8,12640.2,13294.1,13910.3,14777.6
 "04000" ,"Arizona",6,SAGDP2N,"Gross domestic product (GDP) by state","Millions of current dollars",66,"561","    Administrative and support services",4169.1,4616.2,5307.0,6169.6,6440.7,6474.1,6996.9,7713.4,9141.7,10176.3,10845.7,10890.4,9779.9,9666.5,10027.4,10419.3,11229.2,11842.1,12521.3,13099.9,(NA)
 "04000" ,"Arizona",6,SAGDP2N,"Gross domestic product (GDP) by state","Millions of current dollars",67,"562","    Waste management and remediation services",265.5,276.5,408.2,436.9,495.8,531.3,703.6,948.9,931.3,921.9,824.3,906.7,1035.6,967.2,743.1,641.3,677.6,798.2,772.8,810.4,(NA)
 "04000" ,"Arizona",6,SAGDP2N,"Gross domestic product (GDP) by state","Millions of current dollars",68,"61, 62","  Educational services, health care, and social assistance",8192.7,8749.6,9317.4,9967.9,10841.5,11951.3,13289.5,14890.8,16137.5,17970.3,19550.0,21887.5,23358.9,24330.6,25366.6,26198.8,26740.4,27524.3,28670.5,30312.9,31977.0
 "04000" ,"Arizona",6,SAGDP2N,"Gross domestic product (GDP) by state","Millions of current dollars",69,"61","   Educational services",638.0,732.5,773.2,903.4,936.9,1131.0,1329.5,1693.5,1852.5,2001.4,2165.7,2522.2,2971.3,3331.0,3477.8,3684.3,3602.8,3728.8,3829.3,3874.1,3870.5
 "04000" ,"Arizona",6,SAGDP2N,"Gross domestic product (GDP) by state","Millions of current dollars",70,"62","   Health care and social assistance",7554.6,8017.1,8544.3,9064.5,9904.6,10820.3,11959.9,13197.3,14285.1,15968.9,17384.2,19365.3,20387.6,20999.6,21888.9,22514.5,23137.6,23795.6,24841.1,26438.9,28106.4
 "04000" ,"Arizona",6,SAGDP2N,"Gross domestic product (GDP) by state","Millions of current dollars",71,"621","    Ambulatory health care services",4158.2,4386.8,4639.8,5037.5,5508.0,5965.1,6580.2,7281.6,8034.8,8981.6,9615.5,10559.1,11061.5,11395.7,12108.7,12397.1,12757.3,12942.3,13396.9,14325.7,(NA)
 "04000" ,"Arizona",6,SAGDP2N,"Gross domestic product (GDP) by state","Millions of current dollars",72,"622","    Hospitals",2182.4,2353.8,2519.4,2518.6,2732.0,3051.4,3416.9,3887.6,4090.8,4624.6,5190.5,5996.9,6479.3,6620.5,6776.7,6977.7,7110.7,7341.2,7663.6,8043.2,(NA)
 "04000" ,"Arizona",6,SAGDP2N,"Gross domestic product (GDP) by state","Millions of current dollars",73,"623","    Nursing and residential care facilities",709.3,724.9,766.4,822.5,902.9,969.3,1046.7,1068.2,1152.5,1279.3,1360.1,1498.9,1541.4,1644.3,1703.4,1778.9,1856.4,1971.3,2075.1,2224.4,(NA)
 "04000" ,"Arizona",6,SAGDP2N,"Gross domestic product (GDP) by state","Millions of current dollars",74,"624","    Social assistance",504.7,551.6,618.6,685.9,761.7,834.5,916.1,959.8,1006.9,1083.4,1218.0,1310.3,1305.4,1339.2,1300.2,1360.9,1413.2,1540.7,1705.5,1845.5,(NA)
 "04000" ,"Arizona",6,SAGDP2N,"Gross domestic product (GDP) by state","Millions of current dollars",75,"71, 72","  Arts, entertainment, recreation, accommodation, and food services",5270.5,5777.9,6291.2,7042.9,7048.1,7488.7,8030.1,8951.9,10166.6,10996.0,11534.7,10881.4,10434.6,10544.8,11086.9,12173.8,12849.0,12736.6,13619.1,14286.6,15761.3
 "04000" ,"Arizona",6,SAGDP2N,"Gross domestic product (GDP) by state","Millions of current dollars",76,"71","   Arts, entertainment, and recreation",1193.8,1352.6,1483.4,1716.8,1649.3,1852.7,2050.1,2009.3,2022.5,2074.7,2093.1,2045.6,2017.0,2053.3,2136.2,2563.2,2822.6,3093.4,3108.7,3360.5,3747.9
 "04000" ,"Arizona",6,SAGDP2N,"Gross domestic product (GDP) by state","Millions of current dollars",77,"711-712","    Performing arts, spectator sports, museums, and related activities",625.6,791.5,847.6,991.8,1017.7,1208.6,1398.9,1241.9,1188.8,1171.8,1095.8,1042.5,1069.2,1055.1,1137.0,1463.4,1602.6,1749.1,1721.1,2004.1,(NA)
 "04000" ,"Arizona",6,SAGDP2N,"Gross domestic product (GDP) by state","Millions of current dollars",78,"713","    Amusement, gambling, and recreation industries",568.2,561.1,635.9,725.0,631.6,644.0,651.3,767.5,833.6,902.9,997.2,1003.1,947.8,998.2,999.1,1099.8,1220.0,1344.2,1387.6,1356.4,(NA)
 "04000" ,"Arizona",6,SAGDP2N,"Gross domestic product (GDP) by state","Millions of current dollars",79,"72","   Accommodation and food services",4076.8,4425.2,4807.7,5326.1,5398.8,5636.0,5980.0,6942.6,8144.2,8921.3,9441.6,8835.8,8417.7,8491.5,8950.7,9610.6,10026.4,9643.2,10510.4,10926.1,12013.5
 "04000" ,"Arizona",6,SAGDP2N,"Gross domestic product (GDP) by state","Millions of current dollars",80,"721","    Accommodation",1603.9,1687.0,1766.3,1985.8,1903.2,1924.7,1953.9,2235.4,2884.5,2992.1,3274.4,2857.7,2590.0,2717.0,3090.3,3491.6,3706.4,2849.8,3106.3,3157.2,(NA)
 "04000" ,"Arizona",6,SAGDP2N,"Gross domestic product (GDP) by state","Millions of current dollars",81,"722","    Food services and drinking places",2472.9,2738.2,3041.4,3340.3,3495.5,3711.3,4026.1,4707.1,5259.7,5929.2,6167.2,5978.1,5827.7,5774.5,5860.4,6119.0,6320.0,6793.5,7404.1,7769.0,(NA)
 "04000" ,"Arizona",6,SAGDP2N,"Gross domestic product (GDP) by state","Millions of current dollars",82,"81","  Other services (except government and government enterprises)",3265.0,3688.2,3823.9,4108.1,3792.4,4050.5,3983.5,4204.1,4585.4,5098.3,5285.6,5153.9,5008.1,4933.9,5056.6,5333.3,5486.1,5859.7,6074.8,6259.7,6563.2
 "04000" ,"Arizona",6,SAGDP2N,"Gross domestic product (GDP) by state","Millions of current dollars",83,"..."," Government and government enterprises",17904.9,19042.9,20077.4,21139.5,22797.9,24247.3,25983.6,27590.7,29737.9,31825.2,33809.8,35745.2,35044.7,36483.3,37017.8,37820.8,38663.4,38880.8,39588.0,40221.8,41474.1
 "04000" ,"Arizona",6,SAGDP2N,"Gross domestic product (GDP) by state","Millions of current dollars",84,"...","  Federal civilian",2942.2,3135.5,3371.0,3659.7,3832.5,4063.1,4390.3,4720.6,5073.6,5227.1,5575.7,5919.3,6204.4,6443.0,6612.0,6614.2,6498.2,6625.1,7106.0,7297.1,(NA)
 "04000" ,"Arizona",6,SAGDP2N,"Gross domestic product (GDP) by state","Millions of current dollars",85,"...","  Military",1804.2,1843.7,1856.3,1893.4,1930.1,2151.7,2504.1,2645.3,2807.7,2806.9,2934.9,3250.3,3665.5,3953.0,3948.1,3904.3,3806.9,3703.6,3609.0,3574.9,(NA)
 "04000" ,"Arizona",6,SAGDP2N,"Gross domestic product (GDP) by state","Millions of current dollars",86,"...","  State and local",13158.5,14063.7,14850.1,15586.4,17035.3,18032.5,19089.2,20224.8,21856.7,23791.2,25299.3,26575.6,25174.9,26087.3,26457.8,27302.4,28358.3,28552.1,28873.1,29349.8,(NA)
 "04000" ,"Arizona",6,SAGDP2N,"Gross domestic product (GDP) by state","Millions of current dollars",87,"11, 21","Natural resources and mining",3110.1,3074.7,3024.4,3097.3,2805.0,2838.7,3010.7,4119.8,5128.8,6200.0,7065.8,6996.1,6137.0,7770.5,9598.0,8337.1,8130.1,7803.7,6569.6,6488.5,7071.4
 "04000" ,"Arizona",6,SAGDP2N,"Gross domestic product (GDP) by state","Millions of current dollars",88,"42, 44-45","Trade",18386.2,20288.3,21394.6,23122.1,23758.5,24401.8,26056.7,28285.6,31403.4,34278.5,35938.1,34538.2,32303.9,33041.3,34919.1,36901.3,36915.8,38300.7,39377.1,40664.4,42533.5
 "04000" ,"Arizona",6,SAGDP2N,"Gross domestic product (GDP) by state","Millions of current dollars",89,"...","Transportation and utilities",6821.8,7079.4,7748.4,8038.9,7935.7,8058.8,8545.8,9643.7,10366.3,11854.0,12314.9,12481.7,12653.2,13555.8,13999.7,14353.4,14460.7,15281.7,15936.9,16645.0,17290.8
 "04000" ,"Arizona",6,SAGDP2N,"Gross domestic product (GDP) by state","Millions of current dollars",90,"...","Private goods-producing industries 2/",31325.2,33340.0,35970.0,36257.9,35955.3,36433.6,40834.0,39920.7,43988.1,50386.9,53723.5,48256.3,38727.0,39742.0,42465.4,42054.5,40684.1,42658.9,43899.3,45729.5,48750.1
 "04000" ,"Arizona",6,SAGDP2N,"Gross domestic product (GDP) by state","Millions of current dollars",91,"...","Private services-providing industries 3/",83187.9,91009.5,99297.2,107214.1,112721.1,118732.4,125933.5,137909.5,154505.1,166018.5,174788.7,175365.2,170157.7,171984.7,178464.6,188413.5,195851.6,203034.1,213629.1,224977.6,236221.6
"Note: See the included footnote file."
"SAGDP2N: Gross domestic product (GDP) by state 1/"
"Last updated: November 14, 2018; revised statistics for 1997-2017."
"Source: U.S. Department of Commerce / Bureau of Economic Analysis / Regional Economic Accounts"
