GeoFIPS,GeoName,Region,TableName,ComponentName,Unit,IndustryId,IndustryClassification,Description,1998,1999,2000,2001,2002,2003,2004,2005,2006,2007,2008,2009,2010,2011,2012,2013,2014,2015,2016,2017
 "09000" ,"Connecticut",1,SAGDP11N,"Contributions to percent change in real GDP","Percent change",1,"...","All industry total (percent change)",2.9,3.0,7.0,1.8,-0.1,1.0,6.7,2.3,3.8,3.8,-0.5,-4.5,-0.2,-2.2,0.7,-1.1,-1.5,1.9,-0.1,-1.1
 "09000" ,"Connecticut",1,SAGDP11N,"Contributions to percent change in real GDP","Percentage points",2,"..."," Private industries",2.70,2.79,6.73,1.51,-0.34,1.10,6.56,1.94,3.80,3.63,-0.68,-3.98,-0.15,-2.14,0.96,-1.09,-1.45,1.74,-0.04,-1.06
 "09000" ,"Connecticut",1,SAGDP11N,"Contributions to percent change in real GDP","Percentage points",3,"11","  Agriculture, forestry, fishing, and hunting",0.03,0.03,0.06,-0.03,0.00,-0.01,0.00,0.02,0.00,-0.03,0.00,0.02,-0.01,-0.04,0.01,0.00,-0.02,0.03,0.00,-0.01
 "09000" ,"Connecticut",1,SAGDP11N,"Contributions to percent change in real GDP","Percentage points",4,"111-112","   Farms",0.03,0.03,0.05,-0.03,0.00,-0.01,0.00,0.02,0.00,-0.03,0.00,0.03,-0.01,-0.04,0.01,0.00,-0.02,0.03,0.00,(NA)
 "09000" ,"Connecticut",1,SAGDP11N,"Contributions to percent change in real GDP","Percentage points",5,"113-115","   Forestry, fishing, and related activities",0.00,0.00,0.01,0.00,0.00,0.00,0.00,0.00,0.01,-0.01,0.00,0.00,0.00,0.00,0.00,0.00,0.00,0.00,0.00,(NA)
 "09000" ,"Connecticut",1,SAGDP11N,"Contributions to percent change in real GDP","Percentage points",6,"21","  Mining, quarrying, and oil and gas extraction",0.02,0.00,0.01,0.00,0.00,0.01,-0.01,-0.01,0.00,0.00,-0.02,-0.01,0.01,-0.01,0.01,0.00,0.01,0.03,0.04,-0.04
 "09000" ,"Connecticut",1,SAGDP11N,"Contributions to percent change in real GDP","Percentage points",7,"211","   Oil and gas extraction",0.00,0.00,0.00,0.00,0.00,0.00,0.00,0.00,0.00,0.00,0.00,0.00,0.00,0.00,0.00,0.00,0.00,0.00,0.00,(NA)
 "09000" ,"Connecticut",1,SAGDP11N,"Contributions to percent change in real GDP","Percentage points",8,"212","   Mining (except oil and gas)",0.02,0.00,0.01,0.00,0.00,0.01,-0.01,-0.01,0.00,0.00,-0.02,-0.01,0.01,-0.02,0.01,0.00,0.01,0.04,0.04,(NA)
 "09000" ,"Connecticut",1,SAGDP11N,"Contributions to percent change in real GDP","Percentage points",9,"213","   Support activities for mining",0.00,0.00,0.00,0.00,0.00,0.00,0.00,0.00,0.00,0.00,0.00,0.00,0.00,0.00,0.00,0.00,0.00,0.00,0.00,(NA)
 "09000" ,"Connecticut",1,SAGDP11N,"Contributions to percent change in real GDP","Percentage points",10,"22","  Utilities",-0.07,0.26,0.00,-0.37,-0.03,0.04,0.16,0.18,0.05,0.12,0.17,-0.14,-0.06,-0.10,0.26,-0.04,-0.04,-0.21,-0.10,-0.16
 "09000" ,"Connecticut",1,SAGDP11N,"Contributions to percent change in real GDP","Percentage points",11,"23","  Construction",0.00,0.09,0.20,-0.06,-0.27,0.03,0.21,-0.04,-0.07,-0.06,-0.36,-0.27,-0.14,-0.08,0.03,-0.08,-0.09,0.07,0.04,-0.02
 "09000" ,"Connecticut",1,SAGDP11N,"Contributions to percent change in real GDP","Percentage points",12,"31-33","  Manufacturing",-0.09,0.56,0.52,0.05,1.29,0.26,2.59,0.07,2.64,0.37,-0.64,-5.23,0.32,-0.51,-0.14,0.28,-0.63,-0.19,-0.98,0.22
 "09000" ,"Connecticut",1,SAGDP11N,"Contributions to percent change in real GDP","Percentage points",13,"321,327-339","   Durable goods manufacturing",0.10,-0.26,0.35,0.08,-0.71,0.59,0.10,0.33,0.51,0.11,0.23,-0.40,1.01,-0.18,0.24,0.09,-0.42,0.00,-0.53,0.21
 "09000" ,"Connecticut",1,SAGDP11N,"Contributions to percent change in real GDP","Percentage points",14,"321","    Wood product manufacturing",0.00,-0.01,-0.01,0.01,0.01,-0.01,-0.01,0.00,0.01,0.01,0.00,-0.01,-0.01,0.01,0.00,0.00,0.00,0.00,0.00,(NA)
 "09000" ,"Connecticut",1,SAGDP11N,"Contributions to percent change in real GDP","Percentage points",15,"327","    Nonmetallic mineral product manufacturing",-0.03,0.06,-0.01,-0.02,-0.03,-0.01,0.01,0.00,-0.02,0.02,0.01,-0.03,0.00,0.02,0.01,-0.02,0.00,0.00,0.00,(NA)
 "09000" ,"Connecticut",1,SAGDP11N,"Contributions to percent change in real GDP","Percentage points",16,"331","    Primary metal manufacturing",-0.01,0.03,-0.02,0.00,0.01,-0.11,0.07,-0.05,0.01,0.00,-0.01,0.04,-0.01,0.01,0.01,0.02,-0.03,0.00,0.02,(NA)
 "09000" ,"Connecticut",1,SAGDP11N,"Contributions to percent change in real GDP","Percentage points",17,"332","    Fabricated metal product manufacturing",0.02,-0.21,0.03,-0.30,0.01,-0.01,0.14,0.13,-0.02,0.04,-0.06,-0.32,0.12,0.10,0.07,0.09,-0.17,-0.03,-0.01,(NA)
 "09000" ,"Connecticut",1,SAGDP11N,"Contributions to percent change in real GDP","Percentage points",18,"333","    Machinery manufacturing",-0.12,-0.02,-0.05,0.24,-0.29,-0.10,0.01,-0.04,0.07,-0.01,0.00,-0.20,-0.04,-0.06,0.15,0.05,-0.03,-0.14,-0.07,(NA)
 "09000" ,"Connecticut",1,SAGDP11N,"Contributions to percent change in real GDP","Percentage points",19,"334","    Computer and electronic product manufacturing",0.25,0.13,0.46,-0.02,-0.04,0.11,0.05,0.09,0.09,0.08,0.15,0.09,0.09,0.00,0.05,0.08,0.14,-0.03,-0.04,(NA)
 "09000" ,"Connecticut",1,SAGDP11N,"Contributions to percent change in real GDP","Percentage points",20,"335","    Electrical equipment, appliance, and component manufacturing",-0.15,-0.11,0.16,-0.02,-0.04,0.22,-0.21,0.06,0.05,-0.14,0.19,-0.05,0.00,0.03,-0.05,0.09,-0.06,-0.14,-0.02,(NA)
 "09000" ,"Connecticut",1,SAGDP11N,"Contributions to percent change in real GDP","Percentage points",21,"3361-3363","    Motor vehicles, bodies and trailers, and parts manufacturing",0.04,-0.01,0.02,-0.03,0.01,0.00,0.05,-0.01,0.03,-0.02,-0.02,-0.10,0.08,0.04,-0.01,0.01,0.00,0.00,-0.02,(NA)
 "09000" ,"Connecticut",1,SAGDP11N,"Contributions to percent change in real GDP","Percentage points",22,"3364-3369","    Other transportation equipment manufacturing",0.00,-0.35,0.22,0.30,-0.08,0.47,-0.02,0.10,0.28,0.10,-0.03,0.15,0.60,-0.34,0.12,-0.39,-0.32,0.46,-0.49,(NA)
 "09000" ,"Connecticut",1,SAGDP11N,"Contributions to percent change in real GDP","Percentage points",23,"337","    Furniture and related product manufacturing",0.01,-0.01,0.02,-0.01,-0.01,-0.01,0.01,0.01,0.01,0.00,-0.02,-0.02,0.00,0.00,0.00,0.00,0.00,-0.01,0.00,(NA)
 "09000" ,"Connecticut",1,SAGDP11N,"Contributions to percent change in real GDP","Percentage points",24,"339","    Miscellaneous manufacturing",0.08,0.24,-0.47,-0.07,-0.26,0.03,0.01,0.04,0.01,0.03,0.02,0.04,0.19,0.02,-0.10,0.16,0.04,-0.11,0.08,(NA)
 "09000" ,"Connecticut",1,SAGDP11N,"Contributions to percent change in real GDP","Percentage points",25,"311-316,322-326","   Nondurable goods manufacturing",-0.19,0.82,0.17,-0.02,2.00,-0.34,2.49,-0.26,2.13,0.26,-0.86,-4.83,-0.69,-0.34,-0.38,0.19,-0.20,-0.19,-0.44,0.01
 "09000" ,"Connecticut",1,SAGDP11N,"Contributions to percent change in real GDP","Percentage points",26,"311-312","    Food and beverage and tobacco products manufacturing",0.01,0.02,0.07,-0.03,0.08,0.07,-0.10,0.15,0.10,-0.10,-0.17,-0.06,-0.06,0.01,-0.02,0.06,-0.06,0.02,-0.03,(NA)
 "09000" ,"Connecticut",1,SAGDP11N,"Contributions to percent change in real GDP","Percentage points",27,"313-314","    Textile mills and textile product mills",-0.01,0.02,0.00,-0.01,-0.02,-0.01,0.01,0.02,0.01,0.02,0.00,-0.03,0.00,-0.01,0.00,0.00,0.01,0.00,0.01,(NA)
 "09000" ,"Connecticut",1,SAGDP11N,"Contributions to percent change in real GDP","Percentage points",28,"315-316","    Apparel, leather, and allied product manufacturing",-0.03,-0.08,0.01,-0.02,-0.01,0.01,0.04,-0.03,-0.03,0.03,-0.01,-0.02,0.00,0.01,0.00,0.00,0.00,0.00,0.00,(NA)
 "09000" ,"Connecticut",1,SAGDP11N,"Contributions to percent change in real GDP","Percentage points",29,"322","    Paper manufacturing",-0.06,0.05,-0.12,-0.04,-0.03,0.06,-0.04,-0.04,-0.01,-0.04,-0.03,-0.01,-0.09,0.04,-0.02,0.03,-0.03,-0.03,-0.04,(NA)
 "09000" ,"Connecticut",1,SAGDP11N,"Contributions to percent change in real GDP","Percentage points",30,"323","    Printing and related support activities",-0.02,-0.01,0.03,-0.04,0.00,0.01,0.02,0.00,0.01,-0.01,-0.01,-0.04,0.02,0.01,-0.03,-0.01,0.00,0.00,0.00,(NA)
 "09000" ,"Connecticut",1,SAGDP11N,"Contributions to percent change in real GDP","Percentage points",31,"324","    Petroleum and coal products manufacturing",0.01,-0.02,-0.01,-0.01,0.03,0.01,0.00,-0.04,-0.01,0.00,0.02,0.01,-0.02,-0.03,0.01,0.02,0.04,-0.02,0.01,(NA)
 "09000" ,"Connecticut",1,SAGDP11N,"Contributions to percent change in real GDP","Percentage points",32,"325","    Chemical manufacturing",-0.09,0.82,0.14,0.19,1.94,-0.51,2.58,-0.32,2.07,0.37,-0.64,-4.66,-0.56,-0.38,-0.35,0.10,-0.13,-0.20,-0.38,(NA)
 "09000" ,"Connecticut",1,SAGDP11N,"Contributions to percent change in real GDP","Percentage points",33,"326","    Plastics and rubber products manufacturing",-0.01,0.03,0.04,-0.05,0.02,0.02,-0.01,0.01,-0.01,0.00,-0.04,-0.02,0.02,0.00,0.03,-0.03,-0.04,0.03,-0.01,(NA)
 "09000" ,"Connecticut",1,SAGDP11N,"Contributions to percent change in real GDP","Percentage points",34,"42","  Wholesale trade",0.40,0.01,0.44,0.21,-0.07,0.29,0.15,0.38,0.27,0.19,0.21,-0.58,0.37,0.00,0.30,0.05,0.10,0.29,-0.14,-0.03
 "09000" ,"Connecticut",1,SAGDP11N,"Contributions to percent change in real GDP","Percentage points",35,"44-45","  Retail trade",0.49,0.20,0.28,0.28,0.19,0.24,-0.04,0.04,-0.25,-0.18,-0.18,-0.15,0.00,0.05,0.14,0.03,0.04,0.04,0.04,0.05
 "09000" ,"Connecticut",1,SAGDP11N,"Contributions to percent change in real GDP","Percentage points",36,"48-49","  Transportation and warehousing",0.05,-0.02,0.07,-0.12,-0.05,0.09,0.10,0.08,0.06,0.21,-0.08,-0.09,-0.11,0.02,0.02,0.00,0.06,0.17,-0.12,-0.11
 "09000" ,"Connecticut",1,SAGDP11N,"Contributions to percent change in real GDP","Percentage points",37,"481","   Air transportation",0.00,0.00,-0.02,-0.05,0.01,0.01,0.02,0.02,0.01,0.05,-0.02,-0.02,0.01,0.01,-0.01,-0.01,0.00,0.00,0.01,(NA)
 "09000" ,"Connecticut",1,SAGDP11N,"Contributions to percent change in real GDP","Percentage points",38,"482","   Rail transportation",0.01,0.00,0.00,0.00,-0.01,0.00,0.00,-0.01,0.00,0.00,0.00,0.00,-0.01,0.01,0.00,0.00,0.00,0.00,0.00,(NA)
 "09000" ,"Connecticut",1,SAGDP11N,"Contributions to percent change in real GDP","Percentage points",39,"483","   Water transportation",0.02,-0.02,0.03,-0.01,-0.06,0.00,-0.01,-0.02,0.04,0.23,-0.07,0.05,-0.10,0.01,-0.01,0.00,0.00,0.06,-0.07,(NA)
 "09000" ,"Connecticut",1,SAGDP11N,"Contributions to percent change in real GDP","Percentage points",40,"484","   Truck transportation",-0.01,0.01,0.03,-0.02,-0.02,-0.01,0.00,0.00,0.00,0.00,-0.02,-0.02,0.01,0.02,-0.01,0.00,0.00,0.00,0.01,(NA)
 "09000" ,"Connecticut",1,SAGDP11N,"Contributions to percent change in real GDP","Percentage points",41,"485","   Transit and ground passenger transportation",0.00,0.03,0.01,0.00,0.00,0.00,0.01,0.00,0.01,0.00,0.01,-0.03,0.00,0.01,0.02,0.00,0.02,0.00,-0.05,(NA)
 "09000" ,"Connecticut",1,SAGDP11N,"Contributions to percent change in real GDP","Percentage points",42,"486","   Pipeline transportation",0.02,-0.01,-0.01,0.00,0.00,0.00,0.00,0.00,0.00,0.00,0.00,0.00,0.01,-0.01,0.01,0.03,0.00,0.07,-0.03,(NA)
 "09000" ,"Connecticut",1,SAGDP11N,"Contributions to percent change in real GDP","Percentage points",43,"487-488, 492","   Other transportation and support activities",0.00,-0.02,0.03,-0.01,0.01,0.02,0.05,0.04,0.00,-0.06,0.02,-0.08,-0.03,-0.04,-0.01,-0.01,0.02,0.01,0.00,(NA)
 "09000" ,"Connecticut",1,SAGDP11N,"Contributions to percent change in real GDP","Percentage points",44,"493","   Warehousing and storage",0.01,-0.02,0.00,-0.03,0.01,0.06,0.03,0.04,0.01,-0.01,0.00,0.01,0.00,0.01,0.01,0.00,0.01,0.02,0.01,(NA)
 "09000" ,"Connecticut",1,SAGDP11N,"Contributions to percent change in real GDP","Percentage points",45,"51","  Information",0.28,0.21,-0.23,0.20,0.17,0.20,0.38,0.52,0.27,0.61,0.30,-0.08,0.04,-0.02,-0.15,0.61,0.02,0.74,0.30,-0.05
 "09000" ,"Connecticut",1,SAGDP11N,"Contributions to percent change in real GDP","Percentage points",46,"511","   Publishing industries (except Internet)",0.03,0.27,-0.33,-0.10,0.07,0.00,0.03,0.05,-0.12,0.18,0.00,-0.12,-0.03,0.05,-0.05,0.13,-0.01,0.04,0.08,(NA)
 "09000" ,"Connecticut",1,SAGDP11N,"Contributions to percent change in real GDP","Percentage points",47,"512","   Motion picture and sound recording industries",0.07,0.03,-0.04,0.10,-0.02,-0.04,0.03,-0.07,0.02,0.18,0.00,0.19,-0.01,-0.03,0.02,0.15,-0.03,0.10,-0.03,(NA)
 "09000" ,"Connecticut",1,SAGDP11N,"Contributions to percent change in real GDP","Percentage points",48,"515, 517","   Broadcasting (except Internet) and telecommunications",0.18,-0.03,0.22,0.08,-0.04,0.25,0.29,0.55,0.33,0.31,0.08,-0.24,0.00,-0.04,0.05,0.32,0.11,0.46,0.16,(NA)
 "09000" ,"Connecticut",1,SAGDP11N,"Contributions to percent change in real GDP","Percentage points",49,"518, 519","   Data processing, hosting, and other information services",-0.01,-0.06,-0.08,0.12,0.16,-0.02,0.03,0.00,0.05,-0.06,0.22,0.10,0.08,0.01,-0.17,0.02,-0.05,0.13,0.08,(NA)
 "09000" ,"Connecticut",1,SAGDP11N,"Contributions to percent change in real GDP","Percentage points",50,"52, 53","  Finance, insurance, real estate, rental, and leasing",1.37,0.77,4.10,1.45,-1.56,-0.57,2.80,0.55,0.45,2.02,-0.89,3.42,-0.74,-1.69,-0.62,-1.75,-1.55,0.72,0.76,-1.12
 "09000" ,"Connecticut",1,SAGDP11N,"Contributions to percent change in real GDP","Percentage points",51,"52","   Finance and insurance",1.54,0.19,3.63,0.30,-1.72,0.09,1.95,0.12,1.12,1.27,-2.80,2.51,-1.08,-1.52,0.36,-1.11,-0.99,1.00,0.61,-0.90
 "09000" ,"Connecticut",1,SAGDP11N,"Contributions to percent change in real GDP","Percentage points",52,"521-522","    Monetary Authorities- central bank, credit intermediation, and related services",0.45,0.48,0.29,0.22,0.25,-0.15,-0.21,-0.10,-0.23,-0.09,0.16,0.06,-0.22,0.17,0.16,-0.27,0.01,0.03,-0.17,(NA)
 "09000" ,"Connecticut",1,SAGDP11N,"Contributions to percent change in real GDP","Percentage points",53,"523","    Securities, commodity contracts, and other financial investments and related activities",0.15,0.39,0.59,1.50,-0.38,-0.26,0.03,0.83,0.42,-0.98,-1.67,2.08,0.14,-0.86,0.82,-0.47,-1.12,-0.13,0.62,(NA)
 "09000" ,"Connecticut",1,SAGDP11N,"Contributions to percent change in real GDP","Percentage points",54,"524","    Insurance carriers and related activities",0.90,-0.74,2.77,-1.51,-1.67,0.34,2.11,-0.73,0.88,1.84,-1.27,0.76,-0.64,-0.64,-0.59,-0.33,0.01,1.19,0.21,(NA)
 "09000" ,"Connecticut",1,SAGDP11N,"Contributions to percent change in real GDP","Percentage points",55,"525","    Funds, trusts, and other financial vehicles",0.05,0.06,-0.03,0.09,0.09,0.16,0.03,0.11,0.05,0.49,-0.02,-0.39,-0.35,-0.19,-0.03,-0.05,0.11,-0.09,-0.05,(NA)
 "09000" ,"Connecticut",1,SAGDP11N,"Contributions to percent change in real GDP","Percentage points",56,"53","   Real estate and rental and leasing",-0.17,0.58,0.47,1.15,0.15,-0.66,0.85,0.43,-0.67,0.75,1.92,0.91,0.35,-0.18,-0.98,-0.65,-0.56,-0.28,0.15,-0.22
 "09000" ,"Connecticut",1,SAGDP11N,"Contributions to percent change in real GDP","Percentage points",57,"531","    Real estate",-0.40,0.32,0.28,0.67,0.13,0.18,0.14,0.37,-0.23,0.63,0.79,0.38,0.57,0.31,-0.06,-0.26,-0.33,-0.44,-0.26,(NA)
 "09000" ,"Connecticut",1,SAGDP11N,"Contributions to percent change in real GDP","Percentage points",58,"532-533","    Rental and leasing services and lessors of nonfinancial intangible assets",0.23,0.26,0.19,0.48,0.02,-0.84,0.71,0.07,-0.44,0.12,1.12,0.53,-0.22,-0.48,-0.92,-0.39,-0.23,0.17,0.41,(NA)
 "09000" ,"Connecticut",1,SAGDP11N,"Contributions to percent change in real GDP","Percentage points",59,"54, 55, 56","  Professional and business services",0.53,0.28,0.65,0.12,-0.41,0.31,-0.15,0.07,0.13,0.52,0.36,-1.03,0.09,0.15,0.72,-0.04,0.63,0.10,0.08,0.06
 "09000" ,"Connecticut",1,SAGDP11N,"Contributions to percent change in real GDP","Percentage points",60,"54","   Professional, scientific, and technical services",0.23,0.27,0.48,0.29,-0.08,0.01,-0.01,-0.05,0.00,0.21,0.51,-0.51,-0.04,0.08,0.11,-0.08,0.38,0.09,0.12,0.10
 "09000" ,"Connecticut",1,SAGDP11N,"Contributions to percent change in real GDP","Percentage points",61,"5411","    Legal services",0.03,0.05,0.05,0.02,-0.01,0.06,0.02,-0.08,-0.05,0.01,0.07,-0.17,-0.08,-0.01,-0.03,-0.03,-0.01,-0.02,0.02,(NA)
 "09000" ,"Connecticut",1,SAGDP11N,"Contributions to percent change in real GDP","Percentage points",62,"5415","    Computer systems design and related services",0.27,0.09,0.20,-0.01,-0.19,0.12,0.06,0.12,0.08,0.16,0.09,0.01,0.09,0.14,0.13,-0.01,0.14,0.06,0.01,(NA)
 "09000" ,"Connecticut",1,SAGDP11N,"Contributions to percent change in real GDP","Percentage points",63,"5412-5414, 5416-5419","    Miscellaneous professional, scientific, and technical services",-0.07,0.13,0.23,0.28,0.12,-0.18,-0.09,-0.09,-0.04,0.04,0.35,-0.35,-0.04,-0.05,0.02,-0.04,0.24,0.05,0.09,(NA)
 "09000" ,"Connecticut",1,SAGDP11N,"Contributions to percent change in real GDP","Percentage points",64,"55","   Management of companies and enterprises",0.23,-0.01,0.04,-0.23,-0.28,0.18,-0.23,-0.08,0.05,0.06,-0.17,-0.11,0.00,0.05,0.39,0.07,0.16,-0.02,0.02,-0.16
 "09000" ,"Connecticut",1,SAGDP11N,"Contributions to percent change in real GDP","Percentage points",65,"56","   Administrative and support and waste management and remediation services",0.07,0.02,0.14,0.06,-0.04,0.13,0.10,0.20,0.09,0.25,0.02,-0.41,0.13,0.02,0.23,-0.02,0.09,0.03,-0.06,0.11
 "09000" ,"Connecticut",1,SAGDP11N,"Contributions to percent change in real GDP","Percentage points",66,"561","    Administrative and support services",0.06,-0.01,0.11,0.05,-0.05,0.12,0.11,0.20,0.11,0.23,0.03,-0.40,0.07,0.07,0.24,-0.01,0.08,0.02,-0.07,(NA)
 "09000" ,"Connecticut",1,SAGDP11N,"Contributions to percent change in real GDP","Percentage points",67,"562","    Waste management and remediation services",0.01,0.02,0.03,0.01,0.01,0.00,-0.01,0.01,-0.02,0.02,-0.01,-0.01,0.05,-0.04,-0.02,-0.01,0.01,0.02,0.01,(NA)
 "09000" ,"Connecticut",1,SAGDP11N,"Contributions to percent change in real GDP","Percentage points",68,"61, 62","  Educational services, health care, and social assistance",-0.22,0.21,0.32,0.11,0.25,0.24,0.29,0.05,0.25,0.08,0.59,0.26,0.07,0.04,0.20,-0.02,0.15,-0.11,0.03,0.04
 "09000" ,"Connecticut",1,SAGDP11N,"Contributions to percent change in real GDP","Percentage points",69,"61","   Educational services",-0.04,0.02,0.07,-0.02,0.02,0.09,0.08,-0.06,0.04,0.04,0.13,0.16,0.05,-0.01,0.02,-0.03,0.06,-0.03,-0.01,0.01
 "09000" ,"Connecticut",1,SAGDP11N,"Contributions to percent change in real GDP","Percentage points",70,"62","   Health care and social assistance",-0.18,0.19,0.25,0.13,0.23,0.15,0.21,0.11,0.21,0.03,0.46,0.10,0.02,0.05,0.18,0.01,0.09,-0.07,0.04,0.03
 "09000" ,"Connecticut",1,SAGDP11N,"Contributions to percent change in real GDP","Percentage points",71,"621","    Ambulatory health care services",-0.03,0.11,0.20,0.11,0.15,0.03,0.10,0.06,0.11,-0.04,0.22,0.06,0.04,0.05,0.04,0.07,0.08,0.11,0.11,(NA)
 "09000" ,"Connecticut",1,SAGDP11N,"Contributions to percent change in real GDP","Percentage points",72,"622","    Hospitals",-0.14,0.01,0.04,0.04,0.06,0.08,0.10,0.04,0.05,0.07,0.16,0.05,-0.01,0.05,0.09,-0.07,-0.01,-0.16,-0.05,(NA)
 "09000" ,"Connecticut",1,SAGDP11N,"Contributions to percent change in real GDP","Percentage points",73,"623","    Nursing and residential care facilities",-0.04,0.04,-0.01,-0.05,0.00,0.02,0.00,-0.01,0.02,-0.01,0.05,-0.02,0.00,-0.02,0.03,0.00,0.01,-0.03,-0.03,(NA)
 "09000" ,"Connecticut",1,SAGDP11N,"Contributions to percent change in real GDP","Percentage points",74,"624","    Social assistance",0.03,0.04,0.03,0.03,0.02,0.02,0.01,0.02,0.02,0.02,0.03,0.00,-0.01,-0.02,0.02,0.01,0.01,0.01,0.01,(NA)
 "09000" ,"Connecticut",1,SAGDP11N,"Contributions to percent change in real GDP","Percentage points",75,"71, 72","  Arts, entertainment, recreation, accommodation, and food services",-0.07,0.16,0.21,-0.09,0.09,0.06,0.05,-0.03,-0.01,-0.14,0.01,0.01,0.08,0.09,0.15,-0.10,-0.17,0.06,0.06,0.08
 "09000" ,"Connecticut",1,SAGDP11N,"Contributions to percent change in real GDP","Percentage points",76,"71","   Arts, entertainment, and recreation",-0.02,0.02,0.06,-0.03,0.02,0.06,0.04,0.00,-0.01,-0.07,0.00,0.04,-0.02,0.02,0.09,-0.05,0.00,-0.09,0.00,0.03
 "09000" ,"Connecticut",1,SAGDP11N,"Contributions to percent change in real GDP","Percentage points",77,"711-712","    Performing arts, spectator sports, museums, and related activities",0.02,0.00,0.04,0.02,0.01,0.04,-0.03,-0.02,-0.02,-0.09,0.01,0.04,-0.01,0.02,0.06,-0.02,-0.03,-0.08,-0.04,(NA)
 "09000" ,"Connecticut",1,SAGDP11N,"Contributions to percent change in real GDP","Percentage points",78,"713","    Amusement, gambling, and recreation industries",-0.04,0.02,0.02,-0.06,0.01,0.02,0.07,0.02,0.00,0.02,-0.01,0.00,-0.01,0.00,0.02,-0.03,0.02,-0.01,0.04,(NA)
 "09000" ,"Connecticut",1,SAGDP11N,"Contributions to percent change in real GDP","Percentage points",79,"72","   Accommodation and food services",-0.05,0.14,0.15,-0.05,0.07,0.00,0.02,-0.03,0.01,-0.07,0.01,-0.03,0.10,0.07,0.07,-0.05,-0.16,0.15,0.06,0.05
 "09000" ,"Connecticut",1,SAGDP11N,"Contributions to percent change in real GDP","Percentage points",80,"721","    Accommodation",-0.01,0.00,0.03,-0.03,0.01,-0.01,0.03,0.03,0.00,-0.02,0.03,-0.02,0.04,0.05,0.06,-0.02,-0.12,0.14,0.04,(NA)
 "09000" ,"Connecticut",1,SAGDP11N,"Contributions to percent change in real GDP","Percentage points",81,"722","    Food services and drinking places",-0.04,0.14,0.12,-0.03,0.06,0.01,-0.01,-0.06,0.01,-0.05,-0.02,-0.01,0.06,0.02,0.01,-0.03,-0.05,0.01,0.01,(NA)
 "09000" ,"Connecticut",1,SAGDP11N,"Contributions to percent change in real GDP","Percentage points",82,"81","  Other services (except government and government enterprises)",0.00,0.02,0.11,-0.25,0.06,-0.08,0.03,0.06,0.00,-0.07,-0.16,-0.11,-0.06,-0.04,0.02,-0.04,0.03,-0.02,-0.04,0.02
 "09000" ,"Connecticut",1,SAGDP11N,"Contributions to percent change in real GDP","Percentage points",83,"..."," Government and government enterprises",0.16,0.26,0.27,0.30,0.19,-0.07,0.14,0.31,-0.05,0.16,0.14,-0.52,-0.09,-0.06,-0.22,-0.03,-0.01,0.12,-0.08,-0.07
 "09000" ,"Connecticut",1,SAGDP11N,"Contributions to percent change in real GDP","Percentage points",84,"...","  Federal civilian",-0.01,0.01,0.05,-0.06,-0.01,-0.03,0.02,-0.04,-0.01,0.00,0.04,-0.02,-0.01,-0.04,0.01,-0.01,0.03,0.05,0.01,(NA)
 "09000" ,"Connecticut",1,SAGDP11N,"Contributions to percent change in real GDP","Percentage points",85,"...","  Military",-0.04,-0.03,0.00,0.00,0.05,0.10,0.17,0.19,0.12,0.07,0.06,-0.01,-0.05,-0.06,0.01,0.03,-0.01,0.01,0.01,(NA)
 "09000" ,"Connecticut",1,SAGDP11N,"Contributions to percent change in real GDP","Percentage points",86,"...","  State and local",0.21,0.28,0.22,0.36,0.15,-0.13,-0.06,0.16,-0.17,0.09,0.04,-0.49,-0.02,0.05,-0.24,-0.04,-0.04,0.07,-0.10,(NA)
 "09000" ,"Connecticut",1,SAGDP11N,"Contributions to percent change in real GDP","Percentage points",87,"11, 21","Natural resources and mining",0.04,0.03,0.07,-0.03,-0.01,-0.01,-0.02,0.01,0.00,-0.03,-0.02,0.01,0.00,-0.06,0.02,0.00,-0.01,0.07,0.03,-0.05
 "09000" ,"Connecticut",1,SAGDP11N,"Contributions to percent change in real GDP","Percentage points",88,"42, 44-45","Trade",0.89,0.21,0.72,0.49,0.13,0.53,0.11,0.42,0.02,0.01,0.03,-0.73,0.37,0.05,0.44,0.08,0.14,0.33,-0.10,0.03
 "09000" ,"Connecticut",1,SAGDP11N,"Contributions to percent change in real GDP","Percentage points",89,"...","Transportation and utilities",-0.02,0.24,0.07,-0.49,-0.08,0.13,0.27,0.26,0.11,0.33,0.09,-0.23,-0.17,-0.08,0.28,-0.04,0.03,-0.04,-0.22,-0.27
 "09000" ,"Connecticut",1,SAGDP11N,"Contributions to percent change in real GDP","Percentage points",90,"...","Private goods-producing industries 2/",-0.05,0.68,0.78,-0.03,1.02,0.28,2.79,0.05,2.57,0.28,-1.01,-5.48,0.17,-0.65,-0.09,0.20,-0.73,-0.05,-0.91,0.14
 "09000" ,"Connecticut",1,SAGDP11N,"Contributions to percent change in real GDP","Percentage points",91,"...","Private services-providing industries 3/",2.75,2.11,5.95,1.54,-1.36,0.83,3.78,1.90,1.23,3.35,0.34,1.51,-0.32,-1.49,1.04,-1.29,-0.72,1.79,0.86,-1.20
"Note: See the included footnote file."
"SAGDP11N: Contributions to percent change in real GDP 1/"
"Last updated: November 14, 2018; revised statistics for 1997-2017."
"Source: U.S. Department of Commerce / Bureau of Economic Analysis / Regional Economic Accounts"
