GeoFIPS,GeoName,Region,TableName,ComponentName,Unit,IndustryId,IndustryClassification,Description,1998,1999,2000,2001,2002,2003,2004,2005,2006,2007,2008,2009,2010,2011,2012,2013,2014,2015,2016,2017
 "49000" ,"Utah",7,SAGDP11N,"Contributions to percent change in real GDP","Percent change",1,"...","All industry total (percent change)",6.2,4.1,3.6,1.5,1.9,2.0,5.2,6.3,8.8,4.9,-0.8,-2.2,2.1,3.0,1.3,2.5,3.0,4.1,3.6,2.5
 "49000" ,"Utah",7,SAGDP11N,"Contributions to percent change in real GDP","Percentage points",2,"..."," Private industries",6.23,3.86,3.24,1.29,1.81,2.09,5.06,5.80,8.44,4.82,-1.17,-2.01,2.00,2.74,1.64,2.71,2.88,4.05,3.22,2.17
 "49000" ,"Utah",7,SAGDP11N,"Contributions to percent change in real GDP","Percentage points",3,"11","  Agriculture, forestry, fishing, and hunting",0.08,0.09,0.04,0.07,-0.12,-0.04,0.06,0.06,-0.07,-0.06,0.00,-0.05,0.11,0.02,-0.07,0.18,0.12,0.09,-0.04,-0.03
 "49000" ,"Utah",7,SAGDP11N,"Contributions to percent change in real GDP","Percentage points",4,"111-112","   Farms",0.08,0.09,0.03,0.07,-0.11,-0.02,0.09,0.06,-0.09,-0.07,0.00,-0.05,0.11,0.02,-0.07,0.17,0.12,0.09,-0.04,(NA)
 "49000" ,"Utah",7,SAGDP11N,"Contributions to percent change in real GDP","Percentage points",5,"113-115","   Forestry, fishing, and related activities",-0.01,0.00,0.00,0.01,-0.01,-0.02,-0.03,0.00,0.02,0.01,0.00,0.00,0.00,0.00,0.00,0.00,0.00,0.00,0.00,(NA)
 "49000" ,"Utah",7,SAGDP11N,"Contributions to percent change in real GDP","Percentage points",6,"21","  Mining, quarrying, and oil and gas extraction",0.00,-0.02,0.04,0.19,-0.18,-0.06,0.21,0.42,0.52,0.22,-0.15,0.39,-0.17,0.08,-0.19,-0.03,0.30,-0.45,-0.18,-0.07
 "49000" ,"Utah",7,SAGDP11N,"Contributions to percent change in real GDP","Percentage points",7,"211","   Oil and gas extraction",0.05,-0.01,-0.04,0.13,0.07,-0.03,0.11,0.10,0.12,0.18,-0.23,0.45,-0.25,-0.06,0.12,0.03,0.09,0.11,-0.02,(NA)
 "49000" ,"Utah",7,SAGDP11N,"Contributions to percent change in real GDP","Percentage points",8,"212","   Mining (except oil and gas)",-0.03,0.01,0.00,-0.07,-0.19,-0.03,0.02,0.22,0.15,-0.12,-0.01,0.28,0.07,0.03,-0.37,-0.01,0.21,-0.35,-0.04,(NA)
 "49000" ,"Utah",7,SAGDP11N,"Contributions to percent change in real GDP","Percentage points",9,"213","   Support activities for mining",-0.02,-0.02,0.08,0.13,-0.06,0.01,0.08,0.10,0.26,0.15,0.10,-0.34,0.01,0.11,0.06,-0.05,-0.01,-0.21,-0.11,(NA)
 "49000" ,"Utah",7,SAGDP11N,"Contributions to percent change in real GDP","Percentage points",10,"22","  Utilities",-0.03,0.15,0.00,-0.15,0.07,-0.20,0.11,-0.03,0.10,0.03,0.09,-0.08,0.15,0.07,0.10,0.03,-0.05,0.07,0.06,0.02
 "49000" ,"Utah",7,SAGDP11N,"Contributions to percent change in real GDP","Percentage points",11,"23","  Construction",0.37,0.17,-0.21,-0.54,-0.46,0.01,0.37,0.42,0.75,0.64,-0.89,-1.46,-0.19,-0.07,0.65,0.17,0.34,0.35,0.40,0.16
 "49000" ,"Utah",7,SAGDP11N,"Contributions to percent change in real GDP","Percentage points",12,"31-33","  Manufacturing",0.73,0.00,1.40,-1.27,0.41,1.23,0.86,0.74,1.41,1.05,0.16,2.34,0.87,-0.14,-2.03,0.42,-0.25,0.47,-0.10,0.16
 "49000" ,"Utah",7,SAGDP11N,"Contributions to percent change in real GDP","Percentage points",13,"321,327-339","   Durable goods manufacturing",0.35,-0.03,1.16,-0.95,0.47,0.96,0.59,0.90,1.07,0.95,0.24,1.43,0.65,0.05,-1.01,-0.27,-0.34,0.62,0.02,0.19
 "49000" ,"Utah",7,SAGDP11N,"Contributions to percent change in real GDP","Percentage points",14,"321","    Wood product manufacturing",0.01,0.01,0.02,0.01,-0.05,0.12,-0.12,0.04,0.07,0.04,-0.03,-0.06,-0.02,0.00,0.01,0.00,-0.01,0.01,0.01,(NA)
 "49000" ,"Utah",7,SAGDP11N,"Contributions to percent change in real GDP","Percentage points",15,"327","    Nonmetallic mineral product manufacturing",0.04,0.00,-0.04,-0.09,0.05,0.04,0.16,0.00,0.02,0.10,-0.05,-0.10,0.10,-0.01,0.09,-0.05,-0.04,-0.06,-0.02,(NA)
 "49000" ,"Utah",7,SAGDP11N,"Contributions to percent change in real GDP","Percentage points",16,"331","    Primary metal manufacturing",0.18,0.03,0.24,-0.36,-0.02,-0.22,0.35,0.16,0.30,0.04,-0.28,2.34,-0.03,-0.42,-1.14,0.00,-0.22,-0.03,0.03,(NA)
 "49000" ,"Utah",7,SAGDP11N,"Contributions to percent change in real GDP","Percentage points",17,"332","    Fabricated metal product manufacturing",-0.19,0.08,0.08,-0.07,-0.02,0.08,0.03,0.10,0.08,0.07,-0.02,-0.14,-0.02,-0.01,0.07,-0.04,0.07,0.02,-0.01,(NA)
 "49000" ,"Utah",7,SAGDP11N,"Contributions to percent change in real GDP","Percentage points",18,"333","    Machinery manufacturing",0.02,-0.13,-0.01,0.06,-0.04,-0.01,0.01,0.05,-0.01,0.10,-0.02,-0.01,-0.07,0.01,0.08,0.05,-0.05,0.02,-0.05,(NA)
 "49000" ,"Utah",7,SAGDP11N,"Contributions to percent change in real GDP","Percentage points",19,"334","    Computer and electronic product manufacturing",0.41,0.09,0.84,-0.37,0.32,0.38,-0.06,0.07,0.17,0.78,0.48,0.01,0.24,0.09,0.13,-0.20,-0.12,0.36,-0.06,(NA)
 "49000" ,"Utah",7,SAGDP11N,"Contributions to percent change in real GDP","Percentage points",20,"335","    Electrical equipment, appliance, and component manufacturing",-0.04,-0.03,0.00,-0.02,0.05,0.04,0.00,0.01,0.06,-0.01,0.07,-0.06,0.03,0.01,0.00,0.03,-0.01,0.04,-0.06,(NA)
 "49000" ,"Utah",7,SAGDP11N,"Contributions to percent change in real GDP","Percentage points",21,"3361-3363","    Motor vehicles, bodies and trailers, and parts manufacturing",-0.17,-0.30,-0.01,0.07,0.11,0.19,0.18,-0.04,0.05,-0.02,-0.15,-0.28,0.19,0.21,0.06,-0.02,-0.04,0.14,0.01,(NA)
 "49000" ,"Utah",7,SAGDP11N,"Contributions to percent change in real GDP","Percentage points",22,"3364-3369","    Other transportation equipment manufacturing",-0.18,0.03,0.03,-0.02,-0.04,-0.07,-0.01,0.23,0.21,-0.13,0.22,-0.21,0.11,-0.26,-0.11,0.03,-0.08,0.07,0.09,(NA)
 "49000" ,"Utah",7,SAGDP11N,"Contributions to percent change in real GDP","Percentage points",23,"337","    Furniture and related product manufacturing",0.05,0.03,0.05,-0.01,0.02,0.07,0.04,0.11,0.12,-0.10,-0.12,-0.05,0.03,0.02,-0.07,0.03,0.03,0.04,0.00,(NA)
 "49000" ,"Utah",7,SAGDP11N,"Contributions to percent change in real GDP","Percentage points",24,"339","    Miscellaneous manufacturing",0.24,0.18,-0.04,-0.16,0.10,0.33,0.00,0.18,0.02,0.07,0.14,-0.02,0.08,0.41,-0.14,-0.11,0.12,0.02,0.09,(NA)
 "49000" ,"Utah",7,SAGDP11N,"Contributions to percent change in real GDP","Percentage points",25,"311-316,322-326","   Nondurable goods manufacturing",0.37,0.03,0.25,-0.32,-0.06,0.27,0.26,-0.16,0.34,0.10,-0.08,0.92,0.22,-0.19,-1.02,0.69,0.09,-0.15,-0.12,-0.03
 "49000" ,"Utah",7,SAGDP11N,"Contributions to percent change in real GDP","Percentage points",26,"311-312","    Food and beverage and tobacco products manufacturing",-0.08,0.02,0.00,-0.06,0.02,0.03,0.00,-0.09,0.04,0.11,0.01,0.11,0.06,0.03,0.01,0.14,0.04,-0.03,-0.06,(NA)
 "49000" ,"Utah",7,SAGDP11N,"Contributions to percent change in real GDP","Percentage points",27,"313-314","    Textile mills and textile product mills",-0.01,0.01,0.01,-0.02,-0.01,-0.01,0.01,0.00,0.00,0.00,0.01,-0.01,0.00,-0.01,0.01,0.01,0.00,0.02,-0.01,(NA)
 "49000" ,"Utah",7,SAGDP11N,"Contributions to percent change in real GDP","Percentage points",28,"315-316","    Apparel, leather, and allied product manufacturing",-0.01,-0.01,0.00,-0.01,0.00,-0.01,0.00,0.00,0.00,0.00,0.00,0.00,0.00,0.00,0.00,0.00,0.00,0.00,0.00,(NA)
 "49000" ,"Utah",7,SAGDP11N,"Contributions to percent change in real GDP","Percentage points",29,"322","    Paper manufacturing",-0.13,0.15,-0.02,-0.10,0.04,0.02,0.07,-0.02,-0.06,-0.03,-0.01,0.12,-0.08,0.06,-0.02,-0.03,-0.02,0.03,-0.02,(NA)
 "49000" ,"Utah",7,SAGDP11N,"Contributions to percent change in real GDP","Percentage points",30,"323","    Printing and related support activities",0.10,-0.07,0.04,0.01,0.06,-0.05,0.12,-0.03,0.16,-0.14,0.01,-0.06,0.03,0.02,-0.02,0.02,0.00,-0.02,0.03,(NA)
 "49000" ,"Utah",7,SAGDP11N,"Contributions to percent change in real GDP","Percentage points",31,"324","    Petroleum and coal products manufacturing",0.42,-0.23,0.22,-0.32,-0.19,0.22,0.14,0.01,0.14,-0.06,-0.07,-0.04,0.11,-0.17,-0.52,1.12,-0.19,-0.34,0.00,(NA)
 "49000" ,"Utah",7,SAGDP11N,"Contributions to percent change in real GDP","Percentage points",32,"325","    Chemical manufacturing",0.10,0.05,0.06,0.12,0.01,0.09,-0.15,-0.08,0.04,0.19,0.01,0.80,0.06,-0.13,-0.46,-0.58,0.25,0.18,-0.07,(NA)
 "49000" ,"Utah",7,SAGDP11N,"Contributions to percent change in real GDP","Percentage points",33,"326","    Plastics and rubber products manufacturing",-0.02,0.10,-0.07,0.06,0.00,-0.03,0.07,0.04,0.01,0.03,-0.03,0.01,0.05,0.02,-0.02,0.01,0.02,0.00,0.01,(NA)
 "49000" ,"Utah",7,SAGDP11N,"Contributions to percent change in real GDP","Percentage points",34,"42","  Wholesale trade",0.78,0.20,0.22,0.12,0.01,0.21,0.34,0.51,0.29,0.33,0.08,-0.68,0.11,0.09,0.17,0.17,0.16,0.25,0.23,0.26
 "49000" ,"Utah",7,SAGDP11N,"Contributions to percent change in real GDP","Percentage points",35,"44-45","  Retail trade",0.79,0.18,0.03,0.26,0.27,0.49,0.55,0.26,0.57,0.20,-0.31,-0.32,0.11,0.17,0.41,0.19,0.08,0.44,0.60,0.36
 "49000" ,"Utah",7,SAGDP11N,"Contributions to percent change in real GDP","Percentage points",36,"48-49","  Transportation and warehousing",0.20,-0.26,-0.15,-0.43,0.02,0.10,0.41,0.35,0.20,0.16,-0.29,-0.19,0.23,0.08,0.00,0.06,0.04,0.22,0.15,0.11
 "49000" ,"Utah",7,SAGDP11N,"Contributions to percent change in real GDP","Percentage points",37,"481","   Air transportation",-0.11,-0.11,-0.27,-0.35,0.09,0.05,0.16,0.19,0.04,0.16,-0.22,0.02,0.22,0.02,-0.10,0.00,-0.03,0.11,0.12,(NA)
 "49000" ,"Utah",7,SAGDP11N,"Contributions to percent change in real GDP","Percentage points",38,"482","   Rail transportation",-0.02,0.01,0.02,-0.01,-0.02,0.02,0.03,0.01,0.00,0.00,-0.02,-0.04,-0.01,0.00,0.01,-0.03,0.00,-0.01,-0.02,(NA)
 "49000" ,"Utah",7,SAGDP11N,"Contributions to percent change in real GDP","Percentage points",39,"483","   Water transportation",0.00,0.00,0.00,0.00,0.00,0.00,0.00,0.00,0.00,0.00,0.00,0.00,0.00,0.00,0.00,0.00,0.00,0.00,0.00,(NA)
 "49000" ,"Utah",7,SAGDP11N,"Contributions to percent change in real GDP","Percentage points",40,"484","   Truck transportation",0.09,-0.06,0.05,-0.08,-0.12,0.02,0.07,0.08,0.13,0.07,0.00,-0.09,0.00,0.06,0.05,-0.01,0.02,-0.01,0.01,(NA)
 "49000" ,"Utah",7,SAGDP11N,"Contributions to percent change in real GDP","Percentage points",41,"485","   Transit and ground passenger transportation",0.06,-0.01,-0.01,0.01,0.02,-0.07,0.00,0.01,0.02,0.00,0.00,-0.01,0.00,0.01,0.01,0.01,0.00,0.00,-0.01,(NA)
 "49000" ,"Utah",7,SAGDP11N,"Contributions to percent change in real GDP","Percentage points",42,"486","   Pipeline transportation",0.01,0.00,-0.02,-0.02,0.03,0.02,0.00,0.00,-0.01,0.00,0.01,0.00,0.00,-0.01,0.00,0.02,0.02,0.02,-0.03,(NA)
 "49000" ,"Utah",7,SAGDP11N,"Contributions to percent change in real GDP","Percentage points",43,"487-488, 492","   Other transportation and support activities",0.12,-0.07,0.02,0.03,0.04,0.06,0.12,-0.01,-0.01,-0.08,-0.04,-0.08,-0.02,0.00,0.00,0.05,0.02,0.06,0.03,(NA)
 "49000" ,"Utah",7,SAGDP11N,"Contributions to percent change in real GDP","Percentage points",44,"493","   Warehousing and storage",0.04,-0.02,0.06,0.00,-0.02,0.01,0.03,0.08,0.04,0.00,-0.01,0.01,0.03,0.01,0.03,0.02,0.02,0.05,0.05,(NA)
 "49000" ,"Utah",7,SAGDP11N,"Contributions to percent change in real GDP","Percentage points",45,"51","  Information",0.85,0.74,-0.31,0.17,0.60,0.24,0.54,0.62,0.43,0.13,0.43,-0.31,0.07,0.23,-0.01,0.45,0.24,0.57,0.73,0.36
 "49000" ,"Utah",7,SAGDP11N,"Contributions to percent change in real GDP","Percentage points",46,"511","   Publishing industries (except Internet)",0.30,0.54,-0.36,-0.17,0.26,0.16,0.24,0.38,-0.33,0.25,-0.08,-0.07,0.09,0.12,0.20,0.17,0.15,0.14,0.40,(NA)
 "49000" ,"Utah",7,SAGDP11N,"Contributions to percent change in real GDP","Percentage points",47,"512","   Motion picture and sound recording industries",0.08,0.14,-0.10,0.04,0.04,0.02,0.08,-0.15,0.03,0.00,0.05,0.02,-0.02,-0.02,0.02,0.09,-0.01,-0.01,0.00,(NA)
 "49000" ,"Utah",7,SAGDP11N,"Contributions to percent change in real GDP","Percentage points",48,"515, 517","   Broadcasting (except Internet) and telecommunications",0.30,0.19,0.30,0.01,0.01,-0.02,0.09,0.41,0.66,0.03,0.24,-0.41,-0.31,-0.17,0.05,0.13,0.04,0.21,0.16,(NA)
 "49000" ,"Utah",7,SAGDP11N,"Contributions to percent change in real GDP","Percentage points",49,"518, 519","   Data processing, hosting, and other information services",0.18,-0.13,-0.15,0.28,0.29,0.07,0.13,-0.02,0.07,-0.15,0.22,0.14,0.31,0.30,-0.28,0.06,0.06,0.21,0.17,(NA)
 "49000" ,"Utah",7,SAGDP11N,"Contributions to percent change in real GDP","Percentage points",50,"52, 53","  Finance, insurance, real estate, rental, and leasing",1.42,1.82,1.53,2.65,0.64,0.11,1.13,1.46,2.56,1.38,-1.31,-1.05,0.27,1.37,1.65,-0.38,0.90,1.42,0.31,-0.14
 "49000" ,"Utah",7,SAGDP11N,"Contributions to percent change in real GDP","Percentage points",51,"52","   Finance and insurance",1.05,1.02,1.20,2.26,0.85,0.07,1.25,0.22,1.39,0.06,-1.58,-0.68,-0.19,0.84,1.17,-0.69,0.54,0.90,-0.73,-0.36
 "49000" ,"Utah",7,SAGDP11N,"Contributions to percent change in real GDP","Percentage points",52,"521-522","    Monetary Authorities- central bank, credit intermediation, and related services",0.75,0.93,0.97,2.13,1.13,0.22,1.27,-0.03,0.99,-0.22,-1.04,-0.92,-0.13,0.75,1.03,-0.73,0.04,0.54,-0.44,(NA)
 "49000" ,"Utah",7,SAGDP11N,"Contributions to percent change in real GDP","Percentage points",53,"523","    Securities, commodity contracts, and other financial investments and related activities",-0.01,0.04,0.13,0.36,-0.13,-0.06,0.01,0.05,0.06,-0.14,-0.24,0.39,-0.05,-0.06,0.16,0.04,-0.12,0.02,0.04,(NA)
 "49000" ,"Utah",7,SAGDP11N,"Contributions to percent change in real GDP","Percentage points",54,"524","    Insurance carriers and related activities",0.20,0.02,0.24,-0.24,-0.09,-0.05,0.04,0.18,0.34,0.34,-0.24,-0.12,-0.02,0.13,-0.02,-0.09,0.37,0.18,0.09,(NA)
 "49000" ,"Utah",7,SAGDP11N,"Contributions to percent change in real GDP","Percentage points",55,"525","    Funds, trusts, and other financial vehicles",0.11,0.03,-0.13,0.02,-0.07,-0.03,-0.06,0.02,0.00,0.08,-0.06,-0.04,0.01,0.01,0.00,0.09,0.24,0.15,-0.43,(NA)
 "49000" ,"Utah",7,SAGDP11N,"Contributions to percent change in real GDP","Percentage points",56,"53","   Real estate and rental and leasing",0.37,0.80,0.33,0.38,-0.20,0.04,-0.12,1.24,1.18,1.32,0.28,-0.36,0.46,0.54,0.48,0.31,0.37,0.52,1.04,0.23
 "49000" ,"Utah",7,SAGDP11N,"Contributions to percent change in real GDP","Percentage points",57,"531","    Real estate",0.20,0.71,0.35,0.25,-0.15,0.02,-0.22,0.85,0.82,1.43,0.48,0.08,0.44,0.52,0.31,0.37,0.40,0.09,0.63,(NA)
 "49000" ,"Utah",7,SAGDP11N,"Contributions to percent change in real GDP","Percentage points",58,"532-533","    Rental and leasing services and lessors of nonfinancial intangible assets",0.17,0.10,-0.02,0.13,-0.05,0.02,0.09,0.39,0.35,-0.11,-0.20,-0.44,0.02,0.02,0.17,-0.05,-0.04,0.43,0.42,(NA)
 "49000" ,"Utah",7,SAGDP11N,"Contributions to percent change in real GDP","Percentage points",59,"54, 55, 56","  Professional and business services",0.31,0.51,0.23,0.33,-0.09,-0.03,0.03,0.71,0.80,0.57,0.59,-0.57,0.39,0.47,0.60,1.03,0.66,0.26,0.43,0.61
 "49000" ,"Utah",7,SAGDP11N,"Contributions to percent change in real GDP","Percentage points",60,"54","   Professional, scientific, and technical services",0.27,0.11,0.33,0.19,0.08,0.10,0.16,0.43,0.49,0.37,0.56,-0.23,0.11,0.44,0.30,0.80,0.45,0.18,0.20,0.45
 "49000" ,"Utah",7,SAGDP11N,"Contributions to percent change in real GDP","Percentage points",61,"5411","    Legal services",0.06,0.00,0.08,0.00,-0.03,0.03,0.02,-0.03,0.07,0.01,0.03,-0.04,-0.04,0.02,0.02,-0.02,-0.01,-0.03,0.02,(NA)
 "49000" ,"Utah",7,SAGDP11N,"Contributions to percent change in real GDP","Percentage points",62,"5415","    Computer systems design and related services",0.16,0.15,0.24,0.04,-0.08,0.22,0.09,0.22,0.16,0.15,0.19,0.00,0.06,0.14,0.25,0.12,0.15,0.09,0.18,(NA)
 "49000" ,"Utah",7,SAGDP11N,"Contributions to percent change in real GDP","Percentage points",63,"5412-5414, 5416-5419","    Miscellaneous professional, scientific, and technical services",0.05,-0.03,0.01,0.15,0.19,-0.15,0.05,0.23,0.26,0.21,0.34,-0.19,0.10,0.28,0.03,0.70,0.31,0.13,0.00,(NA)
 "49000" ,"Utah",7,SAGDP11N,"Contributions to percent change in real GDP","Percentage points",64,"55","   Management of companies and enterprises",-0.03,0.18,-0.19,0.08,-0.13,-0.15,-0.21,-0.01,0.05,-0.06,0.03,-0.07,0.10,-0.06,0.14,0.03,0.04,-0.01,0.08,0.05
 "49000" ,"Utah",7,SAGDP11N,"Contributions to percent change in real GDP","Percentage points",65,"56","   Administrative and support and waste management and remediation services",0.07,0.22,0.09,0.06,-0.04,0.02,0.08,0.29,0.26,0.26,-0.01,-0.27,0.18,0.09,0.16,0.19,0.17,0.08,0.15,0.11
 "49000" ,"Utah",7,SAGDP11N,"Contributions to percent change in real GDP","Percentage points",66,"561","    Administrative and support services",0.08,0.21,0.11,0.05,-0.07,0.01,0.09,0.26,0.27,0.21,0.00,-0.28,0.11,0.12,0.15,0.22,0.21,0.12,0.14,(NA)
 "49000" ,"Utah",7,SAGDP11N,"Contributions to percent change in real GDP","Percentage points",67,"562","    Waste management and remediation services",-0.01,0.01,-0.01,0.01,0.03,0.01,-0.01,0.03,-0.01,0.05,-0.01,0.01,0.07,-0.03,0.00,-0.03,-0.05,-0.04,0.00,(NA)
 "49000" ,"Utah",7,SAGDP11N,"Contributions to percent change in real GDP","Percentage points",68,"61, 62","  Educational services, health care, and social assistance",0.10,0.19,0.19,0.04,0.22,0.27,0.36,0.30,0.53,0.09,0.44,0.31,0.02,0.22,0.13,0.32,0.12,0.23,0.53,0.16
 "49000" ,"Utah",7,SAGDP11N,"Contributions to percent change in real GDP","Percentage points",69,"61","   Educational services",-0.04,0.09,0.07,0.04,-0.01,0.01,0.07,0.04,0.08,0.04,0.08,0.08,0.06,0.02,0.01,0.01,0.04,0.03,0.08,0.01
 "49000" ,"Utah",7,SAGDP11N,"Contributions to percent change in real GDP","Percentage points",70,"62","   Health care and social assistance",0.14,0.10,0.12,0.00,0.23,0.26,0.29,0.26,0.45,0.05,0.36,0.23,-0.04,0.20,0.12,0.31,0.07,0.19,0.45,0.15
 "49000" ,"Utah",7,SAGDP11N,"Contributions to percent change in real GDP","Percentage points",71,"621","    Ambulatory health care services",0.04,0.04,0.08,0.06,0.15,0.11,0.14,0.18,0.32,-0.03,0.18,0.10,0.01,0.13,0.09,0.21,0.00,0.12,0.25,(NA)
 "49000" ,"Utah",7,SAGDP11N,"Contributions to percent change in real GDP","Percentage points",72,"622","    Hospitals",0.08,0.03,0.00,-0.09,0.05,0.08,0.09,0.04,0.06,0.07,0.13,0.14,-0.04,0.06,0.03,0.05,0.05,0.03,0.15,(NA)
 "49000" ,"Utah",7,SAGDP11N,"Contributions to percent change in real GDP","Percentage points",73,"623","    Nursing and residential care facilities",0.00,0.02,0.00,0.02,0.02,0.04,0.03,0.01,0.05,0.01,0.03,0.00,0.00,0.02,0.00,0.02,0.02,0.03,0.02,(NA)
 "49000" ,"Utah",7,SAGDP11N,"Contributions to percent change in real GDP","Percentage points",74,"624","    Social assistance",0.02,0.01,0.04,0.02,0.00,0.03,0.03,0.02,0.02,0.00,0.01,-0.01,0.00,-0.01,0.00,0.03,0.01,0.01,0.03,(NA)
 "49000" ,"Utah",7,SAGDP11N,"Contributions to percent change in real GDP","Percentage points",75,"71, 72","  Arts, entertainment, recreation, accommodation, and food services",0.25,0.15,0.22,0.07,0.26,-0.24,0.03,0.07,0.28,0.11,-0.05,-0.26,0.10,0.13,0.10,0.08,0.10,0.14,0.08,0.14
 "49000" ,"Utah",7,SAGDP11N,"Contributions to percent change in real GDP","Percentage points",76,"71","   Arts, entertainment, and recreation",0.04,0.03,0.07,0.07,0.16,-0.18,0.02,0.01,0.05,0.03,0.00,0.01,0.04,0.03,0.05,0.04,0.02,0.00,0.08,0.07
 "49000" ,"Utah",7,SAGDP11N,"Contributions to percent change in real GDP","Percentage points",77,"711-712","    Performing arts, spectator sports, museums, and related activities",0.03,0.02,0.03,0.06,0.17,-0.17,-0.01,-0.01,0.01,0.01,0.03,0.03,-0.01,0.01,0.03,0.04,0.02,0.01,0.03,(NA)
 "49000" ,"Utah",7,SAGDP11N,"Contributions to percent change in real GDP","Percentage points",78,"713","    Amusement, gambling, and recreation industries",0.01,0.00,0.05,0.01,-0.01,0.00,0.03,0.03,0.04,0.02,-0.03,-0.02,0.05,0.02,0.01,0.00,0.00,0.00,0.05,(NA)
 "49000" ,"Utah",7,SAGDP11N,"Contributions to percent change in real GDP","Percentage points",79,"72","   Accommodation and food services",0.21,0.12,0.15,0.00,0.10,-0.06,0.01,0.06,0.23,0.08,-0.05,-0.28,0.06,0.10,0.06,0.04,0.08,0.14,0.00,0.07
 "49000" ,"Utah",7,SAGDP11N,"Contributions to percent change in real GDP","Percentage points",80,"721","    Accommodation",0.03,0.04,0.06,-0.02,0.06,0.00,0.06,-0.01,0.11,0.06,0.00,-0.16,0.04,0.07,0.02,0.01,0.00,0.06,-0.02,(NA)
 "49000" ,"Utah",7,SAGDP11N,"Contributions to percent change in real GDP","Percentage points",81,"722","    Food services and drinking places",0.18,0.08,0.09,0.02,0.05,-0.06,-0.05,0.07,0.12,0.02,-0.05,-0.12,0.02,0.04,0.04,0.03,0.08,0.08,0.01,(NA)
 "49000" ,"Utah",7,SAGDP11N,"Contributions to percent change in real GDP","Percentage points",82,"81","  Other services (except government and government enterprises)",0.39,-0.07,0.01,-0.22,0.16,0.00,0.07,-0.09,0.05,-0.02,0.02,-0.08,-0.07,0.01,0.14,0.02,0.12,0.01,0.01,0.07
 "49000" ,"Utah",7,SAGDP11N,"Contributions to percent change in real GDP","Percentage points",83,"..."," Government and government enterprises",0.02,0.28,0.39,0.20,0.12,-0.04,0.14,0.45,0.33,0.05,0.36,-0.17,0.10,0.28,-0.33,-0.24,0.14,0.00,0.37,0.28
 "49000" ,"Utah",7,SAGDP11N,"Contributions to percent change in real GDP","Percentage points",84,"...","  Federal civilian",0.04,0.05,0.29,0.12,0.13,-0.01,-0.02,0.07,0.05,0.05,-0.02,0.05,0.01,0.04,-0.06,-0.10,0.09,0.11,0.13,(NA)
 "49000" ,"Utah",7,SAGDP11N,"Contributions to percent change in real GDP","Percentage points",85,"...","  Military",-0.06,0.02,0.08,-0.01,0.03,0.07,-0.01,0.08,-0.06,-0.03,0.00,0.05,0.04,-0.04,-0.05,-0.05,-0.05,-0.03,0.00,(NA)
 "49000" ,"Utah",7,SAGDP11N,"Contributions to percent change in real GDP","Percentage points",86,"...","  State and local",0.04,0.21,0.02,0.08,-0.04,-0.10,0.17,0.30,0.34,0.03,0.38,-0.28,0.06,0.28,-0.22,-0.09,0.10,-0.08,0.25,(NA)
 "49000" ,"Utah",7,SAGDP11N,"Contributions to percent change in real GDP","Percentage points",87,"11, 21","Natural resources and mining",0.08,0.06,0.08,0.27,-0.30,-0.10,0.27,0.48,0.45,0.15,-0.14,0.34,-0.06,0.10,-0.26,0.15,0.42,-0.36,-0.21,-0.10
 "49000" ,"Utah",7,SAGDP11N,"Contributions to percent change in real GDP","Percentage points",88,"42, 44-45","Trade",1.57,0.38,0.25,0.39,0.28,0.70,0.89,0.76,0.86,0.53,-0.23,-1.00,0.22,0.26,0.58,0.36,0.24,0.69,0.83,0.62
 "49000" ,"Utah",7,SAGDP11N,"Contributions to percent change in real GDP","Percentage points",89,"...","Transportation and utilities",0.17,-0.10,-0.15,-0.58,0.09,-0.11,0.52,0.32,0.30,0.19,-0.20,-0.27,0.38,0.15,0.10,0.09,-0.01,0.29,0.22,0.13
 "49000" ,"Utah",7,SAGDP11N,"Contributions to percent change in real GDP","Percentage points",90,"...","Private goods-producing industries 2/",1.18,0.24,1.27,-1.55,-0.36,1.14,1.49,1.64,2.61,1.84,-0.87,1.22,0.62,-0.11,-1.64,0.74,0.51,0.46,0.08,0.22
 "49000" ,"Utah",7,SAGDP11N,"Contributions to percent change in real GDP","Percentage points",91,"...","Private services-providing industries 3/",5.05,3.62,1.97,2.84,2.17,0.94,3.56,4.16,5.83,2.98,-0.30,-3.23,1.38,2.85,3.28,1.97,2.37,3.59,3.13,1.95
"Note: See the included footnote file."
"SAGDP11N: Contributions to percent change in real GDP 1/"
"Last updated: November 14, 2018; revised statistics for 1997-2017."
"Source: U.S. Department of Commerce / Bureau of Economic Analysis / Regional Economic Accounts"
