GeoFIPS,GeoName,Region,TableName,ComponentName,Unit,IndustryId,IndustryClassification,Description,1997,1998,1999,2000,2001,2002,2003,2004,2005,2006,2007,2008,2009,2010,2011,2012,2013,2014,2015,2016,2017
 "21000" ,"Kentucky",5,SAGDP5N,"Subsidies","Thousands of dollars",1,"...","All industry total",-291623,-381328,-520588,-652191,-612134,-390174,-466642,-447456,-652108,-532624,-460732,-390097,-530194,-452755,-552357,-528639,-616994,-561139,-548216,-584433,(NA)
 "21000" ,"Kentucky",5,SAGDP5N,"Subsidies","Thousands of dollars",2,"..."," Private industries",-231758,-322074,-457941,-595337,-548550,-316355,-377726,-342766,-541039,-429301,-341019,-266562,-371998,-321248,-387683,-362645,-417612,-351585,-355722,-382272,(NA)
 "21000" ,"Kentucky",5,SAGDP5N,"Subsidies","Thousands of dollars",3,"11","  Agriculture, forestry, fishing, and hunting",-129460,-215682,-347387,-487851,-401585,-199112,-229898,-201295,-373983,-275725,-154769,-97399,-150002,-104914,-102811,-100857,-169759,-130646,-155824,-178197,(NA)
 "21000" ,"Kentucky",5,SAGDP5N,"Subsidies","Thousands of dollars",4,"111-112","   Farms",-129460,-215682,-347387,-487851,-401585,-199112,-229898,-201295,-373983,-275725,-154769,-97399,-150002,-104914,-102811,-100857,-169759,-130646,-155824,-178197,(NA)
 "21000" ,"Kentucky",5,SAGDP5N,"Subsidies","Thousands of dollars",5,"113-115","   Forestry, fishing, and related activities",0,0,0,0,0,0,0,0,0,0,0,0,0,0,0,0,0,0,0,0,(NA)
 "21000" ,"Kentucky",5,SAGDP5N,"Subsidies","Thousands of dollars",6,"21","  Mining, quarrying, and oil and gas extraction",0,0,0,0,0,0,0,0,0,0,0,0,0,0,0,0,0,0,0,0,(NA)
 "21000" ,"Kentucky",5,SAGDP5N,"Subsidies","Thousands of dollars",7,"211","   Oil and gas extraction",0,0,0,0,0,0,0,0,0,0,0,0,0,0,0,0,0,0,0,0,(NA)
 "21000" ,"Kentucky",5,SAGDP5N,"Subsidies","Thousands of dollars",8,"212","   Mining (except oil and gas)",0,0,0,0,0,0,0,0,0,0,0,0,0,0,0,0,0,0,0,0,(NA)
 "21000" ,"Kentucky",5,SAGDP5N,"Subsidies","Thousands of dollars",9,"213","   Support activities for mining",0,0,0,0,0,0,0,0,0,0,0,0,0,0,0,0,0,0,0,0,(NA)
 "21000" ,"Kentucky",5,SAGDP5N,"Subsidies","Thousands of dollars",10,"22","  Utilities",0,0,0,0,0,0,0,0,0,0,0,0,0,0,0,0,0,0,0,0,(NA)
 "21000" ,"Kentucky",5,SAGDP5N,"Subsidies","Thousands of dollars",11,"23","  Construction",0,0,0,0,0,0,0,0,0,0,0,0,0,0,0,0,0,0,0,0,(NA)
 "21000" ,"Kentucky",5,SAGDP5N,"Subsidies","Thousands of dollars",12,"31-33","  Manufacturing",0,0,0,0,0,0,0,0,0,-60,-30,-3745,-9523,-28329,-34161,-27827,-13468,-10432,-8447,-7306,(NA)
 "21000" ,"Kentucky",5,SAGDP5N,"Subsidies","Thousands of dollars",13,"321,327-339","   Durable goods manufacturing",0,0,0,0,0,0,0,0,0,0,0,-3712,-9021,-26702,-32373,-24154,-12053,-8064,-7298,-6266,(NA)
 "21000" ,"Kentucky",5,SAGDP5N,"Subsidies","Thousands of dollars",14,"321","    Wood product manufacturing",0,0,0,0,0,0,0,0,0,0,0,0,0,0,0,0,0,0,0,0,(NA)
 "21000" ,"Kentucky",5,SAGDP5N,"Subsidies","Thousands of dollars",15,"327","    Nonmetallic mineral product manufacturing",0,0,0,0,0,0,0,0,0,0,0,0,0,0,0,0,0,0,0,0,(NA)
 "21000" ,"Kentucky",5,SAGDP5N,"Subsidies","Thousands of dollars",16,"331","    Primary metal manufacturing",0,0,0,0,0,0,0,0,0,0,0,0,0,0,0,0,0,0,0,0,(NA)
 "21000" ,"Kentucky",5,SAGDP5N,"Subsidies","Thousands of dollars",17,"332","    Fabricated metal product manufacturing",0,0,0,0,0,0,0,0,0,0,0,0,0,0,0,0,0,0,0,0,(NA)
 "21000" ,"Kentucky",5,SAGDP5N,"Subsidies","Thousands of dollars",18,"333","    Machinery manufacturing",0,0,0,0,0,0,0,0,0,0,0,0,0,0,0,0,0,0,0,0,(NA)
 "21000" ,"Kentucky",5,SAGDP5N,"Subsidies","Thousands of dollars",19,"334","    Computer and electronic product manufacturing",0,0,0,0,0,0,0,0,0,0,0,0,0,0,0,0,0,0,0,0,(NA)
 "21000" ,"Kentucky",5,SAGDP5N,"Subsidies","Thousands of dollars",20,"335","    Electrical equipment, appliance, and component manufacturing",0,0,0,0,0,0,0,0,0,0,0,-3712,-9021,-26702,-32373,-24154,-12053,-8064,-7298,-6266,(NA)
 "21000" ,"Kentucky",5,SAGDP5N,"Subsidies","Thousands of dollars",21,"3361-3363","    Motor vehicles, bodies and trailers, and parts manufacturing",0,0,0,0,0,0,0,0,0,0,0,0,0,0,0,0,0,0,0,0,(NA)
 "21000" ,"Kentucky",5,SAGDP5N,"Subsidies","Thousands of dollars",22,"3364-3369","    Other transportation equipment manufacturing",0,0,0,0,0,0,0,0,0,0,0,0,0,0,0,0,0,0,0,0,(NA)
 "21000" ,"Kentucky",5,SAGDP5N,"Subsidies","Thousands of dollars",23,"337","    Furniture and related product manufacturing",0,0,0,0,0,0,0,0,0,0,0,0,0,0,0,0,0,0,0,0,(NA)
 "21000" ,"Kentucky",5,SAGDP5N,"Subsidies","Thousands of dollars",24,"339","    Miscellaneous manufacturing",0,0,0,0,0,0,0,0,0,0,0,0,0,0,0,0,0,0,0,0,(NA)
 "21000" ,"Kentucky",5,SAGDP5N,"Subsidies","Thousands of dollars",25,"311-316,322-326","   Nondurable goods manufacturing",0,0,0,0,0,0,0,0,0,-60,-30,-33,-501,-1627,-1788,-3673,-1415,-2368,-1150,-1039,(NA)
 "21000" ,"Kentucky",5,SAGDP5N,"Subsidies","Thousands of dollars",26,"311-312","    Food and beverage and tobacco products manufacturing",0,0,0,0,0,0,0,0,0,0,0,0,0,0,0,0,0,0,0,0,(NA)
 "21000" ,"Kentucky",5,SAGDP5N,"Subsidies","Thousands of dollars",27,"313-314","    Textile mills and textile product mills",0,0,0,0,0,0,0,0,0,-60,-30,-33,-41,-34,-33,-39,-43,-47,-111,0,(NA)
 "21000" ,"Kentucky",5,SAGDP5N,"Subsidies","Thousands of dollars",28,"315-316","    Apparel, leather, and allied product manufacturing",0,0,0,0,0,0,0,0,0,0,0,0,0,0,0,0,0,0,0,0,(NA)
 "21000" ,"Kentucky",5,SAGDP5N,"Subsidies","Thousands of dollars",29,"322","    Paper manufacturing",0,0,0,0,0,0,0,0,0,0,0,0,0,0,0,0,0,0,0,0,(NA)
 "21000" ,"Kentucky",5,SAGDP5N,"Subsidies","Thousands of dollars",30,"323","    Printing and related support activities",0,0,0,0,0,0,0,0,0,0,0,0,0,0,0,0,0,0,0,0,(NA)
 "21000" ,"Kentucky",5,SAGDP5N,"Subsidies","Thousands of dollars",31,"324","    Petroleum and coal products manufacturing",0,0,0,0,0,0,0,0,0,0,0,0,-323,-1414,-429,-3107,-740,-1879,-943,-943,(NA)
 "21000" ,"Kentucky",5,SAGDP5N,"Subsidies","Thousands of dollars",32,"325","    Chemical manufacturing",0,0,0,0,0,0,0,0,0,0,0,0,-137,-179,-1326,-526,-632,-442,-95,-97,(NA)
 "21000" ,"Kentucky",5,SAGDP5N,"Subsidies","Thousands of dollars",33,"326","    Plastics and rubber products manufacturing",0,0,0,0,0,0,0,0,0,0,0,0,0,0,0,0,0,0,0,0,(NA)
 "21000" ,"Kentucky",5,SAGDP5N,"Subsidies","Thousands of dollars",34,"42","  Wholesale trade",0,0,0,0,0,0,0,0,0,0,0,0,0,0,0,0,0,0,0,0,(NA)
 "21000" ,"Kentucky",5,SAGDP5N,"Subsidies","Thousands of dollars",35,"44-45","  Retail trade",0,0,0,0,0,0,0,0,0,0,0,0,-36387,-3895,-37,-1,0,0,0,0,(NA)
 "21000" ,"Kentucky",5,SAGDP5N,"Subsidies","Thousands of dollars",36,"48-49","  Transportation and warehousing",-1494,-711,-527,-876,-41278,-6867,-24463,-12812,-8448,-12460,-9700,-7308,-10954,-6623,-7773,-13465,-6210,-4068,-3370,-5862,(NA)
 "21000" ,"Kentucky",5,SAGDP5N,"Subsidies","Thousands of dollars",37,"481","   Air transportation",-155,8,0,-8,-38870,-1237,-19443,-131,-474,-719,-725,-1090,-1320,-1589,-1824,-1999,-1811,-1695,-1856,-1897,(NA)
 "21000" ,"Kentucky",5,SAGDP5N,"Subsidies","Thousands of dollars",38,"482","   Rail transportation",-237,-173,-254,-210,-182,-472,-351,-231,-257,-270,-233,-310,-408,-490,-349,-325,-339,-299,-314,-304,(NA)
 "21000" ,"Kentucky",5,SAGDP5N,"Subsidies","Thousands of dollars",39,"483","   Water transportation",-1103,-546,-273,-658,-2226,-5158,-4621,-12128,-7410,-10659,-8537,-5690,-9133,-4545,-5601,-11141,-4060,-2074,-1200,-3661,(NA)
 "21000" ,"Kentucky",5,SAGDP5N,"Subsidies","Thousands of dollars",40,"484","   Truck transportation",0,0,0,0,0,0,-49,-322,-307,-812,-205,-218,-93,0,0,0,0,0,0,0,(NA)
 "21000" ,"Kentucky",5,SAGDP5N,"Subsidies","Thousands of dollars",41,"485","   Transit and ground passenger transportation",0,0,0,0,0,0,0,0,0,0,0,0,0,0,0,0,0,0,0,0,(NA)
 "21000" ,"Kentucky",5,SAGDP5N,"Subsidies","Thousands of dollars",42,"486","   Pipeline transportation",0,0,0,0,0,0,0,0,0,0,0,0,0,0,0,0,0,0,0,0,(NA)
 "21000" ,"Kentucky",5,SAGDP5N,"Subsidies","Thousands of dollars",43,"487-488, 492","   Other transportation and support activities",0,0,0,0,0,0,0,0,0,0,0,0,0,0,0,0,0,0,0,0,(NA)
 "21000" ,"Kentucky",5,SAGDP5N,"Subsidies","Thousands of dollars",44,"493","   Warehousing and storage",0,0,0,0,0,0,0,0,0,0,0,0,0,0,0,0,0,0,0,0,(NA)
 "21000" ,"Kentucky",5,SAGDP5N,"Subsidies","Thousands of dollars",45,"51","  Information",0,0,0,0,0,0,0,0,0,0,0,0,-310,-889,-3967,-5865,-3025,-739,-705,41,(NA)
 "21000" ,"Kentucky",5,SAGDP5N,"Subsidies","Thousands of dollars",46,"511","   Publishing industries (except Internet)",0,0,0,0,0,0,0,0,0,0,0,0,0,0,0,0,0,0,0,0,(NA)
 "21000" ,"Kentucky",5,SAGDP5N,"Subsidies","Thousands of dollars",47,"512","   Motion picture and sound recording industries",0,0,0,0,0,0,0,0,0,0,0,0,0,0,0,0,0,0,0,0,(NA)
 "21000" ,"Kentucky",5,SAGDP5N,"Subsidies","Thousands of dollars",48,"515, 517","   Broadcasting (except Internet) and telecommunications",0,0,0,0,0,0,0,0,0,0,0,0,-310,-889,-3967,-5865,-3025,-739,-705,41,(NA)
 "21000" ,"Kentucky",5,SAGDP5N,"Subsidies","Thousands of dollars",49,"518, 519","   Data processing, hosting, and other information services",0,0,0,0,0,0,0,0,0,0,0,0,0,0,0,0,0,0,0,0,(NA)
 "21000" ,"Kentucky",5,SAGDP5N,"Subsidies","Thousands of dollars",50,"52, 53","  Finance, insurance, real estate, rental, and leasing",-100803,-105681,-110027,-106610,-105686,-110375,-123365,-128659,-158608,-141057,-176520,-158110,-164823,-168482,-173803,-175190,-177291,-162590,-161326,-175582,(NA)
 "21000" ,"Kentucky",5,SAGDP5N,"Subsidies","Thousands of dollars",51,"52","   Finance and insurance",-209,-398,-616,-651,-776,-897,-328,-281,-437,-223,-340,-514,-944,-2189,-2677,-3718,-2016,-2705,-1669,-1835,(NA)
 "21000" ,"Kentucky",5,SAGDP5N,"Subsidies","Thousands of dollars",52,"521-522","    Monetary Authorities- central bank, credit intermediation, and related services",-209,-398,-616,-651,-776,-897,-328,-281,-437,-223,-340,-514,-944,-2189,-2677,-3718,-2016,-2705,-1669,-1835,(NA)
 "21000" ,"Kentucky",5,SAGDP5N,"Subsidies","Thousands of dollars",53,"523","    Securities, commodity contracts, and other financial investments and related activities",0,0,0,0,0,0,0,0,0,0,0,0,0,0,0,0,0,0,0,0,(NA)
 "21000" ,"Kentucky",5,SAGDP5N,"Subsidies","Thousands of dollars",54,"524","    Insurance carriers and related activities",0,0,0,0,0,0,0,0,0,0,0,0,0,0,0,0,0,0,0,0,(NA)
 "21000" ,"Kentucky",5,SAGDP5N,"Subsidies","Thousands of dollars",55,"525","    Funds, trusts, and other financial vehicles",0,0,0,0,0,0,0,0,0,0,0,0,0,0,0,0,0,0,0,0,(NA)
 "21000" ,"Kentucky",5,SAGDP5N,"Subsidies","Thousands of dollars",56,"53","   Real estate and rental and leasing",-100594,-105284,-109411,-105959,-104910,-109478,-123037,-128378,-158171,-140833,-176180,-157596,-163879,-166293,-171126,-171471,-175276,-159885,-159657,-173747,(NA)
 "21000" ,"Kentucky",5,SAGDP5N,"Subsidies","Thousands of dollars",57,"531","    Real estate",-100594,-105284,-109411,-105959,-104910,-109478,-123037,-128378,-158171,-140833,-176180,-157596,-163879,-166293,-171126,-171471,-175276,-159885,-159657,-173747,(NA)
 "21000" ,"Kentucky",5,SAGDP5N,"Subsidies","Thousands of dollars",58,"532-533","    Rental and leasing services and lessors of nonfinancial intangible assets",0,0,0,0,0,0,0,0,0,0,0,0,0,0,0,0,0,0,0,0,(NA)
 "21000" ,"Kentucky",5,SAGDP5N,"Subsidies","Thousands of dollars",59,"54, 55, 56","  Professional and business services",0,0,0,0,0,0,0,0,0,0,0,0,0,0,0,0,0,0,0,0,(NA)
 "21000" ,"Kentucky",5,SAGDP5N,"Subsidies","Thousands of dollars",60,"54","   Professional, scientific, and technical services",0,0,0,0,0,0,0,0,0,0,0,0,0,0,0,0,0,0,0,0,(NA)
 "21000" ,"Kentucky",5,SAGDP5N,"Subsidies","Thousands of dollars",61,"5411","    Legal services",0,0,0,0,0,0,0,0,0,0,0,0,0,0,0,0,0,0,0,0,(NA)
 "21000" ,"Kentucky",5,SAGDP5N,"Subsidies","Thousands of dollars",62,"5415","    Computer systems design and related services",0,0,0,0,0,0,0,0,0,0,0,0,0,0,0,0,0,0,0,0,(NA)
 "21000" ,"Kentucky",5,SAGDP5N,"Subsidies","Thousands of dollars",63,"5412-5414, 5416-5419","    Miscellaneous professional, scientific, and technical services",0,0,0,0,0,0,0,0,0,0,0,0,0,0,0,0,0,0,0,0,(NA)
 "21000" ,"Kentucky",5,SAGDP5N,"Subsidies","Thousands of dollars",64,"55","   Management of companies and enterprises",0,0,0,0,0,0,0,0,0,0,0,0,0,0,0,0,0,0,0,0,(NA)
 "21000" ,"Kentucky",5,SAGDP5N,"Subsidies","Thousands of dollars",65,"56","   Administrative and support and waste management and remediation services",0,0,0,0,0,0,0,0,0,0,0,0,0,0,0,0,0,0,0,0,(NA)
 "21000" ,"Kentucky",5,SAGDP5N,"Subsidies","Thousands of dollars",66,"561","    Administrative and support services",0,0,0,0,0,0,0,0,0,0,0,0,0,0,0,0,0,0,0,0,(NA)
 "21000" ,"Kentucky",5,SAGDP5N,"Subsidies","Thousands of dollars",67,"562","    Waste management and remediation services",0,0,0,0,0,0,0,0,0,0,0,0,0,0,0,0,0,0,0,0,(NA)
 "21000" ,"Kentucky",5,SAGDP5N,"Subsidies","Thousands of dollars",68,"61, 62","  Educational services, health care, and social assistance",0,0,0,0,0,0,0,0,0,0,0,0,0,-8115,-65131,-39439,-47858,-43109,-26049,-15367,(NA)
 "21000" ,"Kentucky",5,SAGDP5N,"Subsidies","Thousands of dollars",69,"61","   Educational services",0,0,0,0,0,0,0,0,0,0,0,0,0,0,0,0,0,0,0,0,(NA)
 "21000" ,"Kentucky",5,SAGDP5N,"Subsidies","Thousands of dollars",70,"62","   Health care and social assistance",0,0,0,0,0,0,0,0,0,0,0,0,0,-8115,-65131,-39439,-47858,-43109,-26049,-15367,(NA)
 "21000" ,"Kentucky",5,SAGDP5N,"Subsidies","Thousands of dollars",71,"621","    Ambulatory health care services",0,0,0,0,0,0,0,0,0,0,0,0,0,0,0,0,0,0,0,0,(NA)
 "21000" ,"Kentucky",5,SAGDP5N,"Subsidies","Thousands of dollars",72,"622","    Hospitals",0,0,0,0,0,0,0,0,0,0,0,0,0,-8115,-65131,-39439,-47858,-43109,-26049,-15367,(NA)
 "21000" ,"Kentucky",5,SAGDP5N,"Subsidies","Thousands of dollars",73,"623","    Nursing and residential care facilities",0,0,0,0,0,0,0,0,0,0,0,0,0,0,0,0,0,0,0,0,(NA)
 "21000" ,"Kentucky",5,SAGDP5N,"Subsidies","Thousands of dollars",74,"624","    Social assistance",0,0,0,0,0,0,0,0,0,0,0,0,0,0,0,0,0,0,0,0,(NA)
 "21000" ,"Kentucky",5,SAGDP5N,"Subsidies","Thousands of dollars",75,"71, 72","  Arts, entertainment, recreation, accommodation, and food services",0,0,0,0,0,0,0,0,0,0,0,0,0,0,0,0,0,0,0,0,(NA)
 "21000" ,"Kentucky",5,SAGDP5N,"Subsidies","Thousands of dollars",76,"71","   Arts, entertainment, and recreation",0,0,0,0,0,0,0,0,0,0,0,0,0,0,0,0,0,0,0,0,(NA)
 "21000" ,"Kentucky",5,SAGDP5N,"Subsidies","Thousands of dollars",77,"711-712","    Performing arts, spectator sports, museums, and related activities",0,0,0,0,0,0,0,0,0,0,0,0,0,0,0,0,0,0,0,0,(NA)
 "21000" ,"Kentucky",5,SAGDP5N,"Subsidies","Thousands of dollars",78,"713","    Amusement, gambling, and recreation industries",0,0,0,0,0,0,0,0,0,0,0,0,0,0,0,0,0,0,0,0,(NA)
 "21000" ,"Kentucky",5,SAGDP5N,"Subsidies","Thousands of dollars",79,"72","   Accommodation and food services",0,0,0,0,0,0,0,0,0,0,0,0,0,0,0,0,0,0,0,0,(NA)
 "21000" ,"Kentucky",5,SAGDP5N,"Subsidies","Thousands of dollars",80,"721","    Accommodation",0,0,0,0,0,0,0,0,0,0,0,0,0,0,0,0,0,0,0,0,(NA)
 "21000" ,"Kentucky",5,SAGDP5N,"Subsidies","Thousands of dollars",81,"722","    Food services and drinking places",0,0,0,0,0,0,0,0,0,0,0,0,0,0,0,0,0,0,0,0,(NA)
 "21000" ,"Kentucky",5,SAGDP5N,"Subsidies","Thousands of dollars",82,"81","  Other services (except government and government enterprises)",0,0,0,0,0,0,0,0,0,0,0,0,0,0,0,0,0,0,0,0,(NA)
 "21000" ,"Kentucky",5,SAGDP5N,"Subsidies","Thousands of dollars",83,"..."," Government and government enterprises",-59865,-59254,-62647,-56854,-63584,-73819,-88916,-104689,-111069,-103324,-119713,-123535,-158196,-131507,-164674,-165994,-199382,-209555,-192494,-202161,(NA)
 "21000" ,"Kentucky",5,SAGDP5N,"Subsidies","Thousands of dollars",84,"...","  Federal civilian",-9825,-8633,-10220,-12171,-15946,-16384,-16766,-18862,-20355,-20567,-27810,-47203,-56943,-41093,-60467,-68838,-103266,-109816,-90844,-93606,(NA)
 "21000" ,"Kentucky",5,SAGDP5N,"Subsidies","Thousands of dollars",85,"...","  Military",0,0,0,0,0,0,0,0,0,0,0,0,0,0,0,0,0,0,0,0,(NA)
 "21000" ,"Kentucky",5,SAGDP5N,"Subsidies","Thousands of dollars",86,"...","  State and local",-50040,-50622,-52427,-44683,-47639,-57435,-72150,-85827,-90714,-82756,-91903,-76331,-101253,-90415,-104207,-97156,-96116,-99739,-101650,-108555,(NA)
 "21000" ,"Kentucky",5,SAGDP5N,"Subsidies","Thousands of dollars",87,"11, 21","Natural resources and mining",-129460,-215682,-347387,-487851,-401585,-199112,-229898,-201295,-373983,-275725,-154769,-97399,-150002,-104914,-102811,-100857,-169759,-130646,-155824,-178197,(NA)
 "21000" ,"Kentucky",5,SAGDP5N,"Subsidies","Thousands of dollars",88,"42, 44-45","Trade",0,0,0,0,0,0,0,0,0,0,0,0,-36387,-3895,-37,-1,0,0,0,0,(NA)
 "21000" ,"Kentucky",5,SAGDP5N,"Subsidies","Thousands of dollars",89,"...","Transportation and utilities",-1494,-711,-527,-876,-41278,-6867,-24463,-12812,-8448,-12460,-9700,-7308,-10954,-6623,-7773,-13465,-6210,-4068,-3370,-5862,(NA)
 "21000" ,"Kentucky",5,SAGDP5N,"Subsidies","Thousands of dollars",90,"...","Private goods-producing industries 2/",-129460,-215682,-347387,-487851,-401585,-199112,-229898,-201295,-373983,-275784,-154799,-101144,-159525,-133243,-136972,-128685,-183227,-141078,-164271,-185503,(NA)
 "21000" ,"Kentucky",5,SAGDP5N,"Subsidies","Thousands of dollars",91,"...","Private services-providing industries 3/",-102297,-106392,-110554,-107486,-146965,-117242,-147828,-141472,-167056,-153516,-186220,-165418,-212473,-188004,-250711,-233960,-234385,-210506,-191451,-196770,(NA)
"Note: See the included footnote file."
"SAGDP5N: Subsidies 1/"
"Last updated: November 14, 2018; revised statistics for 1997-2017."
"Source: U.S. Department of Commerce / Bureau of Economic Analysis / Regional Economic Accounts"
