GeoFIPS,GeoName,Region,TableName,ComponentName,Unit,IndustryId,IndustryClassification,Description,1997,1998,1999,2000,2001,2002,2003,2004,2005,2006,2007,2008,2009,2010,2011,2012,2013,2014,2015,2016,2017
 "31000" ,"Nebraska",4,SAGDP5N,"Subsidies","Thousands of dollars",1,"...","All industry total",-356097,-473789,-646173,-647535,-800334,-501998,-825314,-624462,-1029370,-686717,-750665,-856078,-923506,-800881,-962511,-869556,-1022198,-919692,-937258,-1025370,(NA)
 "31000" ,"Nebraska",4,SAGDP5N,"Subsidies","Thousands of dollars",2,"..."," Private industries",-279917,-405883,-582359,-570016,-673251,-364232,-672150,-453178,-856368,-503229,-512763,-523701,-571903,-565553,-651674,-535661,-583650,-508332,-578562,-675372,(NA)
 "31000" ,"Nebraska",4,SAGDP5N,"Subsidies","Thousands of dollars",3,"11","  Agriculture, forestry, fishing, and hunting",-231519,-355306,-528330,-518017,-604511,-308195,-603364,-390498,-778987,-435491,-430871,-449746,-476001,-477292,-536325,-428025,-474985,-410499,-483620,-580895,(NA)
 "31000" ,"Nebraska",4,SAGDP5N,"Subsidies","Thousands of dollars",4,"111-112","   Farms",-231519,-355306,-528330,-518017,-604511,-308195,-603364,-390498,-778987,-435491,-430871,-449746,-476001,-477292,-536325,-428025,-474985,-410499,-483620,-580895,(NA)
 "31000" ,"Nebraska",4,SAGDP5N,"Subsidies","Thousands of dollars",5,"113-115","   Forestry, fishing, and related activities",0,0,0,0,0,0,0,0,0,0,0,0,0,0,0,0,0,0,0,0,(NA)
 "31000" ,"Nebraska",4,SAGDP5N,"Subsidies","Thousands of dollars",6,"21","  Mining, quarrying, and oil and gas extraction",0,0,0,0,0,0,0,0,0,0,0,0,0,0,0,0,0,0,0,0,(NA)
 "31000" ,"Nebraska",4,SAGDP5N,"Subsidies","Thousands of dollars",7,"211","   Oil and gas extraction",0,0,0,0,0,0,0,0,0,0,0,0,0,0,0,0,0,0,0,0,(NA)
 "31000" ,"Nebraska",4,SAGDP5N,"Subsidies","Thousands of dollars",8,"212","   Mining (except oil and gas)",0,0,0,0,0,0,0,0,0,0,0,0,0,0,0,0,0,0,0,0,(NA)
 "31000" ,"Nebraska",4,SAGDP5N,"Subsidies","Thousands of dollars",9,"213","   Support activities for mining",0,0,0,0,0,0,0,0,0,0,0,0,0,0,0,0,0,0,0,0,(NA)
 "31000" ,"Nebraska",4,SAGDP5N,"Subsidies","Thousands of dollars",10,"22","  Utilities",0,0,0,0,0,0,0,0,0,0,0,0,0,0,0,0,0,0,0,0,(NA)
 "31000" ,"Nebraska",4,SAGDP5N,"Subsidies","Thousands of dollars",11,"23","  Construction",0,0,0,0,0,0,0,0,0,0,0,0,0,0,0,0,0,0,0,0,(NA)
 "31000" ,"Nebraska",4,SAGDP5N,"Subsidies","Thousands of dollars",12,"31-33","  Manufacturing",0,0,0,0,0,0,0,0,0,-17,-9,-633,-1158,-3002,-4684,-3158,-1657,-1515,-1334,-1287,(NA)
 "31000" ,"Nebraska",4,SAGDP5N,"Subsidies","Thousands of dollars",13,"321,327-339","   Durable goods manufacturing",0,0,0,0,0,0,0,0,0,0,0,-623,-1058,-2873,-3569,-2754,-1212,-1046,-1199,-1186,(NA)
 "31000" ,"Nebraska",4,SAGDP5N,"Subsidies","Thousands of dollars",14,"321","    Wood product manufacturing",0,0,0,0,0,0,0,0,0,0,0,0,0,0,0,0,0,0,0,0,(NA)
 "31000" ,"Nebraska",4,SAGDP5N,"Subsidies","Thousands of dollars",15,"327","    Nonmetallic mineral product manufacturing",0,0,0,0,0,0,0,0,0,0,0,0,0,0,0,0,0,0,0,0,(NA)
 "31000" ,"Nebraska",4,SAGDP5N,"Subsidies","Thousands of dollars",16,"331","    Primary metal manufacturing",0,0,0,0,0,0,0,0,0,0,0,0,0,0,0,0,0,0,0,0,(NA)
 "31000" ,"Nebraska",4,SAGDP5N,"Subsidies","Thousands of dollars",17,"332","    Fabricated metal product manufacturing",0,0,0,0,0,0,0,0,0,0,0,0,0,0,0,0,0,0,0,0,(NA)
 "31000" ,"Nebraska",4,SAGDP5N,"Subsidies","Thousands of dollars",18,"333","    Machinery manufacturing",0,0,0,0,0,0,0,0,0,0,0,0,0,0,0,0,0,0,0,0,(NA)
 "31000" ,"Nebraska",4,SAGDP5N,"Subsidies","Thousands of dollars",19,"334","    Computer and electronic product manufacturing",0,0,0,0,0,0,0,0,0,0,0,0,0,0,0,0,0,0,0,0,(NA)
 "31000" ,"Nebraska",4,SAGDP5N,"Subsidies","Thousands of dollars",20,"335","    Electrical equipment, appliance, and component manufacturing",0,0,0,0,0,0,0,0,0,0,0,-623,-1058,-2873,-3569,-2754,-1212,-1046,-1199,-1186,(NA)
 "31000" ,"Nebraska",4,SAGDP5N,"Subsidies","Thousands of dollars",21,"3361-3363","    Motor vehicles, bodies and trailers, and parts manufacturing",0,0,0,0,0,0,0,0,0,0,0,0,0,0,0,0,0,0,0,0,(NA)
 "31000" ,"Nebraska",4,SAGDP5N,"Subsidies","Thousands of dollars",22,"3364-3369","    Other transportation equipment manufacturing",0,0,0,0,0,0,0,0,0,0,0,0,0,0,0,0,0,0,0,0,(NA)
 "31000" ,"Nebraska",4,SAGDP5N,"Subsidies","Thousands of dollars",23,"337","    Furniture and related product manufacturing",0,0,0,0,0,0,0,0,0,0,0,0,0,0,0,0,0,0,0,0,(NA)
 "31000" ,"Nebraska",4,SAGDP5N,"Subsidies","Thousands of dollars",24,"339","    Miscellaneous manufacturing",0,0,0,0,0,0,0,0,0,0,0,0,0,0,0,0,0,0,0,0,(NA)
 "31000" ,"Nebraska",4,SAGDP5N,"Subsidies","Thousands of dollars",25,"311-316,322-326","   Nondurable goods manufacturing",0,0,0,0,0,0,0,0,0,-17,-9,-10,-99,-130,-1115,-404,-445,-469,-135,-101,(NA)
 "31000" ,"Nebraska",4,SAGDP5N,"Subsidies","Thousands of dollars",26,"311-312","    Food and beverage and tobacco products manufacturing",0,0,0,0,0,0,0,0,0,0,0,0,0,0,0,0,0,0,0,0,(NA)
 "31000" ,"Nebraska",4,SAGDP5N,"Subsidies","Thousands of dollars",27,"313-314","    Textile mills and textile product mills",0,0,0,0,0,0,0,0,0,-17,-9,-10,-14,-12,-11,-12,-10,-11,-26,0,(NA)
 "31000" ,"Nebraska",4,SAGDP5N,"Subsidies","Thousands of dollars",28,"315-316","    Apparel, leather, and allied product manufacturing",0,0,0,0,0,0,0,0,0,0,0,0,0,0,0,0,0,0,0,0,(NA)
 "31000" ,"Nebraska",4,SAGDP5N,"Subsidies","Thousands of dollars",29,"322","    Paper manufacturing",0,0,0,0,0,0,0,0,0,0,0,0,0,0,0,0,0,0,0,0,(NA)
 "31000" ,"Nebraska",4,SAGDP5N,"Subsidies","Thousands of dollars",30,"323","    Printing and related support activities",0,0,0,0,0,0,0,0,0,0,0,0,0,0,0,0,0,0,0,0,(NA)
 "31000" ,"Nebraska",4,SAGDP5N,"Subsidies","Thousands of dollars",31,"324","    Petroleum and coal products manufacturing",0,0,0,0,0,0,0,0,0,0,0,0,-1,-3,-2,-9,-2,-7,-4,-4,(NA)
 "31000" ,"Nebraska",4,SAGDP5N,"Subsidies","Thousands of dollars",32,"325","    Chemical manufacturing",0,0,0,0,0,0,0,0,0,0,0,0,-84,-114,-1103,-383,-433,-451,-106,-97,(NA)
 "31000" ,"Nebraska",4,SAGDP5N,"Subsidies","Thousands of dollars",33,"326","    Plastics and rubber products manufacturing",0,0,0,0,0,0,0,0,0,0,0,0,0,0,0,0,0,0,0,0,(NA)
 "31000" ,"Nebraska",4,SAGDP5N,"Subsidies","Thousands of dollars",34,"42","  Wholesale trade",0,0,0,0,0,0,0,0,0,0,0,0,0,0,0,0,0,0,0,0,(NA)
 "31000" ,"Nebraska",4,SAGDP5N,"Subsidies","Thousands of dollars",35,"44-45","  Retail trade",0,0,0,0,0,0,0,0,0,0,0,0,-19811,-2162,-20,-1,0,0,0,0,(NA)
 "31000" ,"Nebraska",4,SAGDP5N,"Subsidies","Thousands of dollars",36,"48-49","  Transportation and warehousing",-1059,-767,-1006,-938,-16676,-1620,-9061,-1782,-2126,-2797,-1900,-2296,-2599,-2994,-2342,-2227,-2246,-2117,-2411,-2519,(NA)
 "31000" ,"Nebraska",4,SAGDP5N,"Subsidies","Thousands of dollars",37,"481","   Air transportation",-63,3,0,-3,-15848,-504,-7927,-54,-193,-293,-295,-444,-538,-648,-744,-815,-738,-691,-757,-773,(NA)
 "31000" ,"Nebraska",4,SAGDP5N,"Subsidies","Thousands of dollars",38,"482","   Rail transportation",-993,-770,-1006,-934,-828,-1093,-1063,-1288,-1535,-1523,-1362,-1583,-1934,-2347,-1599,-1411,-1508,-1426,-1654,-1746,(NA)
 "31000" ,"Nebraska",4,SAGDP5N,"Subsidies","Thousands of dollars",39,"483","   Water transportation",-3,0,0,0,0,-22,0,0,0,0,-5,0,0,0,0,-1,0,0,0,0,(NA)
 "31000" ,"Nebraska",4,SAGDP5N,"Subsidies","Thousands of dollars",40,"484","   Truck transportation",0,0,0,0,0,0,-71,-440,-398,-981,-238,-268,-127,0,0,0,0,0,0,0,(NA)
 "31000" ,"Nebraska",4,SAGDP5N,"Subsidies","Thousands of dollars",41,"485","   Transit and ground passenger transportation",0,0,0,0,0,0,0,0,0,0,0,0,0,0,0,0,0,0,0,0,(NA)
 "31000" ,"Nebraska",4,SAGDP5N,"Subsidies","Thousands of dollars",42,"486","   Pipeline transportation",0,0,0,0,0,0,0,0,0,0,0,0,0,0,0,0,0,0,0,0,(NA)
 "31000" ,"Nebraska",4,SAGDP5N,"Subsidies","Thousands of dollars",43,"487-488, 492","   Other transportation and support activities",0,0,0,0,0,0,0,0,0,0,0,0,0,0,0,0,0,0,0,0,(NA)
 "31000" ,"Nebraska",4,SAGDP5N,"Subsidies","Thousands of dollars",44,"493","   Warehousing and storage",0,0,0,0,0,0,0,0,0,0,0,0,0,0,0,0,0,0,0,0,(NA)
 "31000" ,"Nebraska",4,SAGDP5N,"Subsidies","Thousands of dollars",45,"51","  Information",0,0,0,0,0,0,0,0,0,0,0,0,-161,-416,-1768,-2466,-1313,-314,-319,19,(NA)
 "31000" ,"Nebraska",4,SAGDP5N,"Subsidies","Thousands of dollars",46,"511","   Publishing industries (except Internet)",0,0,0,0,0,0,0,0,0,0,0,0,0,0,0,0,0,0,0,0,(NA)
 "31000" ,"Nebraska",4,SAGDP5N,"Subsidies","Thousands of dollars",47,"512","   Motion picture and sound recording industries",0,0,0,0,0,0,0,0,0,0,0,0,0,0,0,0,0,0,0,0,(NA)
 "31000" ,"Nebraska",4,SAGDP5N,"Subsidies","Thousands of dollars",48,"515, 517","   Broadcasting (except Internet) and telecommunications",0,0,0,0,0,0,0,0,0,0,0,0,-161,-416,-1768,-2466,-1313,-314,-319,19,(NA)
 "31000" ,"Nebraska",4,SAGDP5N,"Subsidies","Thousands of dollars",49,"518, 519","   Data processing, hosting, and other information services",0,0,0,0,0,0,0,0,0,0,0,0,0,0,0,0,0,0,0,0,(NA)
 "31000" ,"Nebraska",4,SAGDP5N,"Subsidies","Thousands of dollars",50,"52, 53","  Finance, insurance, real estate, rental, and leasing",-47339,-49810,-53024,-51062,-52064,-54417,-59725,-60898,-75256,-64924,-79982,-71026,-72173,-76082,-77789,-82108,-81563,-73890,-78971,-83625,(NA)
 "31000" ,"Nebraska",4,SAGDP5N,"Subsidies","Thousands of dollars",51,"52","   Finance and insurance",-56,-87,-186,-212,-272,-458,-185,-131,-174,-118,-146,-212,-484,-2001,-1289,-2000,-1947,-1250,-788,-543,(NA)
 "31000" ,"Nebraska",4,SAGDP5N,"Subsidies","Thousands of dollars",52,"521-522","    Monetary Authorities- central bank, credit intermediation, and related services",-56,-87,-186,-212,-272,-458,-185,-131,-174,-118,-146,-212,-484,-2001,-1289,-2000,-1947,-1250,-788,-543,(NA)
 "31000" ,"Nebraska",4,SAGDP5N,"Subsidies","Thousands of dollars",53,"523","    Securities, commodity contracts, and other financial investments and related activities",0,0,0,0,0,0,0,0,0,0,0,0,0,0,0,0,0,0,0,0,(NA)
 "31000" ,"Nebraska",4,SAGDP5N,"Subsidies","Thousands of dollars",54,"524","    Insurance carriers and related activities",0,0,0,0,0,0,0,0,0,0,0,0,0,0,0,0,0,0,0,0,(NA)
 "31000" ,"Nebraska",4,SAGDP5N,"Subsidies","Thousands of dollars",55,"525","    Funds, trusts, and other financial vehicles",0,0,0,0,0,0,0,0,0,0,0,0,0,0,0,0,0,0,0,0,(NA)
 "31000" ,"Nebraska",4,SAGDP5N,"Subsidies","Thousands of dollars",56,"53","   Real estate and rental and leasing",-47283,-49723,-52838,-50850,-51792,-53959,-59540,-60767,-75082,-64806,-79836,-70815,-71689,-74082,-76500,-80109,-79616,-72639,-78183,-83082,(NA)
 "31000" ,"Nebraska",4,SAGDP5N,"Subsidies","Thousands of dollars",57,"531","    Real estate",-47283,-49723,-52838,-50850,-51792,-53959,-59540,-60767,-75082,-64806,-79836,-70815,-71689,-74082,-76500,-80109,-79616,-72639,-78183,-83082,(NA)
 "31000" ,"Nebraska",4,SAGDP5N,"Subsidies","Thousands of dollars",58,"532-533","    Rental and leasing services and lessors of nonfinancial intangible assets",0,0,0,0,0,0,0,0,0,0,0,0,0,0,0,0,0,0,0,0,(NA)
 "31000" ,"Nebraska",4,SAGDP5N,"Subsidies","Thousands of dollars",59,"54, 55, 56","  Professional and business services",0,0,0,0,0,0,0,0,0,0,0,0,0,0,0,0,0,0,0,0,(NA)
 "31000" ,"Nebraska",4,SAGDP5N,"Subsidies","Thousands of dollars",60,"54","   Professional, scientific, and technical services",0,0,0,0,0,0,0,0,0,0,0,0,0,0,0,0,0,0,0,0,(NA)
 "31000" ,"Nebraska",4,SAGDP5N,"Subsidies","Thousands of dollars",61,"5411","    Legal services",0,0,0,0,0,0,0,0,0,0,0,0,0,0,0,0,0,0,0,0,(NA)
 "31000" ,"Nebraska",4,SAGDP5N,"Subsidies","Thousands of dollars",62,"5415","    Computer systems design and related services",0,0,0,0,0,0,0,0,0,0,0,0,0,0,0,0,0,0,0,0,(NA)
 "31000" ,"Nebraska",4,SAGDP5N,"Subsidies","Thousands of dollars",63,"5412-5414, 5416-5419","    Miscellaneous professional, scientific, and technical services",0,0,0,0,0,0,0,0,0,0,0,0,0,0,0,0,0,0,0,0,(NA)
 "31000" ,"Nebraska",4,SAGDP5N,"Subsidies","Thousands of dollars",64,"55","   Management of companies and enterprises",0,0,0,0,0,0,0,0,0,0,0,0,0,0,0,0,0,0,0,0,(NA)
 "31000" ,"Nebraska",4,SAGDP5N,"Subsidies","Thousands of dollars",65,"56","   Administrative and support and waste management and remediation services",0,0,0,0,0,0,0,0,0,0,0,0,0,0,0,0,0,0,0,0,(NA)
 "31000" ,"Nebraska",4,SAGDP5N,"Subsidies","Thousands of dollars",66,"561","    Administrative and support services",0,0,0,0,0,0,0,0,0,0,0,0,0,0,0,0,0,0,0,0,(NA)
 "31000" ,"Nebraska",4,SAGDP5N,"Subsidies","Thousands of dollars",67,"562","    Waste management and remediation services",0,0,0,0,0,0,0,0,0,0,0,0,0,0,0,0,0,0,0,0,(NA)
 "31000" ,"Nebraska",4,SAGDP5N,"Subsidies","Thousands of dollars",68,"61, 62","  Educational services, health care, and social assistance",0,0,0,0,0,0,0,0,0,0,0,0,0,-3604,-28746,-17677,-21886,-19996,-11906,-7066,(NA)
 "31000" ,"Nebraska",4,SAGDP5N,"Subsidies","Thousands of dollars",69,"61","   Educational services",0,0,0,0,0,0,0,0,0,0,0,0,0,0,0,0,0,0,0,0,(NA)
 "31000" ,"Nebraska",4,SAGDP5N,"Subsidies","Thousands of dollars",70,"62","   Health care and social assistance",0,0,0,0,0,0,0,0,0,0,0,0,0,-3604,-28746,-17677,-21886,-19996,-11906,-7066,(NA)
 "31000" ,"Nebraska",4,SAGDP5N,"Subsidies","Thousands of dollars",71,"621","    Ambulatory health care services",0,0,0,0,0,0,0,0,0,0,0,0,0,0,0,0,0,0,0,0,(NA)
 "31000" ,"Nebraska",4,SAGDP5N,"Subsidies","Thousands of dollars",72,"622","    Hospitals",0,0,0,0,0,0,0,0,0,0,0,0,0,-3604,-28746,-17677,-21886,-19996,-11906,-7066,(NA)
 "31000" ,"Nebraska",4,SAGDP5N,"Subsidies","Thousands of dollars",73,"623","    Nursing and residential care facilities",0,0,0,0,0,0,0,0,0,0,0,0,0,0,0,0,0,0,0,0,(NA)
 "31000" ,"Nebraska",4,SAGDP5N,"Subsidies","Thousands of dollars",74,"624","    Social assistance",0,0,0,0,0,0,0,0,0,0,0,0,0,0,0,0,0,0,0,0,(NA)
 "31000" ,"Nebraska",4,SAGDP5N,"Subsidies","Thousands of dollars",75,"71, 72","  Arts, entertainment, recreation, accommodation, and food services",0,0,0,0,0,0,0,0,0,0,0,0,0,0,0,0,0,0,0,0,(NA)
 "31000" ,"Nebraska",4,SAGDP5N,"Subsidies","Thousands of dollars",76,"71","   Arts, entertainment, and recreation",0,0,0,0,0,0,0,0,0,0,0,0,0,0,0,0,0,0,0,0,(NA)
 "31000" ,"Nebraska",4,SAGDP5N,"Subsidies","Thousands of dollars",77,"711-712","    Performing arts, spectator sports, museums, and related activities",0,0,0,0,0,0,0,0,0,0,0,0,0,0,0,0,0,0,0,0,(NA)
 "31000" ,"Nebraska",4,SAGDP5N,"Subsidies","Thousands of dollars",78,"713","    Amusement, gambling, and recreation industries",0,0,0,0,0,0,0,0,0,0,0,0,0,0,0,0,0,0,0,0,(NA)
 "31000" ,"Nebraska",4,SAGDP5N,"Subsidies","Thousands of dollars",79,"72","   Accommodation and food services",0,0,0,0,0,0,0,0,0,0,0,0,0,0,0,0,0,0,0,0,(NA)
 "31000" ,"Nebraska",4,SAGDP5N,"Subsidies","Thousands of dollars",80,"721","    Accommodation",0,0,0,0,0,0,0,0,0,0,0,0,0,0,0,0,0,0,0,0,(NA)
 "31000" ,"Nebraska",4,SAGDP5N,"Subsidies","Thousands of dollars",81,"722","    Food services and drinking places",0,0,0,0,0,0,0,0,0,0,0,0,0,0,0,0,0,0,0,0,(NA)
 "31000" ,"Nebraska",4,SAGDP5N,"Subsidies","Thousands of dollars",82,"81","  Other services (except government and government enterprises)",0,0,0,0,0,0,0,0,0,0,0,0,0,0,0,0,0,0,0,0,(NA)
 "31000" ,"Nebraska",4,SAGDP5N,"Subsidies","Thousands of dollars",83,"..."," Government and government enterprises",-76180,-67907,-63814,-77519,-127083,-137766,-153164,-171284,-173001,-183488,-237902,-332377,-351603,-235328,-310837,-333895,-438548,-411360,-358696,-349998,(NA)
 "31000" ,"Nebraska",4,SAGDP5N,"Subsidies","Thousands of dollars",84,"...","  Federal civilian",-41691,-42428,-39430,-47749,-98229,-105681,-118000,-133560,-140802,-143140,-200643,-296404,-304852,-195314,-276712,-291841,-397065,-372936,-310090,-298053,(NA)
 "31000" ,"Nebraska",4,SAGDP5N,"Subsidies","Thousands of dollars",85,"...","  Military",0,0,0,0,0,0,0,0,0,0,0,0,0,0,0,0,0,0,0,0,(NA)
 "31000" ,"Nebraska",4,SAGDP5N,"Subsidies","Thousands of dollars",86,"...","  State and local",-34489,-25479,-24384,-29770,-28854,-32085,-35164,-37724,-32200,-40348,-37259,-35973,-46750,-40014,-34125,-42054,-41483,-38424,-48605,-51945,(NA)
 "31000" ,"Nebraska",4,SAGDP5N,"Subsidies","Thousands of dollars",87,"11, 21","Natural resources and mining",-231519,-355306,-528330,-518017,-604511,-308195,-603364,-390498,-778987,-435491,-430871,-449746,-476001,-477292,-536325,-428025,-474985,-410499,-483620,-580895,(NA)
 "31000" ,"Nebraska",4,SAGDP5N,"Subsidies","Thousands of dollars",88,"42, 44-45","Trade",0,0,0,0,0,0,0,0,0,0,0,0,-19811,-2162,-20,-1,0,0,0,0,(NA)
 "31000" ,"Nebraska",4,SAGDP5N,"Subsidies","Thousands of dollars",89,"...","Transportation and utilities",-1059,-767,-1006,-938,-16676,-1620,-9061,-1782,-2126,-2797,-1900,-2296,-2599,-2994,-2342,-2227,-2246,-2117,-2411,-2519,(NA)
 "31000" ,"Nebraska",4,SAGDP5N,"Subsidies","Thousands of dollars",90,"...","Private goods-producing industries 2/",-231519,-355306,-528330,-518017,-604511,-308195,-603364,-390498,-778987,-435508,-430880,-450378,-477158,-480294,-541009,-431182,-476642,-412015,-484955,-582181,(NA)
 "31000" ,"Nebraska",4,SAGDP5N,"Subsidies","Thousands of dollars",91,"...","Private services-providing industries 3/",-48397,-50576,-54030,-51999,-68739,-56037,-68786,-62680,-77382,-67721,-81883,-73322,-94745,-85259,-110665,-104479,-107008,-96317,-93607,-93191,(NA)
"Note: See the included footnote file."
"SAGDP5N: Subsidies 1/"
"Last updated: November 14, 2018; revised statistics for 1997-2017."
"Source: U.S. Department of Commerce / Bureau of Economic Analysis / Regional Economic Accounts"
