GeoFIPS,GeoName,Region,TableName,ComponentName,Unit,IndustryId,IndustryClassification,Description,1997,1998,1999,2000,2001,2002,2003,2004,2005,2006,2007,2008,2009,2010,2011,2012,2013,2014,2015,2016,2017
 "94000" ,"Plains",4,SAGDP3N,"Taxes on production and imports less subsidies","Thousands of dollars",1,"...","All industry total",36582267,37891480,38292432,40081975,40495296,43356770,44258323,48077055,49690624,52702375,54023391,54487735,54162207,57759810,60376338,62450421,65846635,68254508,70219751,72777577,(NA)
 "94000" ,"Plains",4,SAGDP3N,"Taxes on production and imports less subsidies","Thousands of dollars",2,"..."," Private industries",37345579,38658484,38965749,40794174,41508355,44503015,45480942,49452996,51133720,54196967,55916406,57205049,56964294,59791585,63050436,65327556,69717851,72110426,73516702,76053894,(NA)
 "94000" ,"Plains",4,SAGDP3N,"Taxes on production and imports less subsidies","Thousands of dollars",3,"11","  Agriculture, forestry, fishing, and hunting",446,-774842,-1437367,-1809979,-1808535,-388225,-1391407,-720592,-2533471,-913114,-368691,-658097,-447122,-206445,-112822,7782,173242,987810,650301,-51348,(NA)
 "94000" ,"Plains",4,SAGDP3N,"Taxes on production and imports less subsidies","Thousands of dollars",4,"111-112","   Farms",-39046,-814817,-1480565,-1855325,-1855085,-435728,-1444593,-780910,-2600171,-983165,-445972,-749422,-529376,-295977,-211432,-93944,61311,884974,549802,-154696,(NA)
 "94000" ,"Plains",4,SAGDP3N,"Taxes on production and imports less subsidies","Thousands of dollars",5,"113-115","   Forestry, fishing, and related activities",39492,39975,43198,45346,46550,47503,53186,60317,66700,70052,77281,91324,82254,89531,98611,101726,111931,102835,100499,103348,(NA)
 "94000" ,"Plains",4,SAGDP3N,"Taxes on production and imports less subsidies","Thousands of dollars",6,"21","  Mining, quarrying, and oil and gas extraction",434352,398578,364571,439876,427662,392978,492768,566567,717077,800752,873331,1034702,824403,986355,1316670,1545583,1786329,2074266,2035193,1881022,(NA)
 "94000" ,"Plains",4,SAGDP3N,"Taxes on production and imports less subsidies","Thousands of dollars",7,"211","   Oil and gas extraction",214009,185566,154022,197894,202801,194169,262330,313190,403544,478110,513497,622152,437378,548999,779748,899449,1069978,1300631,1355729,1238804,(NA)
 "94000" ,"Plains",4,SAGDP3N,"Taxes on production and imports less subsidies","Thousands of dollars",8,"212","   Mining (except oil and gas)",198733,193607,192350,222008,206853,180616,208438,224305,279458,279544,308342,346037,328832,367520,437150,507731,586243,633912,571674,547446,(NA)
 "94000" ,"Plains",4,SAGDP3N,"Taxes on production and imports less subsidies","Thousands of dollars",9,"213","   Support activities for mining",21610,19406,18199,19974,18008,18193,22000,29072,34075,43098,51492,66512,58193,69837,99772,138403,130107,139723,107790,94773,(NA)
 "94000" ,"Plains",4,SAGDP3N,"Taxes on production and imports less subsidies","Thousands of dollars",10,"22","  Utilities",1683341,1775100,1794971,1925372,1975029,2079448,2140750,2314172,2398527,2518284,2736562,2907944,3049942,3219889,3484557,3478097,3645238,3679185,3573620,3682083,(NA)
 "94000" ,"Plains",4,SAGDP3N,"Taxes on production and imports less subsidies","Thousands of dollars",11,"23","  Construction",265487,299797,322292,333329,333595,359793,380574,419165,456800,442593,454023,438522,446385,439766,445186,473108,498016,521388,557993,582520,(NA)
 "94000" ,"Plains",4,SAGDP3N,"Taxes on production and imports less subsidies","Thousands of dollars",12,"31-33","  Manufacturing",2418392,2596081,2619452,2765789,2862336,3068419,3218245,3435099,3515362,3612192,3914508,4445327,4076310,3902453,4272275,4255448,4641902,4792515,4897397,4864634,(NA)
 "94000" ,"Plains",4,SAGDP3N,"Taxes on production and imports less subsidies","Thousands of dollars",13,"321,327-339","   Durable goods manufacturing",1066574,1182138,1203145,1237930,1283504,1358200,1440767,1534893,1600588,1621507,1759288,1753750,1809494,1712671,1803207,1774922,1988341,2069070,2138024,2039749,(NA)
 "94000" ,"Plains",4,SAGDP3N,"Taxes on production and imports less subsidies","Thousands of dollars",14,"321","    Wood product manufacturing",42948,47373,47684,51181,45840,47463,50524,53136,57553,58261,61868,60572,62786,60897,62093,60206,61785,61278,65652,70816,(NA)
 "94000" ,"Plains",4,SAGDP3N,"Taxes on production and imports less subsidies","Thousands of dollars",15,"327","    Nonmetallic mineral product manufacturing",63120,69129,70613,73543,68627,72155,75981,81030,84879,86834,92306,94995,103357,100314,102828,102488,100397,101129,110242,114537,(NA)
 "94000" ,"Plains",4,SAGDP3N,"Taxes on production and imports less subsidies","Thousands of dollars",16,"331","    Primary metal manufacturing",101022,108635,111120,108756,94850,99766,102799,110634,113444,113997,125777,128390,134859,133478,146602,145634,145497,144430,147470,145586,(NA)
 "94000" ,"Plains",4,SAGDP3N,"Taxes on production and imports less subsidies","Thousands of dollars",17,"332","    Fabricated metal product manufacturing",133220,148216,148140,150369,133114,139944,146202,158052,164824,165760,184686,189895,196747,194368,230360,210481,258050,240645,238434,239158,(NA)
 "94000" ,"Plains",4,SAGDP3N,"Taxes on production and imports less subsidies","Thousands of dollars",18,"333","    Machinery manufacturing",194646,218825,223271,238117,231435,238608,250755,263593,276019,280652,308682,316182,333120,335842,351021,356461,364136,367449,380450,398934,(NA)
 "94000" ,"Plains",4,SAGDP3N,"Taxes on production and imports less subsidies","Thousands of dollars",19,"334","    Computer and electronic product manufacturing",170455,189659,186060,187284,228833,257141,272317,274051,296592,292661,325835,327402,350041,334550,351462,351291,386906,403766,417657,375305,(NA)
 "94000" ,"Plains",4,SAGDP3N,"Taxes on production and imports less subsidies","Thousands of dollars",20,"335","    Electrical equipment, appliance, and component manufacturing",59795,64264,65329,69082,78909,79247,83677,83936,90506,84599,87761,72232,55680,1728,-12483,11269,45358,54220,58210,61237,(NA)
 "94000" ,"Plains",4,SAGDP3N,"Taxes on production and imports less subsidies","Thousands of dollars",21,"3361-3363","    Motor vehicles, bodies and trailers, and parts manufacturing",97163,109443,116489,118355,134121,142724,158435,174479,174514,179293,192955,194560,195277,185504,199320,185810,190262,208204,227070,231953,(NA)
 "94000" ,"Plains",4,SAGDP3N,"Taxes on production and imports less subsidies","Thousands of dollars",22,"3364-3369","    Other transportation equipment manufacturing",123761,138421,143477,147589,167315,172694,181116,205135,209587,225704,236705,223830,230021,216418,209702,201763,213579,223257,222482,229684,(NA)
 "94000" ,"Plains",4,SAGDP3N,"Taxes on production and imports less subsidies","Thousands of dollars",23,"337","    Furniture and related product manufacturing",20195,23307,24421,25755,22259,24276,26083,28945,31859,32103,34939,33357,33479,32713,31094,30862,31068,30955,32750,33762,(NA)
 "94000" ,"Plains",4,SAGDP3N,"Taxes on production and imports less subsidies","Thousands of dollars",24,"339","    Miscellaneous manufacturing",60248,64866,66541,67898,78202,84181,92880,101904,100812,101643,107774,112335,114128,116859,131207,118656,191305,233737,237607,138778,(NA)
 "94000" ,"Plains",4,SAGDP3N,"Taxes on production and imports less subsidies","Thousands of dollars",25,"311-316,322-326","   Nondurable goods manufacturing",1351817,1413943,1416307,1527859,1578833,1710219,1777478,1900206,1914774,1990685,2155220,2691577,2266815,2189783,2469069,2480525,2653561,2723445,2759372,2824885,(NA)
 "94000" ,"Plains",4,SAGDP3N,"Taxes on production and imports less subsidies","Thousands of dollars",26,"311-312","    Food and beverage and tobacco products manufacturing",823721,845086,842882,955900,965853,1061638,1095268,1166523,1157227,1200340,1298272,1760662,1293676,1203028,1285191,1318047,1393810,1403400,1375213,1356309,(NA)
 "94000" ,"Plains",4,SAGDP3N,"Taxes on production and imports less subsidies","Thousands of dollars",27,"313-314","    Textile mills and textile product mills",11926,12578,13647,13401,11076,11672,11921,11950,12995,13993,16517,17342,19585,17947,17538,16567,16126,15305,16235,16811,(NA)
 "94000" ,"Plains",4,SAGDP3N,"Taxes on production and imports less subsidies","Thousands of dollars",28,"315-316","    Apparel, leather, and allied product manufacturing",14906,15789,16368,15410,12833,12441,13969,14913,15758,15851,17650,15877,16049,13155,13661,13792,12645,12634,12940,13249,(NA)
 "94000" ,"Plains",4,SAGDP3N,"Taxes on production and imports less subsidies","Thousands of dollars",29,"322","    Paper manufacturing",96899,107202,106085,106807,99014,98348,99314,100978,99159,99439,106055,106099,112379,113952,114872,109220,108376,103346,112059,116448,(NA)
 "94000" ,"Plains",4,SAGDP3N,"Taxes on production and imports less subsidies","Thousands of dollars",30,"323","    Printing and related support activities",65669,73274,73955,75626,65325,71440,75467,80252,85559,84484,91474,90393,96310,92152,92476,88571,88191,85796,86440,88494,(NA)
 "94000" ,"Plains",4,SAGDP3N,"Taxes on production and imports less subsidies","Thousands of dollars",31,"324","    Petroleum and coal products manufacturing",74278,77052,69372,77717,80235,81925,86496,91130,101592,107344,112540,121629,133807,129217,145315,134344,170996,173672,181809,182820,(NA)
 "94000" ,"Plains",4,SAGDP3N,"Taxes on production and imports less subsidies","Thousands of dollars",32,"325","    Chemical manufacturing",166981,181663,187866,179982,254201,274970,290027,317768,333927,355686,398072,446379,484123,508764,653525,668704,702424,771377,814524,894846,(NA)
 "94000" ,"Plains",4,SAGDP3N,"Taxes on production and imports less subsidies","Thousands of dollars",33,"326","    Plastics and rubber products manufacturing",97438,101300,106132,103017,90296,97785,105016,116691,108556,113549,114639,133195,110886,111567,146490,131281,160992,157915,160153,155907,(NA)
 "94000" ,"Plains",4,SAGDP3N,"Taxes on production and imports less subsidies","Thousands of dollars",34,"42","  Wholesale trade",8013742,8159840,8323302,8179870,7890037,7920553,8291987,8814584,9717723,10052216,9609935,9651682,9207986,9740940,10469100,11156760,11900668,12326742,11593061,12729108,(NA)
 "94000" ,"Plains",4,SAGDP3N,"Taxes on production and imports less subsidies","Thousands of dollars",35,"44-45","  Retail trade",6591169,6991465,7309535,7959933,8686266,8438557,9065740,9528599,10130850,10394449,10596405,10613477,10199088,11145766,11873219,12544222,13523411,13266231,13878281,14431692,(NA)
 "94000" ,"Plains",4,SAGDP3N,"Taxes on production and imports less subsidies","Thousands of dollars",36,"48-49","  Transportation and warehousing",1214720,1393607,1457217,1535560,1158023,1534665,1381710,1572549,1654759,1651829,1795377,1917054,1930605,1902950,2000489,2081579,2207008,2371077,2481069,2584841,(NA)
 "94000" ,"Plains",4,SAGDP3N,"Taxes on production and imports less subsidies","Thousands of dollars",37,"481","   Air transportation",532552,666943,716280,802770,406678,783675,581010,721479,740164,677871,780750,773749,753267,679414,726255,738534,829584,914176,973405,1038500,(NA)
 "94000" ,"Plains",4,SAGDP3N,"Taxes on production and imports less subsidies","Thousands of dollars",38,"482","   Rail transportation",212006,237199,245282,236837,303850,292861,311014,324320,322963,365180,385960,480843,472382,519371,532185,583710,555173,595790,580786,587354,(NA)
 "94000" ,"Plains",4,SAGDP3N,"Taxes on production and imports less subsidies","Thousands of dollars",39,"483","   Water transportation",19893,22016,26238,25043,15140,11527,10717,8004,13835,14390,18785,24385,21668,20422,18094,12592,19749,21115,24717,21604,(NA)
 "94000" ,"Plains",4,SAGDP3N,"Taxes on production and imports less subsidies","Thousands of dollars",40,"484","   Truck transportation",178590,185356,190761,195543,188265,199073,207185,228126,273273,290021,291769,294397,312058,318726,344521,361212,365615,383785,425760,441184,(NA)
 "94000" ,"Plains",4,SAGDP3N,"Taxes on production and imports less subsidies","Thousands of dollars",41,"485","   Transit and ground passenger transportation",73021,76292,79939,73600,64266,56363,62854,64509,65766,65496,68587,70176,84616,89205,88365,97031,99659,95170,99473,98719,(NA)
 "94000" ,"Plains",4,SAGDP3N,"Taxes on production and imports less subsidies","Thousands of dollars",42,"486","   Pipeline transportation",70067,70056,59451,54860,48278,59804,77698,96696,104973,102605,100567,127322,131863,119859,126651,124602,168636,185374,192930,202411,(NA)
 "94000" ,"Plains",4,SAGDP3N,"Taxes on production and imports less subsidies","Thousands of dollars",43,"487-488, 492","   Other transportation and support activities",105740,111152,114281,119743,107389,104666,102331,99766,102574,102946,111720,108380,113615,114033,121798,121559,124788,128813,137538,145817,(NA)
 "94000" ,"Plains",4,SAGDP3N,"Taxes on production and imports less subsidies","Thousands of dollars",44,"493","   Warehousing and storage",22851,24593,24984,27163,24156,26696,28902,29649,31212,33320,37238,37801,41137,41920,42620,42338,43805,46853,46458,49253,(NA)
 "94000" ,"Plains",4,SAGDP3N,"Taxes on production and imports less subsidies","Thousands of dollars",45,"51","  Information",2208748,2342099,2544095,2840555,2994375,2956871,3084624,3276831,3409698,3343525,2829396,2871388,2966931,3021374,3025912,2890218,3088503,2981259,2703235,2766574,(NA)
 "94000" ,"Plains",4,SAGDP3N,"Taxes on production and imports less subsidies","Thousands of dollars",46,"511","   Publishing industries (except Internet)",69779,70773,69886,74430,117559,122966,134924,142674,148636,150642,162565,163678,177121,160578,160594,151031,148760,148816,144605,151429,(NA)
 "94000" ,"Plains",4,SAGDP3N,"Taxes on production and imports less subsidies","Thousands of dollars",47,"512","   Motion picture and sound recording industries",146317,178713,173053,170777,188093,200820,215369,231682,243141,253367,249402,237311,244889,226863,222203,232853,234901,212737,229808,249637,(NA)
 "94000" ,"Plains",4,SAGDP3N,"Taxes on production and imports less subsidies","Thousands of dollars",48,"515, 517","   Broadcasting (except Internet) and telecommunications",1906932,1996297,2202607,2477251,2545742,2489378,2576248,2741692,2839825,2761248,2225662,2297518,2365872,2435317,2430092,2305457,2507192,2412788,2109937,2148870,(NA)
 "94000" ,"Plains",4,SAGDP3N,"Taxes on production and imports less subsidies","Thousands of dollars",49,"518, 519","   Data processing, hosting, and other information services",85720,96316,98549,118097,142980,143708,158084,160783,178096,178268,191767,172882,179049,198615,213023,200876,197650,206918,218884,216638,(NA)
 "94000" ,"Plains",4,SAGDP3N,"Taxes on production and imports less subsidies","Thousands of dollars",50,"52, 53","  Finance, insurance, real estate, rental, and leasing",8769345,9166705,9060169,9423515,9626644,10542364,10511001,11257608,12091950,12526147,13283437,13657597,14381327,14540561,15424261,15343495,15942513,17146178,18395589,19249008,(NA)
 "94000" ,"Plains",4,SAGDP3N,"Taxes on production and imports less subsidies","Thousands of dollars",51,"52","   Finance and insurance",1914119,1970291,1955766,1995214,1877950,2025077,2207695,2391299,2513365,2517824,2618398,2707342,2778751,2726365,2905479,2979668,3078172,4035761,4570424,4774398,(NA)
 "94000" ,"Plains",4,SAGDP3N,"Taxes on production and imports less subsidies","Thousands of dollars",52,"521-522","    Monetary Authorities- central bank, credit intermediation, and related services",561893,634608,582265,620392,609049,731994,784470,821964,873992,883508,936794,944069,1005378,954436,977328,1080921,1140381,1167058,1267338,1387063,(NA)
 "94000" ,"Plains",4,SAGDP3N,"Taxes on production and imports less subsidies","Thousands of dollars",53,"523","    Securities, commodity contracts, and other financial investments and related activities",237566,260269,282512,292562,216767,210661,201029,201022,250201,234095,272279,274958,283877,279588,288238,289229,295610,315779,323596,337974,(NA)
 "94000" ,"Plains",4,SAGDP3N,"Taxes on production and imports less subsidies","Thousands of dollars",54,"524","    Insurance carriers and related activities",1040501,993958,1011905,985269,999518,1050882,1186232,1341126,1360009,1369552,1358191,1413595,1413727,1390749,1531232,1556376,1611449,2517698,2949195,3003546,(NA)
 "94000" ,"Plains",4,SAGDP3N,"Taxes on production and imports less subsidies","Thousands of dollars",55,"525","    Funds, trusts, and other financial vehicles",74159,81457,79084,96991,52616,31540,35964,27187,29163,30669,51134,74721,75768,101592,108680,53142,30733,35225,30296,45814,(NA)
 "94000" ,"Plains",4,SAGDP3N,"Taxes on production and imports less subsidies","Thousands of dollars",56,"53","   Real estate and rental and leasing",6855226,7196414,7104403,7428302,7748693,8517287,8303306,8866310,9578585,10008323,10665039,10950255,11602577,11814196,12518783,12363827,12864341,13110417,13825164,14474610,(NA)
 "94000" ,"Plains",4,SAGDP3N,"Taxes on production and imports less subsidies","Thousands of dollars",57,"531","    Real estate",6418499,6689561,6569760,6809644,7123126,7898823,7664882,8206861,8876532,9263738,9909053,10192761,10833494,11016706,11674532,11477446,11918787,12157173,12822257,13441207,(NA)
 "94000" ,"Plains",4,SAGDP3N,"Taxes on production and imports less subsidies","Thousands of dollars",58,"532-533","    Rental and leasing services and lessors of nonfinancial intangible assets",436727,506853,534644,618658,625567,618464,638424,659449,702052,744584,755986,757494,769083,797490,844251,886380,945554,953244,1002907,1033403,(NA)
 "94000" ,"Plains",4,SAGDP3N,"Taxes on production and imports less subsidies","Thousands of dollars",59,"54, 55, 56","  Professional and business services",1243257,1405054,1483364,1551119,1553021,1664312,2004600,2299399,2206666,2172987,2199488,2173451,2008539,2136417,2174256,2211612,2419801,2441967,2572073,2715651,(NA)
 "94000" ,"Plains",4,SAGDP3N,"Taxes on production and imports less subsidies","Thousands of dollars",60,"54","   Professional, scientific, and technical services",523863,624811,676001,703155,747542,870746,1181257,1425409,1241509,1193203,1161134,1060911,965396,1030190,1043285,1100404,1242333,1228095,1295278,1402907,(NA)
 "94000" ,"Plains",4,SAGDP3N,"Taxes on production and imports less subsidies","Thousands of dollars",61,"5411","    Legal services",143387,192110,218598,203375,256145,390919,687627,894280,638918,571550,492806,380871,261705,292201,284874,313965,379611,344132,359926,401612,(NA)
 "94000" ,"Plains",4,SAGDP3N,"Taxes on production and imports less subsidies","Thousands of dollars",62,"5415","    Computer systems design and related services",96603,118973,134248,154624,150634,129992,129816,139959,167703,174337,185872,191745,185822,212310,228611,245298,287810,285308,304388,317968,(NA)
 "94000" ,"Plains",4,SAGDP3N,"Taxes on production and imports less subsidies","Thousands of dollars",63,"5412-5414, 5416-5419","    Miscellaneous professional, scientific, and technical services",283873,313727,323155,345155,340763,349835,363814,391171,434888,447315,482455,488295,517869,525679,529800,541140,574913,598654,630964,683326,(NA)
 "94000" ,"Plains",4,SAGDP3N,"Taxes on production and imports less subsidies","Thousands of dollars",64,"55","   Management of companies and enterprises",373430,394316,404080,413520,393725,394442,392102,411905,466735,460955,495276,567060,504360,540520,533687,509084,528111,557746,593954,590458,(NA)
 "94000" ,"Plains",4,SAGDP3N,"Taxes on production and imports less subsidies","Thousands of dollars",65,"56","   Administrative and support and waste management and remediation services",345964,385927,403283,434444,411754,399125,431241,462085,498422,518829,543078,545479,538783,565707,597284,602124,649357,656125,682841,722286,(NA)
 "94000" ,"Plains",4,SAGDP3N,"Taxes on production and imports less subsidies","Thousands of dollars",66,"561","    Administrative and support services",248986,284338,309556,331646,334619,320365,346056,362770,399173,417743,433821,434143,423290,448534,475076,477464,522857,524215,544503,578979,(NA)
 "94000" ,"Plains",4,SAGDP3N,"Taxes on production and imports less subsidies","Thousands of dollars",67,"562","    Waste management and remediation services",96977,101589,93727,102798,77135,78759,85185,99315,99248,101087,109257,111336,115493,117173,122208,124660,126500,131910,138338,143307,(NA)
 "94000" ,"Plains",4,SAGDP3N,"Taxes on production and imports less subsidies","Thousands of dollars",68,"61, 62","  Educational services, health care, and social assistance",1018030,1146199,1202617,1273241,1436035,1549649,1667773,1734745,2004358,2058805,2216293,2138550,2332344,2562944,2281867,2672957,2692884,2593821,2934463,3110178,(NA)
 "94000" ,"Plains",4,SAGDP3N,"Taxes on production and imports less subsidies","Thousands of dollars",69,"61","   Educational services",228266,253727,264600,287109,235678,250881,258410,272483,291889,306840,333800,340654,373821,380660,396255,391864,387733,385474,397213,413063,(NA)
 "94000" ,"Plains",4,SAGDP3N,"Taxes on production and imports less subsidies","Thousands of dollars",70,"62","   Health care and social assistance",789764,892473,938017,986131,1200356,1298767,1409362,1462262,1712469,1751965,1882493,1797895,1958524,2182285,1885612,2281094,2305151,2208347,2537249,2697115,(NA)
 "94000" ,"Plains",4,SAGDP3N,"Taxes on production and imports less subsidies","Thousands of dollars",71,"621","    Ambulatory health care services",309238,352936,354266,370492,299656,310175,320305,352302,391662,389075,424552,414679,438188,449902,453942,451957,460842,477402,502465,520347,(NA)
 "94000" ,"Plains",4,SAGDP3N,"Taxes on production and imports less subsidies","Thousands of dollars",72,"622","    Hospitals",283052,320117,350872,375074,585606,645851,714667,738140,867106,899095,957990,894632,989501,1103517,801011,1090233,1074083,995808,1216761,1324958,(NA)
 "94000" ,"Plains",4,SAGDP3N,"Taxes on production and imports less subsidies","Thousands of dollars",73,"623","    Nursing and residential care facilities",161365,178000,188908,191422,266004,291580,322793,315213,389110,399235,428448,417131,451410,548363,550059,657356,682182,643018,717559,745118,(NA)
 "94000" ,"Plains",4,SAGDP3N,"Taxes on production and imports less subsidies","Thousands of dollars",74,"624","    Social assistance",36109,41420,43970,49142,49089,51161,51597,56607,64592,64560,71503,71454,79425,80504,80600,81548,88044,92120,100464,106693,(NA)
 "94000" ,"Plains",4,SAGDP3N,"Taxes on production and imports less subsidies","Thousands of dollars",75,"71, 72","  Arts, entertainment, recreation, accommodation, and food services",2715285,2921483,3062339,3474307,3473720,3483887,3683077,3959092,4308224,4461359,4653587,4861545,4830702,5207771,5125465,5372496,5811055,5532663,5771857,5969398,(NA)
 "94000" ,"Plains",4,SAGDP3N,"Taxes on production and imports less subsidies","Thousands of dollars",76,"71","   Arts, entertainment, and recreation",783398,826484,842308,1013108,973561,1035702,1065941,1177194,1325224,1349683,1413664,1524494,1488957,1553596,1602629,1661912,1768321,1574179,1601789,1635161,(NA)
 "94000" ,"Plains",4,SAGDP3N,"Taxes on production and imports less subsidies","Thousands of dollars",77,"711-712","    Performing arts, spectator sports, museums, and related activities",272633,297858,306317,326392,374293,422965,430596,454706,521773,544903,563467,581799,575959,609362,627640,649472,682005,642482,667435,649788,(NA)
 "94000" ,"Plains",4,SAGDP3N,"Taxes on production and imports less subsidies","Thousands of dollars",78,"713","    Amusement, gambling, and recreation industries",510765,528626,535991,686716,599268,612736,635345,722488,803451,804779,850197,942695,912998,944233,974989,1012440,1086316,931697,934354,985373,(NA)
 "94000" ,"Plains",4,SAGDP3N,"Taxes on production and imports less subsidies","Thousands of dollars",79,"72","   Accommodation and food services",1931887,2094999,2220031,2461199,2500159,2448185,2617136,2781899,2983000,3111676,3239923,3337051,3341745,3654175,3522836,3710584,4042734,3958484,4170068,4334237,(NA)
 "94000" ,"Plains",4,SAGDP3N,"Taxes on production and imports less subsidies","Thousands of dollars",80,"721","    Accommodation",659484,709342,773645,865233,794391,763455,815621,845592,909175,957472,995520,1002102,988995,1134867,1171073,1228332,1341042,1297360,1391068,1459243,(NA)
 "94000" ,"Plains",4,SAGDP3N,"Taxes on production and imports less subsidies","Thousands of dollars",81,"722","    Food services and drinking places",1272402,1385657,1446386,1595965,1705768,1684730,1801515,1936307,2073825,2154204,2244403,2334950,2352750,2519308,2351763,2482251,2701692,2661124,2779000,2874994,(NA)
 "94000" ,"Plains",4,SAGDP3N,"Taxes on production and imports less subsidies","Thousands of dollars",82,"81","  Other services (except government and government enterprises)",769267,837316,859192,901687,900147,899744,949500,995176,1055197,1074943,1122752,1151907,1156856,1190844,1270000,1294201,1387282,1395324,1472572,1538535,(NA)
 "94000" ,"Plains",4,SAGDP3N,"Taxes on production and imports less subsidies","Thousands of dollars",83,"..."," Government and government enterprises",-763312,-767004,-673317,-712198,-1013058,-1146245,-1222619,-1375940,-1443097,-1494592,-1893015,-2717313,-2802087,-2031775,-2674098,-2877135,-3871216,-3855918,-3296951,-3276318,(NA)
 "94000" ,"Plains",4,SAGDP3N,"Taxes on production and imports less subsidies","Thousands of dollars",84,"...","  Federal civilian",-338104,-332200,-323216,-394151,-671742,-723290,-791982,-938200,-992562,-1030520,-1423709,-2258497,-2283438,-1526486,-2135803,-2397594,-3406065,-3315404,-2736799,-2672924,(NA)
 "94000" ,"Plains",4,SAGDP3N,"Taxes on production and imports less subsidies","Thousands of dollars",85,"...","  Military",0,0,0,0,0,0,0,0,0,0,0,0,0,0,0,0,0,0,0,0,(NA)
 "94000" ,"Plains",4,SAGDP3N,"Taxes on production and imports less subsidies","Thousands of dollars",86,"...","  State and local",-425209,-434804,-350101,-318047,-341316,-422954,-430637,-437740,-450535,-464071,-469306,-458816,-518649,-505289,-538295,-479541,-465151,-540514,-560152,-603394,(NA)
 "94000" ,"Plains",4,SAGDP3N,"Taxes on production and imports less subsidies","Thousands of dollars",87,"11, 21","Natural resources and mining",434798,-376264,-1072796,-1370104,-1380873,4753,-898639,-154025,-1816394,-112361,504641,376604,377280,779910,1203848,1553365,1959571,3062075,2685494,1829674,(NA)
 "94000" ,"Plains",4,SAGDP3N,"Taxes on production and imports less subsidies","Thousands of dollars",88,"42, 44-45","Trade",14604911,15151305,15632837,16139803,16576303,16359110,17357727,18343183,19848573,20446665,20206341,20265159,19407073,20886705,22342319,23700982,25424078,25592973,25471342,27160799,(NA)
 "94000" ,"Plains",4,SAGDP3N,"Taxes on production and imports less subsidies","Thousands of dollars",89,"...","Transportation and utilities",2898061,3168707,3252188,3460932,3133053,3614113,3522460,3886722,4053285,4170113,4531940,4824998,4980547,5122839,5485045,5559676,5852246,6050262,6054688,6266924,(NA)
 "94000" ,"Plains",4,SAGDP3N,"Taxes on production and imports less subsidies","Thousands of dollars",90,"...","Private goods-producing industries 2/",3118677,2519615,1868949,1729014,1815058,3432965,2700180,3700239,2155769,3942424,4873172,5260454,4899975,5122129,5921310,6281920,7099489,8375979,8140884,7276828,(NA)
 "94000" ,"Plains",4,SAGDP3N,"Taxes on production and imports less subsidies","Thousands of dollars",91,"...","Private services-providing industries 3/",34226903,36138869,37096800,39065159,39693296,41070050,42780762,45752757,48977951,50254543,51043234,51944595,52064320,54669455,57129126,59045636,62618363,63734447,65375818,68777066,(NA)
"Note: See the included footnote file."
"SAGDP3N: Taxes on production and imports less subsidies 1/"
"Last updated: November 14, 2018; revised statistics for 1997-2017."
"Source: U.S. Department of Commerce / Bureau of Economic Analysis / Regional Economic Accounts"
