GeoFIPS,GeoName,Region,TableName,ComponentName,Unit,IndustryId,IndustryClassification,Description,1997,1998,1999,2000,2001,2002,2003,2004,2005,2006,2007,2008,2009,2010,2011,2012,2013,2014,2015,2016,2017
 "49000" ,"Utah",7,SAGDP2N,"Gross domestic product (GDP) by state","Millions of current dollars",1,"...","All industry total",57699.7,62291.4,66022.6,70291.8,73226.0,75998.8,79149.1,85701.9,94194.9,106124.2,114652.7,115985.4,113332.9,117960.5,124539.4,128721.0,134252.1,141342.9,149576.7,157474.7,164917.0
 "49000" ,"Utah",7,SAGDP2N,"Gross domestic product (GDP) by state","Millions of current dollars",2,"..."," Private industries",48577.3,52901.7,56088.9,59742.3,62091.2,64327.2,67034.0,72971.5,80564.0,91597.2,99450.5,99910.1,96963.0,101053.1,107005.3,111290.6,116578.3,122954.5,130634.7,137782.9,144378.4
 "49000" ,"Utah",7,SAGDP2N,"Gross domestic product (GDP) by state","Millions of current dollars",3,"11","  Agriculture, forestry, fishing, and hunting",500.5,514.2,512.1,495.3,581.3,448.4,466.7,599.0,551.2,456.9,528.9,532.6,370.2,566.7,778.8,718.3,972.0,1047.5,983.3,787.3,808.1
 "49000" ,"Utah",7,SAGDP2N,"Gross domestic product (GDP) by state","Millions of current dollars",4,"111-112","   Farms",397.8,416.9,415.3,398.1,491.3,369.7,406.1,560.1,511.3,400.5,460.5,468.6,305.4,500.7,710.2,647.6,891.9,961.0,895.6,693.4,(NA)
 "49000" ,"Utah",7,SAGDP2N,"Gross domestic product (GDP) by state","Millions of current dollars",5,"113-115","   Forestry, fishing, and related activities",102.7,97.3,96.8,97.2,90.0,78.7,60.6,38.9,39.9,56.4,68.4,64.1,64.8,65.9,68.6,70.7,80.0,86.4,87.7,93.9,(NA)
 "49000" ,"Utah",7,SAGDP2N,"Gross domestic product (GDP) by state","Millions of current dollars",6,"21","  Mining, quarrying, and oil and gas extraction",958.0,881.1,848.7,992.9,1119.9,950.2,1127.6,1507.5,2367.0,3102.7,3562.2,4159.5,3586.1,4006.8,4534.8,4061.9,3966.3,4262.7,2571.7,2150.4,2264.5
 "49000" ,"Utah",7,SAGDP2N,"Gross domestic product (GDP) by state","Millions of current dollars",7,"211","   Oil and gas extraction",127.2,113.9,133.1,242.6,323.4,306.6,473.7,675.0,1047.3,1171.3,1449.2,1703.0,1138.6,1238.2,1348.5,1260.8,1403.9,1469.7,696.9,545.7,(NA)
 "49000" ,"Utah",7,SAGDP2N,"Gross domestic product (GDP) by state","Millions of current dollars",8,"212","   Mining (except oil and gas)",727.9,666.6,639.5,630.7,593.2,484.5,483.4,590.8,957.1,1283.6,1276.3,1452.6,1890.9,2186.4,2449.9,1951.6,1763.7,1989.2,1358.0,1277.3,(NA)
 "49000" ,"Utah",7,SAGDP2N,"Gross domestic product (GDP) by state","Millions of current dollars",9,"213","   Support activities for mining",102.9,100.6,76.1,119.6,203.4,159.0,170.5,241.7,362.6,647.8,836.7,1004.0,556.7,582.2,736.3,849.5,798.7,803.9,516.8,327.5,(NA)
 "49000" ,"Utah",7,SAGDP2N,"Gross domestic product (GDP) by state","Millions of current dollars",10,"22","  Utilities",954.6,936.0,975.2,963.9,1057.4,1049.8,951.9,1058.7,1080.1,1262.6,1293.7,1383.5,1465.6,1583.0,1652.9,1706.6,1800.8,1886.5,2002.9,2026.3,2109.3
 "49000" ,"Utah",7,SAGDP2N,"Gross domestic product (GDP) by state","Millions of current dollars",11,"23","  Construction",3354.4,3811.8,4134.1,4242.6,4165.9,4016.6,4216.4,4840.8,5756.6,7041.9,8168.4,7178.4,5571.9,5232.9,5227.8,6197.8,6642.7,7570.9,8448.4,9384.6,10024.1
 "49000" ,"Utah",7,SAGDP2N,"Gross domestic product (GDP) by state","Millions of current dollars",12,"31-33","  Manufacturing",8156.2,8491.3,8356.0,9177.2,8210.2,8427.4,9252.5,9922.7,10895.4,12598.0,13795.7,13775.1,15939.6,17566.1,18356.1,16061.6,16375.2,16256.2,17218.9,16803.3,17533.5
 "49000" ,"Utah",7,SAGDP2N,"Gross domestic product (GDP) by state","Millions of current dollars",13,"321,327-339","   Durable goods manufacturing",5854.7,5868.5,5647.0,6200.9,5364.9,5654.6,6240.2,6694.8,7529.7,8714.3,9712.6,9710.2,10629.0,11766.6,12068.7,10694.9,10287.7,10012.5,11088.9,11097.5,11582.6
 "49000" ,"Utah",7,SAGDP2N,"Gross domestic product (GDP) by state","Millions of current dollars",14,"321","    Wood product manufacturing",70.5,78.6,92.4,100.5,109.9,74.7,176.7,100.3,130.4,181.1,203.7,155.3,85.4,66.3,63.7,85.8,102.9,102.5,112.9,131.3,(NA)
 "49000" ,"Utah",7,SAGDP2N,"Gross domestic product (GDP) by state","Millions of current dollars",15,"327","    Nonmetallic mineral product manufacturing",308.6,341.5,352.5,322.8,258.9,306.6,328.6,460.1,483.4,553.2,658.1,571.3,495.6,586.1,552.5,690.9,656.2,627.3,600.9,612.4,(NA)
 "49000" ,"Utah",7,SAGDP2N,"Gross domestic product (GDP) by state","Millions of current dollars",16,"331","    Primary metal manufacturing",832.0,894.4,809.6,974.2,645.2,631.5,452.3,893.6,1146.6,1722.5,1853.6,1562.9,3126.8,3771.3,3653.6,1936.8,1732.6,1522.2,1273.4,1183.3,(NA)
 "49000" ,"Utah",7,SAGDP2N,"Gross domestic product (GDP) by state","Millions of current dollars",17,"332","    Fabricated metal product manufacturing",634.6,547.3,612.7,653.7,620.8,605.1,654.9,692.3,812.8,881.3,975.4,989.9,981.0,896.2,887.5,1026.8,1015.0,1117.5,1215.0,1224.1,(NA)
 "49000" ,"Utah",7,SAGDP2N,"Gross domestic product (GDP) by state","Millions of current dollars",18,"333","    Machinery manufacturing",394.3,415.2,346.6,338.3,391.9,361.9,353.0,346.0,394.5,381.4,495.1,467.1,506.8,411.4,422.4,548.0,636.5,593.0,658.3,601.6,(NA)
 "49000" ,"Utah",7,SAGDP2N,"Gross domestic product (GDP) by state","Millions of current dollars",19,"334","    Computer and electronic product manufacturing",963.5,948.8,802.3,1147.7,690.7,854.1,1016.8,859.6,844.8,899.6,1591.5,1909.6,1810.3,1986.7,2030.0,2150.8,1856.9,1669.7,2149.2,1999.3,(NA)
 "49000" ,"Utah",7,SAGDP2N,"Gross domestic product (GDP) by state","Millions of current dollars",20,"335","    Electrical equipment, appliance, and component manufacturing",119.8,101.8,81.9,80.2,67.6,101.0,125.9,126.5,137.8,203.4,202.7,285.3,234.1,259.5,262.3,279.8,328.6,314.4,383.0,286.4,(NA)
 "49000" ,"Utah",7,SAGDP2N,"Gross domestic product (GDP) by state","Millions of current dollars",21,"3361-3363","    Motor vehicles, bodies and trailers, and parts manufacturing",872.5,768.2,593.8,579.5,629.5,680.3,811.1,908.5,806.5,760.3,723.4,503.0,259.0,447.8,659.6,772.2,766.6,746.8,1055.7,1099.3,(NA)
 "49000" ,"Utah",7,SAGDP2N,"Gross domestic product (GDP) by state","Millions of current dollars",22,"3364-3369","    Other transportation equipment manufacturing",715.8,634.2,675.5,733.7,763.1,742.2,720.3,727.2,948.4,1179.9,1057.1,1320.2,1143.8,1275.7,976.4,854.9,908.1,820.8,948.1,1090.3,(NA)
 "49000" ,"Utah",7,SAGDP2N,"Gross domestic product (GDP) by state","Millions of current dollars",23,"337","    Furniture and related product manufacturing",242.0,280.6,303.4,340.7,349.2,368.3,421.4,431.6,542.3,657.2,572.4,433.3,423.9,436.9,458.6,385.5,431.7,482.8,569.5,582.1,(NA)
 "49000" ,"Utah",7,SAGDP2N,"Gross domestic product (GDP) by state","Millions of current dollars",24,"339","    Miscellaneous manufacturing",701.1,858.0,976.4,929.8,837.9,929.0,1179.3,1149.0,1282.3,1294.3,1379.7,1512.3,1562.4,1628.5,2102.0,1963.4,1852.8,2015.5,2123.1,2287.3,(NA)
 "49000" ,"Utah",7,SAGDP2N,"Gross domestic product (GDP) by state","Millions of current dollars",25,"311-316,322-326","   Nondurable goods manufacturing",2301.5,2622.8,2709.0,2976.3,2845.3,2772.9,3012.2,3227.9,3365.7,3883.7,4083.1,4064.9,5310.7,5799.6,6287.4,5366.7,6087.5,6243.8,6130.0,5705.8,5951.0
 "49000" ,"Utah",7,SAGDP2N,"Gross domestic product (GDP) by state","Millions of current dollars",26,"311-312","    Food and beverage and tobacco products manufacturing",631.0,610.4,708.3,722.5,720.9,786.4,797.0,766.2,704.0,727.5,840.5,918.4,1205.9,1268.3,1255.2,1372.5,1573.1,1709.3,1776.5,1765.7,(NA)
 "49000" ,"Utah",7,SAGDP2N,"Gross domestic product (GDP) by state","Millions of current dollars",27,"313-314","    Textile mills and textile product mills",44.6,42.7,50.1,56.1,40.2,34.3,27.5,37.6,37.3,42.7,47.3,52.6,48.8,50.8,48.7,62.9,77.0,80.5,108.9,92.8,(NA)
 "49000" ,"Utah",7,SAGDP2N,"Gross domestic product (GDP) by state","Millions of current dollars",28,"315-316","    Apparel, leather, and allied product manufacturing",37.1,33.5,31.1,29.9,24.6,26.2,21.4,22.7,20.3,20.1,20.6,18.7,18.9,19.5,19.8,23.5,27.8,25.9,29.8,31.8,(NA)
 "49000" ,"Utah",7,SAGDP2N,"Gross domestic product (GDP) by state","Millions of current dollars",29,"322","    Paper manufacturing",326.1,274.7,374.5,404.0,330.0,351.6,353.2,397.4,384.1,346.2,318.2,322.6,499.2,417.7,484.4,456.0,442.3,423.0,483.6,453.0,(NA)
 "49000" ,"Utah",7,SAGDP2N,"Gross domestic product (GDP) by state","Millions of current dollars",30,"323","    Printing and related support activities",331.0,410.7,383.4,410.2,409.8,428.4,387.9,484.3,473.0,641.8,483.4,474.1,407.0,431.6,431.1,409.8,430.4,429.8,425.2,473.8,(NA)
 "49000" ,"Utah",7,SAGDP2N,"Gross domestic product (GDP) by state","Millions of current dollars",31,"324","    Petroleum and coal products manufacturing",317.0,539.4,375.6,606.5,412.5,224.0,459.4,637.3,884.9,1160.1,1197.2,1042.2,762.2,1155.7,1556.2,1029.4,2224.9,1870.6,1236.1,845.1,(NA)
 "49000" ,"Utah",7,SAGDP2N,"Gross domestic product (GDP) by state","Millions of current dollars",32,"325","    Chemical manufacturing",439.9,539.6,555.6,580.9,691.7,702.3,776.2,652.3,599.1,647.5,851.0,939.4,2038.6,2086.4,2087.7,1617.5,892.6,1265.2,1593.1,1545.4,(NA)
 "49000" ,"Utah",7,SAGDP2N,"Gross domestic product (GDP) by state","Millions of current dollars",33,"326","    Plastics and rubber products manufacturing",174.8,171.6,230.3,166.2,215.6,219.7,189.6,230.1,263.1,297.9,325.0,296.9,330.1,369.5,404.4,395.0,419.4,439.5,476.7,498.0,(NA)
 "49000" ,"Utah",7,SAGDP2N,"Gross domestic product (GDP) by state","Millions of current dollars",34,"42","  Wholesale trade",3120.9,3482.4,3614.7,3815.0,3777.3,3740.3,3866.7,4310.0,4915.0,5427.9,5909.3,6197.8,5827.2,5989.1,6297.2,6722.4,7075.9,7337.8,7760.1,8162.0,8668.9
 "49000" ,"Utah",7,SAGDP2N,"Gross domestic product (GDP) by state","Millions of current dollars",35,"44-45","  Retail trade",4633.1,5025.9,5160.4,5267.2,5448.5,5588.0,5958.2,6497.2,6878.2,7614.9,8080.7,7826.9,7589.4,7770.3,8142.2,8944.3,9316.1,9516.5,10289.1,11101.0,11597.5
 "49000" ,"Utah",7,SAGDP2N,"Gross domestic product (GDP) by state","Millions of current dollars",36,"48-49","  Transportation and warehousing",2506.7,2729.5,2644.5,2738.6,2654.7,2745.8,2841.8,3187.6,3556.1,3859.2,4087.5,3910.3,3749.4,4034.5,4220.3,4422.7,4599.8,4833.3,5414.1,5704.3,5931.7
 "49000" ,"Utah",7,SAGDP2N,"Gross domestic product (GDP) by state","Millions of current dollars",37,"481","   Air transportation",781.7,755.9,733.6,706.2,597.0,693.5,713.3,792.2,924.4,967.8,1133.0,861.5,926.5,1196.1,1222.8,1204.9,1233.9,1264.8,1516.4,1710.6,(NA)
 "49000" ,"Utah",7,SAGDP2N,"Gross domestic product (GDP) by state","Millions of current dollars",38,"482","   Rail transportation",229.7,228.6,225.8,232.0,230.3,220.8,233.9,263.3,295.5,326.7,337.9,355.1,305.1,304.7,321.8,353.2,333.0,348.7,342.4,308.6,(NA)
 "49000" ,"Utah",7,SAGDP2N,"Gross domestic product (GDP) by state","Millions of current dollars",39,"483","   Water transportation",1.0,1.3,1.3,0.9,1.6,1.4,1.9,2.0,1.9,2.6,1.9,1.6,0.5,0.7,0.2,0.1,0.1,0.5,1.8,0.4,(NA)
 "49000" ,"Utah",7,SAGDP2N,"Gross domestic product (GDP) by state","Millions of current dollars",40,"484","   Truck transportation",873.4,984.7,975.1,1038.1,1024.3,964.1,1005.3,1094.3,1212.0,1369.1,1423.5,1497.7,1383.6,1359.0,1464.6,1590.9,1613.6,1707.4,1795.3,1825.0,(NA)
 "49000" ,"Utah",7,SAGDP2N,"Gross domestic product (GDP) by state","Millions of current dollars",41,"485","   Transit and ground passenger transportation",54.3,94.2,88.6,84.5,98.7,114.6,63.8,65.2,72.5,94.1,98.9,102.7,102.1,109.3,127.0,145.0,161.0,163.3,170.2,168.1,(NA)
 "49000" ,"Utah",7,SAGDP2N,"Gross domestic product (GDP) by state","Millions of current dollars",42,"486","   Pipeline transportation",47.8,49.9,47.9,32.0,17.6,38.9,52.5,56.0,59.7,54.1,61.3,73.0,73.4,82.2,72.7,75.7,108.8,131.5,156.9,119.0,(NA)
 "49000" ,"Utah",7,SAGDP2N,"Gross domestic product (GDP) by state","Millions of current dollars",43,"487-488, 492","   Other transportation and support activities",338.6,407.2,370.0,398.9,435.0,474.2,523.0,641.4,650.8,666.7,628.7,612.0,533.4,544.7,578.7,605.7,697.2,753.7,884.5,941.5,(NA)
 "49000" ,"Utah",7,SAGDP2N,"Gross domestic product (GDP) by state","Millions of current dollars",44,"493","   Warehousing and storage",180.2,207.6,202.2,246.0,250.0,238.5,248.0,273.2,339.3,378.2,402.4,406.7,424.7,437.8,432.4,447.3,452.2,463.4,546.7,631.2,(NA)
 "49000" ,"Utah",7,SAGDP2N,"Gross domestic product (GDP) by state","Millions of current dollars",45,"51","  Information",2166.2,2667.0,3132.2,2903.9,3050.8,3499.8,3669.1,4035.1,4486.5,4838.1,4914.3,5362.1,5007.0,5022.4,5283.5,5278.4,5872.2,6177.6,6891.9,7920.2,8400.2
 "49000" ,"Utah",7,SAGDP2N,"Gross domestic product (GDP) by state","Millions of current dollars",46,"511","   Publishing industries (except Internet)",588.4,776.5,1141.9,916.8,831.3,1043.3,1168.2,1330.9,1673.7,1371.2,1644.2,1574.4,1507.5,1594.8,1749.2,2009.3,2261.6,2472.9,2683.3,3298.0,(NA)
 "49000" ,"Utah",7,SAGDP2N,"Gross domestic product (GDP) by state","Millions of current dollars",47,"512","   Motion picture and sound recording industries",160.4,203.8,292.4,231.2,268.1,294.4,299.5,368.5,229.7,249.7,243.7,302.2,306.1,283.4,259.1,290.4,400.6,388.3,372.8,376.9,(NA)
 "49000" ,"Utah",7,SAGDP2N,"Gross domestic product (GDP) by state","Millions of current dollars",48,"515, 517","   Broadcasting (except Internet) and telecommunications",1147.7,1303.1,1390.5,1546.3,1539.1,1532.6,1518.8,1563.8,1821.2,2377.5,2372.2,2584.4,2111.8,1714.4,1493.4,1550.6,1723.2,1761.9,1982.1,2160.6,(NA)
 "49000" ,"Utah",7,SAGDP2N,"Gross domestic product (GDP) by state","Millions of current dollars",49,"518, 519","   Data processing, hosting, and other information services",269.6,383.6,307.4,209.8,412.3,629.4,682.4,771.9,761.8,839.6,654.3,901.1,1081.6,1429.7,1781.8,1428.1,1486.8,1554.5,1853.7,2084.7,(NA)
 "49000" ,"Utah",7,SAGDP2N,"Gross domestic product (GDP) by state","Millions of current dollars",50,"52, 53","  Finance, insurance, real estate, rental, and leasing",9479.2,10495.8,11808.3,13206.3,15384.8,16365.7,16839.8,18141.2,19738.2,22725.4,24637.1,23335.8,21580.8,22196.1,24062.8,26894.4,27241.4,29570.7,32799.3,35151.3,36184.8
 "49000" ,"Utah",7,SAGDP2N,"Gross domestic product (GDP) by state","Millions of current dollars",51,"52","   Finance and insurance",2891.3,3518.8,4096.6,5044.4,6688.2,7480.8,7751.0,8953.9,9261.2,10810.0,11040.3,9190.7,7593.3,7810.3,8910.5,10891.7,10533.8,11959.8,13876.1,14149.3,14265.4
 "49000" ,"Utah",7,SAGDP2N,"Gross domestic product (GDP) by state","Millions of current dollars",52,"521-522","    Monetary Authorities- central bank, credit intermediation, and related services",1368.9,1790.4,2316.4,3103.5,4641.1,5594.1,5911.0,7053.3,7088.3,8216.8,8085.2,6892.1,5068.2,5263.2,6160.7,7881.1,7394.4,8007.0,9171.7,9407.3,(NA)
 "49000" ,"Utah",7,SAGDP2N,"Gross domestic product (GDP) by state","Millions of current dollars",53,"523","    Securities, commodity contracts, and other financial investments and related activities",353.2,340.5,340.7,379.0,620.3,535.8,496.0,543.0,616.9,699.8,611.8,311.5,655.6,658.6,662.3,907.7,1048.1,1025.0,1090.7,1148.8,(NA)
 "49000" ,"Utah",7,SAGDP2N,"Gross domestic product (GDP) by state","Millions of current dollars",54,"524","    Insurance carriers and related activities",1109.3,1244.6,1258.7,1429.7,1289.1,1252.1,1266.7,1333.4,1511.9,1849.9,2221.3,1922.0,1841.7,1856.5,2045.9,2049.1,1950.9,2504.7,2793.5,2960.9,(NA)
 "49000" ,"Utah",7,SAGDP2N,"Gross domestic product (GDP) by state","Millions of current dollars",55,"525","    Funds, trusts, and other financial vehicles",60.0,143.3,180.8,132.1,137.7,98.9,77.3,24.3,44.2,43.5,122.0,65.1,27.8,32.1,41.6,53.8,140.3,423.1,820.2,632.2,(NA)
 "49000" ,"Utah",7,SAGDP2N,"Gross domestic product (GDP) by state","Millions of current dollars",56,"53","   Real estate and rental and leasing",6587.8,6977.0,7711.7,8161.9,8696.6,8884.9,9088.8,9187.3,10476.9,11915.4,13596.8,14145.2,13987.4,14385.8,15152.2,16002.6,16707.7,17610.9,18923.2,21002.1,21919.4
 "49000" ,"Utah",7,SAGDP2N,"Gross domestic product (GDP) by state","Millions of current dollars",57,"531","    Real estate",5979.2,6298.6,6951.2,7373.1,7819.2,8026.1,8191.3,8184.8,9100.9,10155.9,11904.3,12633.3,12926.7,13306.3,14034.8,14651.5,15414.6,16367.6,17094.7,18595.9,(NA)
 "49000" ,"Utah",7,SAGDP2N,"Gross domestic product (GDP) by state","Millions of current dollars",58,"532-533","    Rental and leasing services and lessors of nonfinancial intangible assets",608.6,678.3,760.5,788.9,877.4,858.8,897.5,1002.5,1376.1,1759.6,1692.4,1511.8,1060.7,1079.5,1117.5,1351.2,1293.0,1243.3,1828.5,2406.2,(NA)
 "49000" ,"Utah",7,SAGDP2N,"Gross domestic product (GDP) by state","Millions of current dollars",59,"54, 55, 56","  Professional and business services",5595.3,6003.3,6591.3,7072.8,7400.7,7446.3,7513.5,7889.3,8734.7,9854.4,10892.7,11759.8,11265.1,11733.7,12397.0,13287.5,14791.2,15749.9,16464.3,17290.3,18461.5
 "49000" ,"Utah",7,SAGDP2N,"Gross domestic product (GDP) by state","Millions of current dollars",60,"54","   Professional, scientific, and technical services",2845.9,3081.6,3273.4,3614.8,3816.6,3918.0,4054.0,4278.2,4777.9,5409.0,5980.2,6739.0,6517.4,6662.8,7264.1,7721.9,8857.2,9492.7,9933.3,10265.8,11101.3
 "49000" ,"Utah",7,SAGDP2N,"Gross domestic product (GDP) by state","Millions of current dollars",61,"5411","    Legal services",395.4,453.3,466.1,539.8,576.2,588.4,648.6,717.4,762.4,867.2,920.1,989.2,950.4,939.6,1007.8,1071.3,1087.6,1123.5,1117.7,1177.6,(NA)
 "49000" ,"Utah",7,SAGDP2N,"Gross domestic product (GDP) by state","Millions of current dollars",62,"5415","    Computer systems design and related services",550.6,627.3,727.3,899.5,920.4,822.7,939.6,961.5,1125.9,1265.9,1416.4,1643.5,1626.5,1629.0,1786.8,2069.6,2207.2,2379.9,2485.8,2712.9,(NA)
 "49000" ,"Utah",7,SAGDP2N,"Gross domestic product (GDP) by state","Millions of current dollars",63,"5412-5414, 5416-5419","    Miscellaneous professional, scientific, and technical services",1899.8,2001.0,2079.9,2175.5,2320.0,2507.0,2465.8,2599.3,2889.6,3275.9,3643.6,4106.3,3940.5,4094.2,4469.5,4581.0,5562.4,5989.4,6329.7,6375.3,(NA)
 "49000" ,"Utah",7,SAGDP2N,"Gross domestic product (GDP) by state","Millions of current dollars",64,"55","   Management of companies and enterprises",1187.2,1265.4,1461.0,1462.4,1478.7,1409.0,1331.3,1363.9,1429.9,1597.2,1716.6,1775.9,1748.1,1885.9,1829.8,2027.2,2082.6,2094.4,2123.8,2248.4,2323.1
 "49000" ,"Utah",7,SAGDP2N,"Gross domestic product (GDP) by state","Millions of current dollars",65,"56","   Administrative and support and waste management and remediation services",1562.2,1656.4,1857.0,1995.6,2105.5,2119.2,2128.2,2247.2,2526.8,2848.2,3195.9,3244.9,2999.7,3184.9,3303.1,3538.4,3851.4,4162.8,4407.2,4776.1,5037.1
 "49000" ,"Utah",7,SAGDP2N,"Gross domestic product (GDP) by state","Millions of current dollars",66,"561","    Administrative and support services",1386.1,1484.1,1670.7,1810.2,1900.8,1883.9,1874.4,1996.3,2253.3,2581.7,2863.9,2913.5,2637.3,2735.9,2883.7,3107.0,3444.2,3803.0,4095.4,4445.6,(NA)
 "49000" ,"Utah",7,SAGDP2N,"Gross domestic product (GDP) by state","Millions of current dollars",67,"562","    Waste management and remediation services",176.1,172.3,186.2,185.4,204.7,235.3,253.7,251.0,273.6,266.5,331.9,331.4,362.4,449.0,419.3,431.3,407.2,359.7,311.8,330.6,(NA)
 "49000" ,"Utah",7,SAGDP2N,"Gross domestic product (GDP) by state","Millions of current dollars",68,"61, 62","  Educational services, health care, and social assistance",3517.8,3707.8,3933.6,4163.0,4409.1,4724.4,5077.9,5508.4,5929.8,6597.2,6982.1,7672.6,8301.9,8526.4,8932.0,9297.2,9867.1,10160.6,10641.4,11692.0,12178.9
 "49000" ,"Utah",7,SAGDP2N,"Gross domestic product (GDP) by state","Millions of current dollars",69,"61","   Educational services",604.9,611.4,698.9,779.0,837.6,865.9,916.7,1017.0,1107.9,1236.6,1334.2,1486.7,1639.9,1755.5,1831.3,1904.9,1985.7,2099.5,2200.7,2377.6,2452.5
 "49000" ,"Utah",7,SAGDP2N,"Gross domestic product (GDP) by state","Millions of current dollars",70,"62","   Health care and social assistance",2913.0,3096.4,3234.7,3384.0,3571.5,3858.6,4161.2,4491.5,4821.9,5360.6,5647.9,6185.9,6661.9,6770.9,7100.7,7392.3,7881.3,8061.1,8440.7,9314.4,9726.4
 "49000" ,"Utah",7,SAGDP2N,"Gross domestic product (GDP) by state","Millions of current dollars",71,"621","    Ambulatory health care services",1519.6,1590.0,1649.7,1719.8,1837.9,1978.7,2102.0,2248.0,2442.4,2774.8,2875.2,3133.3,3350.3,3441.1,3638.1,3804.7,4092.8,4110.9,4265.7,4683.1,(NA)
 "49000" ,"Utah",7,SAGDP2N,"Gross domestic product (GDP) by state","Millions of current dollars",72,"622","    Hospitals",964.8,1046.9,1087.9,1108.0,1118.7,1215.2,1319.8,1430.5,1502.6,1607.2,1739.1,1934.3,2157.5,2158.5,2261.2,2364.2,2479.9,2581.4,2699.9,3025.5,(NA)
 "49000" ,"Utah",7,SAGDP2N,"Gross domestic product (GDP) by state","Millions of current dollars",73,"623","    Nursing and residential care facilities",266.2,279.5,302.4,322.4,357.9,392.7,435.0,478.3,508.6,576.6,612.6,670.2,707.4,716.4,752.4,768.7,804.6,838.5,904.2,964.9,(NA)
 "49000" ,"Utah",7,SAGDP2N,"Gross domestic product (GDP) by state","Millions of current dollars",74,"624","    Social assistance",162.4,180.0,194.7,233.9,257.0,272.0,304.5,334.7,368.3,401.9,421.0,448.0,446.7,455.0,449.0,454.6,504.0,530.3,570.9,641.0,(NA)
 "49000" ,"Utah",7,SAGDP2N,"Gross domestic product (GDP) by state","Millions of current dollars",75,"71, 72","  Arts, entertainment, recreation, accommodation, and food services",1745.5,1964.5,2138.9,2348.6,2509.9,2782.0,2646.2,2726.0,2900.9,3276.9,3556.8,3642.3,3477.4,3601.7,3798.7,4104.3,4322.0,4577.8,4989.0,5300.9,5664.8
 "49000" ,"Utah",7,SAGDP2N,"Gross domestic product (GDP) by state","Millions of current dollars",76,"71","   Arts, entertainment, and recreation",359.3,394.5,429.6,496.0,562.5,694.4,580.2,612.8,646.4,719.4,775.8,798.9,835.2,885.5,935.4,1029.7,1100.6,1151.6,1206.5,1367.0,1500.7
 "49000" ,"Utah",7,SAGDP2N,"Gross domestic product (GDP) by state","Millions of current dollars",77,"711-712","    Performing arts, spectator sports, museums, and related activities",127.7,147.2,172.6,201.0,253.0,383.7,261.0,267.1,267.6,290.0,313.7,358.3,403.9,398.8,409.8,462.9,522.5,560.5,594.5,656.2,(NA)
 "49000" ,"Utah",7,SAGDP2N,"Gross domestic product (GDP) by state","Millions of current dollars",78,"713","    Amusement, gambling, and recreation industries",231.6,247.2,257.0,295.0,309.5,310.7,319.2,345.7,378.9,429.4,462.1,440.5,431.3,486.7,525.6,566.8,578.2,591.1,612.0,710.8,(NA)
 "49000" ,"Utah",7,SAGDP2N,"Gross domestic product (GDP) by state","Millions of current dollars",79,"72","   Accommodation and food services",1386.2,1570.0,1709.3,1852.6,1947.4,2087.6,2066.0,2113.2,2254.5,2557.5,2781.0,2843.4,2642.3,2716.2,2863.3,3074.6,3221.3,3426.2,3782.5,3933.9,4164.1
 "49000" ,"Utah",7,SAGDP2N,"Gross domestic product (GDP) by state","Millions of current dollars",80,"721","    Accommodation",422.5,463.0,514.8,572.2,588.1,636.2,637.0,693.8,732.9,867.1,987.0,1021.0,815.9,848.4,941.0,1005.7,1041.3,1075.8,1194.7,1207.8,(NA)
 "49000" ,"Utah",7,SAGDP2N,"Gross domestic product (GDP) by state","Millions of current dollars",81,"722","    Food services and drinking places",963.8,1107.0,1194.5,1280.4,1359.3,1451.4,1429.0,1419.4,1521.6,1690.5,1794.0,1822.4,1826.4,1867.8,1922.3,2068.9,2180.0,2350.5,2587.8,2726.1,(NA)
 "49000" ,"Utah",7,SAGDP2N,"Gross domestic product (GDP) by state","Millions of current dollars",82,"81","  Other services (except government and government enterprises)",1888.8,2190.9,2238.7,2354.9,2320.5,2542.3,2605.7,2748.3,2774.5,2941.1,3041.3,3173.2,3231.5,3223.6,3321.4,3593.3,3735.6,4006.5,4160.3,4308.9,4550.5
 "49000" ,"Utah",7,SAGDP2N,"Gross domestic product (GDP) by state","Millions of current dollars",83,"..."," Government and government enterprises",9122.4,9389.7,9933.7,10549.6,11134.9,11671.6,12115.2,12730.4,13630.9,14527.0,15202.2,16075.3,16369.9,16907.3,17534.1,17430.3,17673.8,18388.4,18942.0,19691.8,20538.6
 "49000" ,"Utah",7,SAGDP2N,"Gross domestic product (GDP) by state","Millions of current dollars",84,"...","  Federal civilian",2041.6,2099.8,2197.0,2463.0,2624.2,2861.2,3018.7,3109.3,3300.6,3480.3,3662.3,3723.5,3867.4,3984.2,4106.0,4055.5,3963.8,4183.3,4429.6,4662.3,(NA)
 "49000" ,"Utah",7,SAGDP2N,"Gross domestic product (GDP) by state","Millions of current dollars",85,"...","  Military",901.4,880.6,917.1,997.8,1021.3,1100.8,1216.1,1249.4,1376.2,1377.0,1390.9,1418.4,1511.5,1594.2,1579.5,1522.5,1473.6,1436.2,1418.0,1423.5,(NA)
 "49000" ,"Utah",7,SAGDP2N,"Gross domestic product (GDP) by state","Millions of current dollars",86,"...","  State and local",6179.5,6409.3,6819.6,7088.8,7489.4,7709.6,7880.4,8371.7,8954.0,9669.7,10149.0,10933.5,10991.0,11329.0,11848.6,11852.3,12236.5,12768.9,13094.4,13606.0,(NA)
 "49000" ,"Utah",7,SAGDP2N,"Gross domestic product (GDP) by state","Millions of current dollars",87,"11, 21","Natural resources and mining",1458.5,1395.4,1360.8,1488.2,1701.3,1398.6,1594.3,2106.5,2918.1,3559.5,4091.1,4692.1,3956.3,4573.5,5313.6,4780.2,4938.2,5310.2,3555.0,2937.7,3072.6
 "49000" ,"Utah",7,SAGDP2N,"Gross domestic product (GDP) by state","Millions of current dollars",88,"42, 44-45","Trade",7754.0,8508.3,8775.1,9082.2,9225.9,9328.3,9824.9,10807.1,11793.2,13042.8,13990.1,14024.7,13416.6,13759.3,14439.5,15666.6,16392.1,16854.3,18049.2,19263.0,20266.3
 "49000" ,"Utah",7,SAGDP2N,"Gross domestic product (GDP) by state","Millions of current dollars",89,"...","Transportation and utilities",3461.3,3665.5,3619.7,3702.5,3712.1,3795.6,3793.6,4246.2,4636.1,5121.8,5381.2,5293.9,5215.0,5617.5,5873.1,6129.3,6400.6,6719.9,7417.0,7730.5,8041.0
 "49000" ,"Utah",7,SAGDP2N,"Gross domestic product (GDP) by state","Millions of current dollars",90,"...","Private goods-producing industries 2/",12969.1,13698.5,13850.9,14908.0,14077.4,13842.6,15063.2,16870.0,19570.2,23199.4,26055.2,25645.6,25467.8,27372.4,28897.5,27039.6,27956.1,29137.3,29222.3,29125.7,30630.2
 "49000" ,"Utah",7,SAGDP2N,"Gross domestic product (GDP) by state","Millions of current dollars",91,"...","Private services-providing industries 3/",35608.2,39203.2,42237.9,44834.3,48013.8,50484.6,51970.7,56101.6,60993.8,68397.7,73395.4,74264.4,71495.2,73680.7,78107.9,84251.0,88622.2,93817.2,101412.4,108657.2,113748.2
"Note: See the included footnote file."
"SAGDP2N: Gross domestic product (GDP) by state 1/"
"Last updated: November 14, 2018; revised statistics for 1997-2017."
"Source: U.S. Department of Commerce / Bureau of Economic Analysis / Regional Economic Accounts"
