GeoFIPS,GeoName,Region,TableName,ComponentName,Unit,IndustryId,IndustryClassification,Description,1998,1999,2000,2001,2002,2003,2004,2005,2006,2007,2008,2009,2010,2011,2012,2013,2014,2015,2016,2017
 "06000" ,"California",8,SAGDP11N,"Contributions to percent change in real GDP","Percent change",1,"...","All industry total (percent change)",6.7,7.6,8.1,-0.4,2.4,4.7,4.2,4.6,4.1,1.5,0.4,-4.0,1.6,1.6,2.5,3.6,4.0,5.0,3.1,3.0
 "06000" ,"California",8,SAGDP11N,"Contributions to percent change in real GDP","Percentage points",2,"..."," Private industries",6.28,7.38,7.44,-0.81,2.15,4.53,4.19,4.55,3.99,1.19,0.13,-3.61,1.73,1.57,2.73,3.51,3.76,4.67,2.78,2.85
 "06000" ,"California",8,SAGDP11N,"Contributions to percent change in real GDP","Percentage points",3,"11","  Agriculture, forestry, fishing, and hunting",-0.04,0.21,0.15,-0.08,0.16,0.04,0.06,0.21,0.00,-0.12,-0.11,0.22,-0.02,-0.14,0.03,0.11,0.24,0.13,0.13,-0.04
 "06000" ,"California",8,SAGDP11N,"Contributions to percent change in real GDP","Percentage points",4,"111-112","   Farms",-0.05,0.18,0.15,-0.12,0.14,0.00,0.04,0.21,-0.07,-0.13,-0.12,0.23,-0.01,-0.16,0.00,0.11,0.23,0.10,0.11,(NA)
 "06000" ,"California",8,SAGDP11N,"Contributions to percent change in real GDP","Percentage points",5,"113-115","   Forestry, fishing, and related activities",0.01,0.03,0.00,0.04,0.02,0.05,0.01,0.00,0.07,0.00,0.01,-0.02,-0.01,0.02,0.03,0.00,0.01,0.03,0.01,(NA)
 "06000" ,"California",8,SAGDP11N,"Contributions to percent change in real GDP","Percentage points",6,"21","  Mining, quarrying, and oil and gas extraction",-0.08,0.00,-0.05,-0.03,0.03,-0.09,0.04,0.02,0.26,0.13,-0.14,0.32,-0.25,-0.02,0.19,-0.15,-0.08,0.02,-0.02,-0.03
 "06000" ,"California",8,SAGDP11N,"Contributions to percent change in real GDP","Percentage points",7,"211","   Oil and gas extraction",-0.09,-0.02,-0.07,-0.04,0.06,-0.08,0.04,0.03,0.23,0.13,-0.13,0.34,-0.23,-0.02,0.18,-0.13,-0.09,0.06,0.00,(NA)
 "06000" ,"California",8,SAGDP11N,"Contributions to percent change in real GDP","Percentage points",8,"212","   Mining (except oil and gas)",0.01,0.02,0.00,-0.01,0.00,0.00,0.00,-0.02,0.01,-0.01,-0.02,0.00,-0.03,-0.01,0.01,0.00,0.00,0.00,0.00,(NA)
 "06000" ,"California",8,SAGDP11N,"Contributions to percent change in real GDP","Percentage points",9,"213","   Support activities for mining",0.00,0.00,0.03,0.02,-0.02,0.00,0.00,0.00,0.02,0.01,0.01,-0.02,0.01,0.01,0.00,-0.01,0.00,-0.03,-0.02,(NA)
 "06000" ,"California",8,SAGDP11N,"Contributions to percent change in real GDP","Percentage points",10,"22","  Utilities",-0.04,0.22,0.06,-0.52,0.47,-0.03,-0.04,-0.05,0.14,0.01,-0.01,-0.03,0.11,0.08,0.03,0.03,-0.07,0.03,0.07,0.03
 "06000" ,"California",8,SAGDP11N,"Contributions to percent change in real GDP","Percentage points",11,"23","  Construction",0.37,0.26,0.30,0.00,-0.12,0.28,0.57,0.14,-0.17,-0.45,-0.92,-0.63,-0.12,-0.18,0.17,0.28,0.03,0.25,0.17,0.07
 "06000" ,"California",8,SAGDP11N,"Contributions to percent change in real GDP","Percentage points",12,"31-33","  Manufacturing",1.70,2.36,3.29,-1.27,-0.72,1.39,0.80,1.27,0.90,0.77,1.25,-0.75,-0.41,-0.60,0.24,0.66,0.53,0.45,0.28,0.33
 "06000" ,"California",8,SAGDP11N,"Contributions to percent change in real GDP","Percentage points",13,"321,327-339","   Durable goods manufacturing",1.57,2.16,2.94,-1.25,-0.16,0.90,0.42,0.94,0.63,0.62,0.43,-0.19,0.33,0.44,0.15,0.33,0.26,0.43,0.34,0.36
 "06000" ,"California",8,SAGDP11N,"Contributions to percent change in real GDP","Percentage points",14,"321","    Wood product manufacturing",-0.01,0.00,0.00,-0.01,0.01,0.00,-0.01,0.01,-0.01,0.00,-0.01,-0.02,0.00,0.01,-0.01,0.01,0.00,0.00,0.01,(NA)
 "06000" ,"California",8,SAGDP11N,"Contributions to percent change in real GDP","Percentage points",15,"327","    Nonmetallic mineral product manufacturing",0.00,0.01,0.00,0.01,0.00,0.01,0.03,0.00,-0.03,-0.01,-0.02,-0.04,0.00,0.00,0.01,0.00,0.01,0.00,0.00,(NA)
 "06000" ,"California",8,SAGDP11N,"Contributions to percent change in real GDP","Percentage points",16,"331","    Primary metal manufacturing",0.03,0.03,0.02,-0.02,-0.01,0.01,-0.01,-0.01,-0.02,-0.05,0.02,0.00,-0.02,0.01,0.01,0.00,-0.01,0.01,0.01,(NA)
 "06000" ,"California",8,SAGDP11N,"Contributions to percent change in real GDP","Percentage points",17,"332","    Fabricated metal product manufacturing",-0.06,0.04,0.11,-0.09,-0.10,0.02,0.02,0.03,0.01,0.05,-0.05,-0.14,0.03,0.04,-0.01,0.00,0.03,-0.02,-0.01,(NA)
 "06000" ,"California",8,SAGDP11N,"Contributions to percent change in real GDP","Percentage points",18,"333","    Machinery manufacturing",0.00,0.15,0.28,-0.33,-0.11,0.01,0.08,-0.06,0.05,0.03,-0.03,-0.10,0.03,0.08,-0.05,0.07,-0.04,-0.01,0.00,(NA)
 "06000" ,"California",8,SAGDP11N,"Contributions to percent change in real GDP","Percentage points",19,"334","    Computer and electronic product manufacturing",1.35,1.84,2.75,-0.92,0.06,0.73,0.34,0.80,0.46,0.58,0.49,0.17,0.37,0.23,0.40,0.16,0.28,0.39,0.30,(NA)
 "06000" ,"California",8,SAGDP11N,"Contributions to percent change in real GDP","Percentage points",20,"335","    Electrical equipment, appliance, and component manufacturing",-0.04,0.06,0.05,-0.05,0.00,-0.01,0.00,0.00,0.02,0.00,0.01,-0.05,0.02,0.00,-0.02,0.03,-0.01,0.03,-0.01,(NA)
 "06000" ,"California",8,SAGDP11N,"Contributions to percent change in real GDP","Percentage points",21,"3361-3363","    Motor vehicles, bodies and trailers, and parts manufacturing",0.02,0.03,0.01,0.05,0.04,0.02,0.00,0.00,0.05,-0.02,-0.03,-0.08,0.00,0.03,-0.04,0.00,0.02,0.03,0.03,(NA)
 "06000" ,"California",8,SAGDP11N,"Contributions to percent change in real GDP","Percentage points",22,"3364-3369","    Other transportation equipment manufacturing",0.13,-0.04,-0.38,0.23,-0.05,0.08,-0.05,0.10,0.00,0.09,0.03,0.04,-0.12,0.08,-0.19,0.05,0.01,0.07,0.00,(NA)
 "06000" ,"California",8,SAGDP11N,"Contributions to percent change in real GDP","Percentage points",23,"337","    Furniture and related product manufacturing",0.00,0.03,0.00,-0.02,-0.01,-0.01,0.01,0.01,0.01,-0.03,-0.03,-0.05,0.00,0.00,-0.01,0.01,0.00,0.01,0.00,(NA)
 "06000" ,"California",8,SAGDP11N,"Contributions to percent change in real GDP","Percentage points",24,"339","    Miscellaneous manufacturing",0.15,0.03,0.10,-0.10,0.01,0.04,0.01,0.05,0.08,-0.02,0.03,0.06,0.02,-0.03,0.05,0.00,-0.03,-0.07,0.01,(NA)
 "06000" ,"California",8,SAGDP11N,"Contributions to percent change in real GDP","Percentage points",25,"311-316,322-326","   Nondurable goods manufacturing",0.12,0.19,0.35,-0.02,-0.56,0.49,0.38,0.33,0.27,0.16,0.82,-0.56,-0.74,-1.04,0.09,0.34,0.27,0.02,-0.06,-0.03
 "06000" ,"California",8,SAGDP11N,"Contributions to percent change in real GDP","Percentage points",26,"311-312","    Food and beverage and tobacco products manufacturing",0.00,0.05,-0.01,0.02,-0.01,0.03,-0.01,0.02,0.17,0.04,-0.06,0.03,-0.17,-0.02,0.02,0.01,0.04,0.08,-0.08,(NA)
 "06000" ,"California",8,SAGDP11N,"Contributions to percent change in real GDP","Percentage points",27,"313-314","    Textile mills and textile product mills",0.00,0.02,0.01,-0.02,0.00,-0.01,0.02,-0.01,0.00,-0.01,0.00,-0.01,0.00,-0.01,0.01,0.01,0.00,0.00,0.00,(NA)
 "06000" ,"California",8,SAGDP11N,"Contributions to percent change in real GDP","Percentage points",28,"315-316","    Apparel, leather, and allied product manufacturing",0.00,0.02,0.01,-0.03,-0.01,-0.02,0.00,0.00,0.02,-0.01,-0.01,-0.03,0.02,0.00,0.00,0.01,-0.02,-0.01,0.00,(NA)
 "06000" ,"California",8,SAGDP11N,"Contributions to percent change in real GDP","Percentage points",29,"322","    Paper manufacturing",-0.02,0.02,-0.02,-0.04,0.01,-0.02,0.01,-0.01,0.04,-0.01,-0.02,0.01,-0.02,0.00,-0.02,0.00,0.00,0.01,0.00,(NA)
 "06000" ,"California",8,SAGDP11N,"Contributions to percent change in real GDP","Percentage points",30,"323","    Printing and related support activities",0.01,0.01,0.01,-0.01,0.01,0.00,0.00,-0.01,0.00,0.02,-0.02,-0.03,0.01,0.00,-0.01,0.01,-0.01,-0.01,0.00,(NA)
 "06000" ,"California",8,SAGDP11N,"Contributions to percent change in real GDP","Percentage points",31,"324","    Petroleum and coal products manufacturing",0.12,-0.09,0.05,0.07,-0.27,0.17,0.04,0.37,-0.05,0.00,1.13,-0.71,-0.61,-0.79,-0.17,-0.01,0.29,-0.04,-0.09,(NA)
 "06000" ,"California",8,SAGDP11N,"Contributions to percent change in real GDP","Percentage points",32,"325","    Chemical manufacturing",0.00,0.11,0.29,0.02,-0.29,0.33,0.28,-0.02,0.11,0.12,-0.18,0.19,0.02,-0.21,0.26,0.32,-0.04,-0.04,0.13,(NA)
 "06000" ,"California",8,SAGDP11N,"Contributions to percent change in real GDP","Percentage points",33,"326","    Plastics and rubber products manufacturing",0.01,0.04,0.01,-0.04,0.00,0.02,0.03,-0.01,-0.01,0.00,-0.02,-0.01,0.01,-0.02,0.00,-0.01,0.00,0.02,-0.01,(NA)
 "06000" ,"California",8,SAGDP11N,"Contributions to percent change in real GDP","Percentage points",34,"42","  Wholesale trade",0.63,0.18,0.33,0.21,0.07,0.30,0.10,0.33,0.24,0.22,-0.13,-0.86,0.35,0.37,-0.05,0.21,0.36,0.45,-0.19,0.18
 "06000" ,"California",8,SAGDP11N,"Contributions to percent change in real GDP","Percentage points",35,"44-45","  Retail trade",0.73,0.41,0.44,0.24,0.36,0.40,0.30,0.21,0.11,-0.38,-0.49,-0.39,0.18,-0.01,0.10,0.26,0.08,0.18,0.11,0.24
 "06000" ,"California",8,SAGDP11N,"Contributions to percent change in real GDP","Percentage points",36,"48-49","  Transportation and warehousing",0.06,-0.04,0.02,-0.20,-0.07,0.03,0.23,0.05,0.25,-0.07,-0.08,-0.16,0.12,0.02,-0.04,0.09,0.09,0.10,0.18,0.14
 "06000" ,"California",8,SAGDP11N,"Contributions to percent change in real GDP","Percentage points",37,"481","   Air transportation",-0.09,-0.04,-0.11,-0.18,0.00,-0.01,0.10,-0.04,0.16,-0.01,-0.05,-0.01,0.09,-0.03,-0.04,0.06,0.05,0.05,0.11,(NA)
 "06000" ,"California",8,SAGDP11N,"Contributions to percent change in real GDP","Percentage points",38,"482","   Rail transportation",0.01,0.00,0.00,0.00,-0.02,0.00,0.00,0.00,0.00,0.00,0.00,-0.02,-0.01,0.01,0.01,0.00,0.00,0.00,0.00,(NA)
 "06000" ,"California",8,SAGDP11N,"Contributions to percent change in real GDP","Percentage points",39,"483","   Water transportation",-0.01,-0.02,0.01,0.00,-0.02,-0.01,0.00,0.00,0.02,0.03,0.01,0.01,-0.01,0.02,0.00,0.01,0.00,-0.01,0.00,(NA)
 "06000" ,"California",8,SAGDP11N,"Contributions to percent change in real GDP","Percentage points",40,"484","   Truck transportation",0.04,0.04,0.04,-0.04,-0.02,0.02,0.04,0.00,0.04,0.02,-0.06,-0.04,0.02,0.03,-0.01,0.01,0.02,0.00,0.00,(NA)
 "06000" ,"California",8,SAGDP11N,"Contributions to percent change in real GDP","Percentage points",41,"485","   Transit and ground passenger transportation",0.01,0.02,0.01,0.00,0.00,0.00,0.00,0.00,0.00,0.00,0.00,-0.01,0.00,0.01,0.02,0.00,0.02,0.01,0.06,(NA)
 "06000" ,"California",8,SAGDP11N,"Contributions to percent change in real GDP","Percentage points",42,"486","   Pipeline transportation",0.00,-0.01,0.00,0.03,-0.03,0.00,0.01,0.00,0.01,0.00,0.01,0.00,0.01,0.01,-0.01,-0.01,-0.01,0.00,-0.01,(NA)
 "06000" ,"California",8,SAGDP11N,"Contributions to percent change in real GDP","Percentage points",43,"487-488, 492","   Other transportation and support activities",0.05,-0.03,0.07,0.02,0.03,0.01,0.03,0.06,0.01,-0.09,-0.01,-0.10,0.00,-0.02,-0.02,0.01,0.00,0.02,0.01,(NA)
 "06000" ,"California",8,SAGDP11N,"Contributions to percent change in real GDP","Percentage points",44,"493","   Warehousing and storage",0.04,0.00,0.01,-0.03,-0.01,0.01,0.04,0.03,0.02,-0.01,0.02,-0.01,0.01,0.00,0.02,0.02,0.01,0.04,0.01,(NA)
 "06000" ,"California",8,SAGDP11N,"Contributions to percent change in real GDP","Percentage points",45,"51","  Information",0.80,1.39,-0.26,0.52,0.59,0.38,0.85,0.38,0.58,0.62,0.32,-0.41,0.87,0.26,0.06,1.34,0.41,1.39,1.14,1.00
 "06000" ,"California",8,SAGDP11N,"Contributions to percent change in real GDP","Percentage points",46,"511","   Publishing industries (except Internet)",0.10,0.38,-0.09,0.01,0.13,0.10,0.26,0.02,-0.03,0.20,0.01,-0.14,0.18,0.14,0.10,0.19,0.13,0.29,0.16,(NA)
 "06000" ,"California",8,SAGDP11N,"Contributions to percent change in real GDP","Percentage points",47,"512","   Motion picture and sound recording industries",0.41,0.40,-0.39,0.45,0.35,0.10,0.00,-0.14,0.23,0.19,0.24,0.03,0.29,-0.20,-0.17,-0.04,-0.02,0.20,0.03,(NA)
 "06000" ,"California",8,SAGDP11N,"Contributions to percent change in real GDP","Percentage points",48,"515, 517","   Broadcasting (except Internet) and telecommunications",0.16,0.61,0.11,-0.01,-0.03,0.10,0.31,0.42,0.22,0.42,-0.05,-0.33,0.21,0.12,0.17,0.31,0.08,0.36,0.21,(NA)
 "06000" ,"California",8,SAGDP11N,"Contributions to percent change in real GDP","Percentage points",49,"518, 519","   Data processing, hosting, and other information services",0.13,0.00,0.11,0.07,0.14,0.08,0.28,0.07,0.15,-0.19,0.12,0.02,0.20,0.21,-0.04,0.89,0.23,0.54,0.74,(NA)
 "06000" ,"California",8,SAGDP11N,"Contributions to percent change in real GDP","Percentage points",50,"52, 53","  Finance, insurance, real estate, rental, and leasing",1.09,1.11,0.95,0.83,1.03,1.13,0.70,1.65,0.87,0.11,-0.64,0.26,0.24,0.67,0.80,0.63,0.81,0.57,0.28,0.13
 "06000" ,"California",8,SAGDP11N,"Contributions to percent change in real GDP","Percentage points",51,"52","   Finance and insurance",0.81,0.33,0.53,0.60,0.42,0.29,-0.26,0.47,0.28,-0.30,-0.92,0.98,-0.12,0.03,0.37,-0.14,0.00,0.04,-0.08,-0.08
 "06000" ,"California",8,SAGDP11N,"Contributions to percent change in real GDP","Percentage points",52,"521-522","    Monetary Authorities- central bank, credit intermediation, and related services",0.62,0.17,0.11,0.10,0.57,0.27,-0.53,0.14,0.13,0.07,-0.05,0.27,0.09,0.31,0.02,-0.24,0.08,0.04,-0.15,(NA)
 "06000" ,"California",8,SAGDP11N,"Contributions to percent change in real GDP","Percentage points",53,"523","    Securities, commodity contracts, and other financial investments and related activities",0.08,0.12,0.33,0.51,-0.21,-0.20,-0.02,0.21,0.07,-0.30,-0.55,0.69,-0.06,-0.27,0.31,0.01,-0.27,-0.03,0.22,(NA)
 "06000" ,"California",8,SAGDP11N,"Contributions to percent change in real GDP","Percentage points",54,"524","    Insurance carriers and related activities",0.10,0.04,0.11,-0.01,0.02,0.16,0.23,0.08,0.05,-0.01,-0.25,0.02,-0.12,0.03,0.05,0.07,0.11,0.06,-0.13,(NA)
 "06000" ,"California",8,SAGDP11N,"Contributions to percent change in real GDP","Percentage points",55,"525","    Funds, trusts, and other financial vehicles",0.01,0.00,-0.01,0.01,0.03,0.07,0.06,0.04,0.03,-0.05,-0.07,0.00,-0.03,-0.04,-0.01,0.02,0.07,-0.04,-0.02,(NA)
 "06000" ,"California",8,SAGDP11N,"Contributions to percent change in real GDP","Percentage points",56,"53","   Real estate and rental and leasing",0.28,0.78,0.42,0.23,0.62,0.84,0.96,1.18,0.59,0.40,0.28,-0.73,0.36,0.64,0.43,0.77,0.82,0.53,0.36,0.21
 "06000" ,"California",8,SAGDP11N,"Contributions to percent change in real GDP","Percentage points",57,"531","    Real estate",0.14,0.70,0.40,0.16,0.70,0.84,0.91,1.08,0.35,0.50,0.17,-0.56,0.33,0.60,0.25,0.73,0.89,0.51,0.45,(NA)
 "06000" ,"California",8,SAGDP11N,"Contributions to percent change in real GDP","Percentage points",58,"532-533","    Rental and leasing services and lessors of nonfinancial intangible assets",0.14,0.08,0.01,0.07,-0.09,0.00,0.05,0.10,0.24,-0.10,0.11,-0.17,0.04,0.04,0.18,0.03,-0.07,0.02,-0.09,(NA)
 "06000" ,"California",8,SAGDP11N,"Contributions to percent change in real GDP","Percentage points",59,"54, 55, 56","  Professional and business services",0.66,0.89,1.58,-0.20,-0.33,0.29,0.03,0.32,0.43,0.50,0.78,-0.97,0.46,0.72,0.89,-0.18,0.78,0.66,0.27,0.54
 "06000" ,"California",8,SAGDP11N,"Contributions to percent change in real GDP","Percentage points",60,"54","   Professional, scientific, and technical services",0.45,0.75,1.05,-0.07,-0.08,0.11,0.07,0.32,0.37,0.41,0.83,-0.59,0.24,0.51,0.71,-0.25,0.56,0.52,0.04,0.31
 "06000" ,"California",8,SAGDP11N,"Contributions to percent change in real GDP","Percentage points",61,"5411","    Legal services",0.11,0.03,0.07,0.05,-0.02,0.01,-0.01,0.02,0.01,0.04,0.17,-0.18,-0.13,0.02,-0.07,-0.07,0.00,-0.01,0.02,(NA)
 "06000" ,"California",8,SAGDP11N,"Contributions to percent change in real GDP","Percentage points",62,"5415","    Computer systems design and related services",0.17,0.25,0.46,-0.06,-0.14,0.23,0.07,0.14,0.12,0.20,0.14,0.02,0.23,0.27,0.61,-0.27,0.20,0.23,0.20,(NA)
 "06000" ,"California",8,SAGDP11N,"Contributions to percent change in real GDP","Percentage points",63,"5412-5414, 5416-5419","    Miscellaneous professional, scientific, and technical services",0.17,0.47,0.52,-0.05,0.09,-0.13,0.02,0.17,0.24,0.17,0.52,-0.42,0.14,0.23,0.18,0.08,0.36,0.30,-0.18,(NA)
 "06000" ,"California",8,SAGDP11N,"Contributions to percent change in real GDP","Percentage points",64,"55","   Management of companies and enterprises",0.15,0.04,0.28,-0.24,-0.23,-0.04,-0.20,-0.17,-0.06,-0.10,-0.03,-0.10,0.05,0.09,0.06,0.17,0.12,0.04,0.06,0.07
 "06000" ,"California",8,SAGDP11N,"Contributions to percent change in real GDP","Percentage points",65,"56","   Administrative and support and waste management and remediation services",0.06,0.10,0.25,0.11,-0.03,0.21,0.15,0.16,0.12,0.19,-0.01,-0.28,0.16,0.12,0.12,-0.10,0.11,0.10,0.17,0.16
 "06000" ,"California",8,SAGDP11N,"Contributions to percent change in real GDP","Percentage points",66,"561","    Administrative and support services",0.05,0.08,0.25,0.10,-0.04,0.20,0.15,0.15,0.14,0.17,-0.02,-0.27,0.12,0.15,0.12,-0.10,0.10,0.08,0.15,(NA)
 "06000" ,"California",8,SAGDP11N,"Contributions to percent change in real GDP","Percentage points",67,"562","    Waste management and remediation services",0.01,0.02,0.00,0.01,0.01,0.01,0.00,0.01,-0.02,0.02,0.00,0.00,0.04,-0.04,0.00,0.00,0.01,0.02,0.02,(NA)
 "06000" ,"California",8,SAGDP11N,"Contributions to percent change in real GDP","Percentage points",68,"61, 62","  Educational services, health care, and social assistance",0.04,0.20,0.23,0.13,0.39,0.28,0.32,0.10,0.25,0.06,0.49,0.27,0.17,0.23,0.22,0.14,0.19,0.31,0.26,0.20
 "06000" ,"California",8,SAGDP11N,"Contributions to percent change in real GDP","Percentage points",69,"61","   Educational services",-0.01,0.04,0.03,0.04,0.03,0.05,0.06,-0.02,0.03,0.01,0.07,0.08,0.05,0.02,0.02,-0.01,0.05,0.01,0.01,-0.02
 "06000" ,"California",8,SAGDP11N,"Contributions to percent change in real GDP","Percentage points",70,"62","   Health care and social assistance",0.06,0.16,0.21,0.10,0.36,0.23,0.27,0.11,0.22,0.05,0.42,0.18,0.11,0.21,0.20,0.15,0.15,0.30,0.25,0.22
 "06000" ,"California",8,SAGDP11N,"Contributions to percent change in real GDP","Percentage points",71,"621","    Ambulatory health care services",-0.03,0.06,0.14,0.02,0.22,0.00,0.13,0.09,0.13,0.02,0.21,0.02,0.33,0.16,0.08,0.10,0.09,0.21,0.19,(NA)
 "06000" ,"California",8,SAGDP11N,"Contributions to percent change in real GDP","Percentage points",72,"622","    Hospitals",0.06,0.06,0.03,0.06,0.11,0.19,0.15,0.04,0.07,0.02,0.14,0.13,-0.26,0.01,0.00,0.00,0.01,0.05,0.00,(NA)
 "06000" ,"California",8,SAGDP11N,"Contributions to percent change in real GDP","Percentage points",73,"623","    Nursing and residential care facilities",0.00,0.01,0.02,0.02,0.02,0.01,0.00,-0.02,0.01,0.00,0.03,0.00,0.01,0.02,0.01,0.01,0.03,0.02,0.01,(NA)
 "06000" ,"California",8,SAGDP11N,"Contributions to percent change in real GDP","Percentage points",74,"624","    Social assistance",0.02,0.03,0.02,-0.01,0.01,0.03,0.00,0.00,0.00,0.01,0.04,0.02,0.03,0.02,0.12,0.04,0.02,0.02,0.05,(NA)
 "06000" ,"California",8,SAGDP11N,"Contributions to percent change in real GDP","Percentage points",75,"71, 72","  Arts, entertainment, recreation, accommodation, and food services",0.20,0.19,0.28,-0.05,0.19,0.25,0.20,-0.10,0.11,-0.13,-0.07,-0.30,0.09,0.18,0.09,0.08,0.30,0.12,0.10,0.05
 "06000" ,"California",8,SAGDP11N,"Contributions to percent change in real GDP","Percentage points",76,"71","   Arts, entertainment, and recreation",0.05,0.05,0.08,-0.03,0.09,0.18,0.04,0.00,0.01,-0.05,0.01,-0.06,0.05,0.07,0.09,0.00,0.08,-0.06,0.01,0.00
 "06000" ,"California",8,SAGDP11N,"Contributions to percent change in real GDP","Percentage points",77,"711-712","    Performing arts, spectator sports, museums, and related activities",0.07,0.02,0.04,0.03,0.08,0.16,0.00,-0.04,0.01,-0.07,0.02,-0.02,0.03,0.07,0.06,-0.03,0.06,-0.06,0.00,(NA)
 "06000" ,"California",8,SAGDP11N,"Contributions to percent change in real GDP","Percentage points",78,"713","    Amusement, gambling, and recreation industries",-0.03,0.03,0.04,-0.06,0.01,0.02,0.04,0.03,0.00,0.03,-0.01,-0.04,0.02,0.00,0.03,0.03,0.02,0.00,0.01,(NA)
 "06000" ,"California",8,SAGDP11N,"Contributions to percent change in real GDP","Percentage points",79,"72","   Accommodation and food services",0.15,0.14,0.20,-0.02,0.11,0.07,0.16,-0.09,0.10,-0.08,-0.08,-0.24,0.04,0.11,0.00,0.09,0.23,0.18,0.08,0.05
 "06000" ,"California",8,SAGDP11N,"Contributions to percent change in real GDP","Percentage points",80,"721","    Accommodation",0.02,0.03,0.06,-0.03,0.01,0.02,0.08,-0.04,0.05,0.00,-0.02,-0.06,0.03,0.05,-0.03,0.00,0.07,0.06,0.01,(NA)
 "06000" ,"California",8,SAGDP11N,"Contributions to percent change in real GDP","Percentage points",81,"722","    Food services and drinking places",0.14,0.11,0.13,0.01,0.09,0.05,0.08,-0.05,0.06,-0.08,-0.07,-0.19,0.01,0.06,0.03,0.09,0.16,0.12,0.07,(NA)
 "06000" ,"California",8,SAGDP11N,"Contributions to percent change in real GDP","Percentage points",82,"81","  Other services (except government and government enterprises)",0.18,0.01,0.12,-0.39,0.09,-0.12,0.04,0.02,0.02,-0.08,-0.13,-0.17,-0.05,-0.02,0.02,-0.01,0.08,0.03,-0.02,0.02
 "06000" ,"California",8,SAGDP11N,"Contributions to percent change in real GDP","Percentage points",83,"..."," Government and government enterprises",0.37,0.24,0.62,0.39,0.25,0.16,0.02,0.07,0.13,0.33,0.23,-0.40,-0.17,0.06,-0.20,0.05,0.25,0.31,0.33,0.17
 "06000" ,"California",8,SAGDP11N,"Contributions to percent change in real GDP","Percentage points",84,"...","  Federal civilian",0.02,-0.02,0.01,-0.07,0.00,-0.03,0.01,-0.03,-0.02,0.00,0.03,0.02,0.07,-0.04,0.00,-0.03,0.03,0.05,0.03,(NA)
 "06000" ,"California",8,SAGDP11N,"Contributions to percent change in real GDP","Percentage points",85,"...","  Military",-0.03,-0.05,0.00,0.00,0.00,0.06,0.05,0.01,0.01,0.02,0.06,0.04,0.02,-0.01,0.00,-0.05,-0.06,-0.04,-0.01,(NA)
 "06000" ,"California",8,SAGDP11N,"Contributions to percent change in real GDP","Percentage points",86,"...","  State and local",0.38,0.30,0.61,0.46,0.24,0.13,-0.04,0.09,0.14,0.31,0.14,-0.45,-0.26,0.11,-0.20,0.13,0.28,0.30,0.31,(NA)
 "06000" ,"California",8,SAGDP11N,"Contributions to percent change in real GDP","Percentage points",87,"11, 21","Natural resources and mining",-0.12,0.20,0.11,-0.11,0.19,-0.05,0.10,0.23,0.25,0.01,-0.25,0.54,-0.27,-0.16,0.22,-0.03,0.16,0.15,0.11,-0.07
 "06000" ,"California",8,SAGDP11N,"Contributions to percent change in real GDP","Percentage points",88,"42, 44-45","Trade",1.35,0.60,0.77,0.45,0.44,0.69,0.40,0.53,0.35,-0.16,-0.61,-1.25,0.53,0.36,0.04,0.47,0.44,0.62,-0.08,0.42
 "06000" ,"California",8,SAGDP11N,"Contributions to percent change in real GDP","Percentage points",89,"...","Transportation and utilities",0.01,0.18,0.08,-0.72,0.40,0.00,0.19,0.01,0.39,-0.06,-0.08,-0.20,0.23,0.10,0.00,0.12,0.02,0.13,0.25,0.18
 "06000" ,"California",8,SAGDP11N,"Contributions to percent change in real GDP","Percentage points",90,"...","Private goods-producing industries 2/",1.94,2.82,3.69,-1.39,-0.65,1.63,1.46,1.64,0.99,0.33,0.07,-0.83,-0.80,-0.94,0.63,0.91,0.71,0.85,0.57,0.32
 "06000" ,"California",8,SAGDP11N,"Contributions to percent change in real GDP","Percentage points",91,"...","Private services-providing industries 3/",4.34,4.56,3.75,0.58,2.80,2.90,2.73,2.91,3.00,0.86,0.06,-2.77,2.53,2.51,2.11,2.60,3.04,3.82,2.21,2.53
"Note: See the included footnote file."
"SAGDP11N: Contributions to percent change in real GDP 1/"
"Last updated: November 14, 2018; revised statistics for 1997-2017."
"Source: U.S. Department of Commerce / Bureau of Economic Analysis / Regional Economic Accounts"
