GeoFIPS,GeoName,Region,TableName,ComponentName,Unit,IndustryId,IndustryClassification,Description,1997,1998,1999,2000,2001,2002,2003,2004,2005,2006,2007,2008,2009,2010,2011,2012,2013,2014,2015,2016,2017
 "09000" ,"Connecticut",1,SAGDP2N,"Gross domestic product (GDP) by state","Millions of current dollars",1,"...","All industry total",138648.8,145495.4,152338.1,165898.7,173127.2,176208.2,181339.7,198662.4,208766.2,222889.1,237542.7,240910.9,236393.2,237653.4,236523.7,243801.0,246632.0,248954.2,259776.0,263239.9,264509.9
 "09000" ,"Connecticut",1,SAGDP2N,"Gross domestic product (GDP) by state","Millions of current dollars",2,"..."," Private industries",125375.5,131596.9,137485.8,150090.6,156086.0,158194.2,162788.2,179061.9,187767.5,201109.1,214435.7,216746.8,212747.3,213620.3,212227.0,219550.6,221583.2,223186.5,232881.8,236289.2,237200.5
 "09000" ,"Connecticut",1,SAGDP2N,"Gross domestic product (GDP) by state","Millions of current dollars",3,"11","  Agriculture, forestry, fishing, and hunting",298.9,316.0,324.4,384.9,356.2,321.9,334.6,379.7,366.7,352.3,377.1,385.1,353.8,375.2,375.6,409.3,427.0,353.8,378.4,318.3,317.6
 "09000" ,"Connecticut",1,SAGDP2N,"Gross domestic product (GDP) by state","Millions of current dollars",4,"111-112","   Farms",235.8,252.9,258.5,305.9,280.3,252.4,268.2,315.9,304.7,277.2,311.5,322.0,295.6,317.0,326.4,358.6,378.4,294.0,311.3,251.2,(NA)
 "09000" ,"Connecticut",1,SAGDP2N,"Gross domestic product (GDP) by state","Millions of current dollars",5,"113-115","   Forestry, fishing, and related activities",63.1,63.1,65.9,79.0,76.0,69.5,66.4,63.9,62.0,75.1,65.6,63.1,58.2,58.2,49.3,50.7,48.6,59.8,67.1,67.1,(NA)
 "09000" ,"Connecticut",1,SAGDP2N,"Gross domestic product (GDP) by state","Millions of current dollars",6,"21","  Mining, quarrying, and oil and gas extraction",61.3,79.1,79.0,90.8,98.1,99.5,114.4,114.0,120.0,151.4,162.2,124.6,109.6,152.8,131.5,155.9,145.9,169.7,240.3,329.1,217.5
 "09000" ,"Connecticut",1,SAGDP2N,"Gross domestic product (GDP) by state","Millions of current dollars",7,"211","   Oil and gas extraction",0.9,0.6,0.4,0.5,0.0,0.0,0.0,0.5,0.6,0.2,0.1,0.1,(L),0.0,0.0,0.0,0.0,0.0,0.0,0.0,(NA)
 "09000" ,"Connecticut",1,SAGDP2N,"Gross domestic product (GDP) by state","Millions of current dollars",8,"212","   Mining (except oil and gas)",57.4,75.3,74.7,85.4,93.2,94.7,110.5,109.1,117.2,145.9,158.4,119.0,105.9,146.3,122.0,148.2,138.0,160.7,234.1,325.7,(NA)
 "09000" ,"Connecticut",1,SAGDP2N,"Gross domestic product (GDP) by state","Millions of current dollars",9,"213","   Support activities for mining",3.0,3.3,3.9,4.8,4.9,4.9,3.9,4.4,2.1,5.3,3.8,5.5,3.7,6.5,9.6,7.8,7.8,8.9,6.2,3.4,(NA)
 "09000" ,"Connecticut",1,SAGDP2N,"Gross domestic product (GDP) by state","Millions of current dollars",10,"22","  Utilities",2725.8,2625.4,2846.4,2807.0,2731.8,2530.4,2761.0,3123.3,3655.1,4042.8,4324.3,4690.4,4929.2,4611.4,4345.7,4791.6,4859.2,5190.7,4714.7,4299.5,3993.0
 "09000" ,"Connecticut",1,SAGDP2N,"Gross domestic product (GDP) by state","Millions of current dollars",11,"23","  Construction",4207.0,4505.8,4893.5,5506.7,5827.9,5628.4,5942.6,6793.5,7460.2,7996.7,8337.5,7523.8,6974.4,6488.0,6388.9,6630.3,6662.7,6881.1,7396.5,7779.9,8026.9
 "09000" ,"Connecticut",1,SAGDP2N,"Gross domestic product (GDP) by state","Millions of current dollars",12,"31-33","  Manufacturing",21747.8,22058.7,22841.1,23223.6,23662.8,25948.8,26306.3,30826.6,31568.2,37562.9,38609.0,38748.4,28799.8,29111.8,28352.8,28980.0,30232.2,29205.0,29856.3,27676.3,28435.8
 "09000" ,"Connecticut",1,SAGDP2N,"Gross domestic product (GDP) by state","Millions of current dollars",13,"321,327-339","   Durable goods manufacturing",15012.0,15127.3,14657.8,14845.2,15049.9,13761.4,14704.9,14804.5,15707.8,16849.1,17223.7,17729.5,17827.7,19829.6,19398.6,20446.4,21076.5,20306.6,21007.0,19811.5,20358.4
 "09000" ,"Connecticut",1,SAGDP2N,"Gross domestic product (GDP) by state","Millions of current dollars",14,"321","    Wood product manufacturing",82.3,81.7,70.5,52.6,72.8,96.7,85.3,80.4,88.2,95.6,98.1,101.0,73.0,50.9,58.2,68.4,82.8,81.4,91.4,94.2,(NA)
 "09000" ,"Connecticut",1,SAGDP2N,"Gross domestic product (GDP) by state","Millions of current dollars",15,"327","    Nonmetallic mineral product manufacturing",238.1,209.7,306.8,285.5,250.4,204.0,179.9,205.7,213.9,190.8,245.6,244.0,196.3,189.6,221.4,252.2,214.5,230.2,247.4,262.6,(NA)
 "09000" ,"Connecticut",1,SAGDP2N,"Gross domestic product (GDP) by state","Millions of current dollars",16,"331","    Primary metal manufacturing",520.2,488.1,477.7,443.8,399.5,419.7,216.4,413.5,364.6,462.2,492.0,479.6,387.0,434.8,499.6,474.3,471.3,428.6,374.2,389.1,(NA)
 "09000" ,"Connecticut",1,SAGDP2N,"Gross domestic product (GDP) by state","Millions of current dollars",17,"332","    Fabricated metal product manufacturing",3030.8,3183.6,2961.6,2947.9,2509.8,2525.4,2469.5,2762.0,3157.8,3095.6,3255.3,3249.8,2932.4,3008.5,3244.4,3577.6,3939.0,3524.3,3691.5,3772.4,(NA)
 "09000" ,"Connecticut",1,SAGDP2N,"Gross domestic product (GDP) by state","Millions of current dollars",18,"333","    Machinery manufacturing",2429.9,2332.9,2368.5,2262.6,2746.0,2248.1,2059.7,2001.4,1960.0,2109.6,2127.5,2109.3,1848.7,1682.6,1529.2,1957.7,2176.7,2166.0,1926.0,1792.9,(NA)
 "09000" ,"Connecticut",1,SAGDP2N,"Gross domestic product (GDP) by state","Millions of current dollars",19,"334","    Computer and electronic product manufacturing",1612.5,1547.4,1386.2,1744.2,1365.0,1182.2,1211.4,1157.2,1227.0,1263.8,1286.5,1447.6,1586.1,1700.6,1649.0,1720.7,1880.9,2187.7,2065.2,1909.1,(NA)
 "09000" ,"Connecticut",1,SAGDP2N,"Gross domestic product (GDP) by state","Millions of current dollars",20,"335","    Electrical equipment, appliance, and component manufacturing",1443.2,1281.8,1118.5,1335.7,1334.3,1255.7,1604.0,1190.5,1328.8,1474.9,1217.9,1708.5,1747.4,1688.0,1737.8,1717.7,1958.0,1819.3,1515.2,1450.8,(NA)
 "09000" ,"Connecticut",1,SAGDP2N,"Gross domestic product (GDP) by state","Millions of current dollars",21,"3361-3363","    Motor vehicles, bodies and trailers, and parts manufacturing",465.1,516.1,517.0,538.9,482.7,474.8,468.9,529.6,473.8,484.9,426.8,361.3,167.7,328.0,391.0,386.8,415.9,438.8,485.2,452.8,(NA)
 "09000" ,"Connecticut",1,SAGDP2N,"Gross domestic product (GDP) by state","Millions of current dollars",22,"3364-3369","    Other transportation equipment manufacturing",3115.4,3220.9,2829.7,3335.0,4064.1,3986.8,5011.0,5063.5,5406.7,6145.5,6463.7,6441.4,7143.8,8581.9,7872.5,8303.3,7525.2,6888.5,8261.2,7070.5,(NA)
 "09000" ,"Connecticut",1,SAGDP2N,"Gross domestic product (GDP) by state","Millions of current dollars",23,"337","    Furniture and related product manufacturing",151.2,172.6,166.4,206.4,202.5,183.1,158.3,172.5,195.3,223.4,228.6,190.5,164.4,158.8,159.6,161.9,171.0,184.0,181.9,198.4,(NA)
 "09000" ,"Connecticut",1,SAGDP2N,"Gross domestic product (GDP) by state","Millions of current dollars",24,"339","    Miscellaneous manufacturing",1923.4,2092.7,2454.8,1692.6,1622.9,1185.0,1240.5,1228.2,1291.7,1302.8,1381.7,1396.5,1580.8,2005.9,2035.8,1825.8,2241.2,2357.8,2167.8,2418.6,(NA)
 "09000" ,"Connecticut",1,SAGDP2N,"Gross domestic product (GDP) by state","Millions of current dollars",25,"311-316,322-326","   Nondurable goods manufacturing",6735.8,6931.5,8183.4,8378.4,8612.9,12187.4,11601.4,16022.0,15860.4,20713.8,21385.2,21019.0,10972.1,9282.2,8954.3,8533.6,9155.7,8898.5,8849.3,7864.8,8077.4
 "09000" ,"Connecticut",1,SAGDP2N,"Gross domestic product (GDP) by state","Millions of current dollars",26,"311-312","    Food and beverage and tobacco products manufacturing",893.3,951.5,1109.0,1241.2,1255.4,1478.4,1582.2,1342.7,1661.9,1832.6,1592.8,1302.0,1375.7,1232.1,1212.8,1257.8,1427.8,1341.8,1479.6,1463.2,(NA)
 "09000" ,"Connecticut",1,SAGDP2N,"Gross domestic product (GDP) by state","Millions of current dollars",27,"313-314","    Textile mills and textile product mills",168.3,166.9,188.9,183.7,160.6,116.2,94.4,107.6,142.2,155.7,195.9,201.2,135.7,131.8,123.7,125.6,133.9,173.9,178.2,205.5,(NA)
 "09000" ,"Connecticut",1,SAGDP2N,"Gross domestic product (GDP) by state","Millions of current dollars",28,"315-316","    Apparel, leather, and allied product manufacturing",277.2,242.9,130.0,149.0,113.4,94.0,116.6,178.6,114.0,57.0,114.0,97.3,43.3,43.8,65.9,73.9,86.4,89.7,99.4,103.9,(NA)
 "09000" ,"Connecticut",1,SAGDP2N,"Gross domestic product (GDP) by state","Millions of current dollars",29,"322","    Paper manufacturing",887.7,880.8,955.6,866.7,787.3,725.6,808.3,711.6,642.1,660.0,591.3,546.8,572.3,380.2,479.0,435.0,545.7,471.6,419.2,310.4,(NA)
 "09000" ,"Connecticut",1,SAGDP2N,"Gross domestic product (GDP) by state","Millions of current dollars",30,"323","    Printing and related support activities",604.8,608.0,621.4,658.5,574.8,546.2,566.0,597.6,608.9,659.2,630.1,585.8,501.4,535.2,544.0,471.7,444.9,441.5,472.8,481.6,(NA)
 "09000" ,"Connecticut",1,SAGDP2N,"Gross domestic product (GDP) by state","Millions of current dollars",31,"324","    Petroleum and coal products manufacturing",90.1,103.9,76.2,73.1,67.1,110.4,144.3,160.3,114.1,97.6,107.1,149.4,140.4,139.3,138.3,170.7,193.9,290.2,223.0,180.2,(NA)
 "09000" ,"Connecticut",1,SAGDP2N,"Gross domestic product (GDP) by state","Millions of current dollars",32,"325","    Chemical manufacturing",3228.1,3376.5,4473.4,4556.8,5069.0,8497.4,7661.2,12347.2,11982.7,16630.5,17557.2,17615.0,7689.9,6284.1,5835.9,5343.7,5725.4,5598.4,5362.7,4529.3,(NA)
 "09000" ,"Connecticut",1,SAGDP2N,"Gross domestic product (GDP) by state","Millions of current dollars",33,"326","    Plastics and rubber products manufacturing",586.2,601.0,628.9,649.4,585.3,619.3,628.4,576.5,594.6,621.1,596.8,521.6,513.4,535.6,554.8,655.3,597.8,491.4,614.4,590.6,(NA)
 "09000" ,"Connecticut",1,SAGDP2N,"Gross domestic product (GDP) by state","Millions of current dollars",34,"42","  Wholesale trade",7888.8,8229.1,8263.1,9057.8,9101.7,8882.9,9319.6,9987.4,11129.4,12232.2,12945.5,13876.0,13411.5,14373.7,14847.5,16059.6,16506.0,16858.3,17738.4,17496.2,17627.4
 "09000" ,"Connecticut",1,SAGDP2N,"Gross domestic product (GDP) by state","Millions of current dollars",35,"44-45","  Retail trade",8894.3,9453.1,9787.4,10387.6,10846.7,11063.1,11488.6,11609.3,11968.5,11748.5,11714.5,11437.2,11263.5,11353.1,11729.9,12464.1,12705.9,12924.0,13229.4,13223.6,13284.5
 "09000" ,"Connecticut",1,SAGDP2N,"Gross domestic product (GDP) by state","Millions of current dollars",36,"48-49","  Transportation and warehousing",2308.4,2457.1,2514.2,2755.5,2707.3,2721.0,2977.8,3206.9,3388.8,3595.9,4108.3,4027.6,3777.4,3625.9,3728.4,3838.8,3930.0,4190.1,4852.8,4628.0,4416.0
 "09000" ,"Connecticut",1,SAGDP2N,"Gross domestic product (GDP) by state","Millions of current dollars",37,"481","   Air transportation",163.3,176.0,188.2,196.5,153.8,184.2,193.5,217.7,248.2,272.5,390.9,339.8,317.7,347.1,377.2,395.4,369.8,400.6,440.2,462.9,(NA)
 "09000" ,"Connecticut",1,SAGDP2N,"Gross domestic product (GDP) by state","Millions of current dollars",38,"482","   Rail transportation",33.2,45.1,49.8,48.5,51.2,33.1,37.1,28.8,17.9,22.8,29.6,37.1,37.8,19.7,39.7,46.8,50.0,48.8,55.2,58.2,(NA)
 "09000" ,"Connecticut",1,SAGDP2N,"Gross domestic product (GDP) by state","Millions of current dollars",39,"483","   Water transportation",167.3,206.7,228.0,306.7,320.3,266.0,311.6,265.6,192.1,242.9,703.2,505.6,485.2,288.4,297.8,247.6,244.8,271.8,459.5,279.0,(NA)
 "09000" ,"Connecticut",1,SAGDP2N,"Gross domestic product (GDP) by state","Millions of current dollars",40,"484","   Truck transportation",524.2,548.4,583.9,644.0,645.0,627.2,628.0,645.0,671.2,692.9,675.8,659.6,596.1,614.2,673.0,687.2,692.1,732.1,782.1,811.6,(NA)
 "09000" ,"Connecticut",1,SAGDP2N,"Gross domestic product (GDP) by state","Millions of current dollars",41,"485","   Transit and ground passenger transportation",409.9,423.0,460.9,484.1,495.9,519.6,557.8,604.5,619.8,664.2,659.9,712.8,710.8,738.0,784.0,837.4,871.3,924.1,973.4,867.6,(NA)
 "09000" ,"Connecticut",1,SAGDP2N,"Gross domestic product (GDP) by state","Millions of current dollars",42,"486","   Pipeline transportation",24.4,53.3,36.3,26.3,22.9,28.3,36.9,38.3,36.7,37.4,41.6,53.7,56.9,82.9,71.1,107.8,197.6,208.9,385.5,336.3,(NA)
 "09000" ,"Connecticut",1,SAGDP2N,"Gross domestic product (GDP) by state","Millions of current dollars",43,"487-488, 492","   Other transportation and support activities",658.2,658.8,641.7,720.1,739.4,766.1,812.5,944.7,1058.3,1098.1,1022.1,1122.6,945.0,919.5,881.9,910.1,927.3,1018.1,1111.5,1127.6,(NA)
 "09000" ,"Connecticut",1,SAGDP2N,"Gross domestic product (GDP) by state","Millions of current dollars",44,"493","   Warehousing and storage",328.0,345.9,325.3,329.1,278.8,296.5,400.5,462.3,544.6,565.1,585.4,596.5,627.7,616.1,603.7,606.5,577.1,585.7,645.5,684.7,(NA)
 "09000" ,"Connecticut",1,SAGDP2N,"Gross domestic product (GDP) by state","Millions of current dollars",45,"51","  Information",5989.9,6381.3,6658.6,6235.1,6613.7,6916.2,7254.1,7828.7,8604.0,8998.5,10236.2,10793.3,10568.4,10526.6,10413.6,10056.0,11576.5,11542.4,13053.1,13622.0,13196.8
 "09000" ,"Connecticut",1,SAGDP2N,"Gross domestic product (GDP) by state","Millions of current dollars",46,"511","   Publishing industries (except Internet)",1787.7,1872.6,2322.7,1853.8,1751.5,1918.8,1925.4,1944.8,2055.5,1822.5,2236.8,2260.3,1985.2,1906.4,2027.7,1908.8,2258.7,2247.8,2357.5,2594.4,(NA)
 "09000" ,"Connecticut",1,SAGDP2N,"Gross domestic product (GDP) by state","Millions of current dollars",47,"512","   Motion picture and sound recording industries",242.5,345.6,394.3,340.8,516.4,486.1,409.6,458.8,301.5,324.1,728.1,712.9,1104.1,1094.5,1020.3,1091.9,1438.6,1347.0,1581.1,1555.0,(NA)
 "09000" ,"Connecticut",1,SAGDP2N,"Gross domestic product (GDP) by state","Millions of current dollars",48,"515, 517","   Broadcasting (except Internet) and telecommunications",3418.0,3612.8,3474.9,3697.8,3796.4,3687.4,4133.5,4591.2,5416.5,5916.6,6506.6,6521.6,5922.9,5804.8,5639.1,5745.0,6541.2,6750.6,7584.5,7768.8,(NA)
 "09000" ,"Connecticut",1,SAGDP2N,"Gross domestic product (GDP) by state","Millions of current dollars",49,"518, 519","   Data processing, hosting, and other information services",541.8,550.2,466.7,342.7,549.4,823.9,785.5,833.9,830.5,935.3,764.6,1298.4,1556.2,1720.9,1726.5,1310.4,1338.0,1197.0,1530.1,1703.9,(NA)
 "09000" ,"Connecticut",1,SAGDP2N,"Gross domestic product (GDP) by state","Millions of current dollars",50,"52, 53","  Finance, insurance, real estate, rental, and leasing",36812.7,39360.2,40725.6,47474.7,50785.9,49591.1,49843.8,56521.3,58956.3,61251.8,67125.4,65340.1,73204.3,72463.9,69960.1,70261.1,68002.2,66964.4,70773.6,74535.2,73479.1
 "09000" ,"Connecticut",1,SAGDP2N,"Gross domestic product (GDP) by state","Millions of current dollars",51,"52","   Finance and insurance",18097.1,20368.0,20263.5,25677.0,26351.5,23943.9,24885.5,29445.8,30424.3,33354.2,36959.8,30032.2,34869.0,33640.9,31214.3,33269.7,31942.3,31460.3,34806.8,37187.2,35718.7
 "09000" ,"Connecticut",1,SAGDP2N,"Gross domestic product (GDP) by state","Millions of current dollars",52,"521-522","    Monetary Authorities- central bank, credit intermediation, and related services",3011.5,3610.7,4205.2,4889.6,5293.8,5859.0,5737.7,5450.7,5296.8,4924.4,4796.4,5191.8,4701.2,4476.2,4884.9,5579.2,5241.7,5658.8,6011.0,6159.3,(NA)
 "09000" ,"Connecticut",1,SAGDP2N,"Gross domestic product (GDP) by state","Millions of current dollars",53,"523","    Securities, commodity contracts, and other financial investments and related activities",4037.7,4172.8,4425.5,4733.0,7104.8,6543.0,6161.4,6722.0,8847.7,10091.0,8757.9,4497.6,8114.4,9189.1,8063.6,10567.0,10328.6,8780.4,8693.4,10260.3,(NA)
 "09000" ,"Connecticut",1,SAGDP2N,"Gross domestic product (GDP) by state","Millions of current dollars",54,"524","    Insurance carriers and related activities",10936.6,12375.1,11307.4,15690.2,13463.7,10848.5,11958.2,16236.7,15042.6,17045.2,21231.2,17937.3,20393.2,19264.9,18071.9,16921.2,16317.2,16724.7,19972.8,20703.1,(NA)
 "09000" ,"Connecticut",1,SAGDP2N,"Gross domestic product (GDP) by state","Millions of current dollars",55,"525","    Funds, trusts, and other financial vehicles",111.4,209.4,325.4,364.3,489.2,693.3,1028.2,1036.4,1237.2,1293.6,2174.3,2405.6,1660.1,710.7,193.8,202.3,54.7,296.4,129.6,64.4,(NA)
 "09000" ,"Connecticut",1,SAGDP2N,"Gross domestic product (GDP) by state","Millions of current dollars",56,"53","   Real estate and rental and leasing",18715.6,18992.2,20462.1,21797.7,24434.4,25647.2,24958.3,27075.5,28532.0,27897.7,30165.5,35307.9,38335.3,38823.0,38745.8,36991.4,36060.0,35504.1,35966.8,37348.1,37760.4
 "09000" ,"Connecticut",1,SAGDP2N,"Gross domestic product (GDP) by state","Millions of current dollars",57,"531","    Real estate",17497.5,17519.9,18553.9,19478.9,21322.7,22440.3,23185.5,23926.2,25162.5,25377.7,27289.3,29589.2,31000.7,32041.0,33037.0,33430.6,33434.7,33448.0,33538.3,33913.9,(NA)
 "09000" ,"Connecticut",1,SAGDP2N,"Gross domestic product (GDP) by state","Millions of current dollars",58,"532-533","    Rental and leasing services and lessors of nonfinancial intangible assets",1218.0,1472.2,1908.3,2318.8,3111.7,3206.8,1772.8,3149.3,3369.5,2520.0,2876.2,5718.7,7334.6,6782.1,5708.9,3560.8,2625.2,2056.2,2428.5,3434.2,(NA)
 "09000" ,"Connecticut",1,SAGDP2N,"Gross domestic product (GDP) by state","Millions of current dollars",59,"54, 55, 56","  Professional and business services",15714.6,17110.6,18282.4,20229.5,20673.2,20271.5,21164.4,22019.1,22881.8,24129.2,26473.3,27800.5,25706.9,26022.1,26636.0,28680.5,28956.0,30602.8,31530.2,32038.8,32547.7
 "09000" ,"Connecticut",1,SAGDP2N,"Gross domestic product (GDP) by state","Millions of current dollars",60,"54","   Professional, scientific, and technical services",9143.2,9721.1,10507.0,11637.3,12354.0,12360.3,12618.3,12971.9,13298.4,13754.3,14691.7,16194.7,15063.5,15047.5,15426.9,15881.0,15879.9,16909.8,17461.6,17847.2,18380.6
 "09000" ,"Connecticut",1,SAGDP2N,"Gross domestic product (GDP) by state","Millions of current dollars",61,"5411","    Legal services",1385.9,1506.6,1630.7,1762.9,1904.6,1990.5,2234.2,2446.7,2501.5,2507.8,2665.9,2928.0,2524.7,2435.0,2520.2,2543.9,2575.3,2672.1,2722.9,2860.7,(NA)
 "09000" ,"Connecticut",1,SAGDP2N,"Gross domestic product (GDP) by state","Millions of current dollars",62,"5415","    Computer systems design and related services",1756.5,2076.1,2238.9,2595.3,2561.9,2124.7,2217.7,2204.3,2385.8,2533.8,2867.7,3081.3,3072.5,3160.5,3479.0,3723.9,3668.1,3973.2,4082.3,4030.8,(NA)
 "09000" ,"Connecticut",1,SAGDP2N,"Gross domestic product (GDP) by state","Millions of current dollars",63,"5412-5414, 5416-5419","    Miscellaneous professional, scientific, and technical services",6000.7,6138.5,6637.3,7279.1,7887.6,8245.0,8166.4,8320.9,8411.0,8712.7,9158.1,10185.4,9466.4,9451.9,9427.7,9613.2,9636.6,10264.5,10656.5,10955.7,(NA)
 "09000" ,"Connecticut",1,SAGDP2N,"Gross domestic product (GDP) by state","Millions of current dollars",64,"55","   Management of companies and enterprises",3382.4,3997.8,4240.4,4693.4,4197.2,3774.3,4195.2,4405.0,4483.1,4950.5,5664.6,5327.7,5244.1,5300.5,5455.3,6437.5,6655.1,6903.8,6993.3,7039.5,6592.8
 "09000" ,"Connecticut",1,SAGDP2N,"Gross domestic product (GDP) by state","Millions of current dollars",65,"56","   Administrative and support and waste management and remediation services",3189.0,3391.7,3535.0,3898.7,4122.0,4136.9,4351.0,4642.1,5100.3,5424.4,6117.0,6278.1,5399.3,5674.2,5753.8,6362.0,6421.0,6789.2,7075.3,7152.0,7574.3
 "09000" ,"Connecticut",1,SAGDP2N,"Gross domestic product (GDP) by state","Millions of current dollars",66,"561","    Administrative and support services",2796.9,2989.6,3084.2,3375.6,3555.4,3534.4,3721.6,4022.3,4470.8,4830.3,5449.4,5600.8,4711.6,4838.2,5008.5,5640.2,5704.7,6015.1,6238.1,6237.2,(NA)
 "09000" ,"Connecticut",1,SAGDP2N,"Gross domestic product (GDP) by state","Millions of current dollars",67,"562","    Waste management and remediation services",392.1,402.1,450.9,523.2,566.6,602.4,629.4,619.9,629.5,594.0,667.5,677.3,687.7,835.9,745.3,721.8,716.2,774.1,837.3,914.8,(NA)
 "09000" ,"Connecticut",1,SAGDP2N,"Gross domestic product (GDP) by state","Millions of current dollars",68,"61, 62","  Educational services, health care, and social assistance",11441.6,11579.6,12242.0,13094.1,13978.0,14914.7,15796.5,16759.0,17345.9,18359.3,19334.5,21253.3,22629.8,23319.3,23828.3,24859.4,25221.3,25954.0,26129.4,26841.7,27527.9
 "09000" ,"Connecticut",1,SAGDP2N,"Gross domestic product (GDP) by state","Millions of current dollars",69,"61","   Educational services",2091.9,2132.4,2271.3,2483.4,2542.6,2674.6,2962.5,3230.5,3263.4,3506.0,3760.8,4220.5,4792.4,5036.1,5162.8,5393.9,5504.7,5799.0,5869.6,6006.1,6205.7
 "09000" ,"Connecticut",1,SAGDP2N,"Gross domestic product (GDP) by state","Millions of current dollars",70,"62","   Health care and social assistance",9349.7,9447.2,9970.7,10610.8,11435.4,12240.0,12834.0,13528.5,14082.5,14853.3,15573.7,17032.8,17837.4,18283.1,18665.4,19465.4,19716.6,20155.0,20259.8,20835.6,21322.3
 "09000" ,"Connecticut",1,SAGDP2N,"Gross domestic product (GDP) by state","Millions of current dollars",71,"621","    Ambulatory health care services",4244.7,4331.0,4579.4,4931.8,5344.6,5681.0,5840.5,6115.3,6336.2,6638.6,6856.3,7497.3,7886.4,8178.2,8393.7,8618.6,8821.2,9062.4,9294.7,9681.5,(NA)
 "09000" ,"Connecticut",1,SAGDP2N,"Gross domestic product (GDP) by state","Millions of current dollars",72,"622","    Hospitals",2747.7,2649.1,2709.0,2821.3,3079.7,3350.3,3609.0,3892.3,4062.6,4314.5,4616.3,5109.5,5393.0,5489.9,5683.2,6044.7,5994.2,6065.1,5835.6,5880.8,(NA)
 "09000" ,"Connecticut",1,SAGDP2N,"Gross domestic product (GDP) by state","Millions of current dollars",73,"623","    Nursing and residential care facilities",1708.3,1742.9,1868.1,1950.4,2013.4,2127.4,2242.1,2324.3,2394.2,2514.5,2617.3,2828.6,2918.9,2968.3,2966.6,3091.5,3115.7,3173.2,3186.9,3237.6,(NA)
 "09000" ,"Connecticut",1,SAGDP2N,"Gross domestic product (GDP) by state","Millions of current dollars",74,"624","    Social assistance",648.9,724.2,814.2,907.3,997.7,1081.3,1142.3,1196.5,1289.5,1385.8,1483.7,1597.4,1639.1,1646.7,1621.9,1710.6,1785.6,1854.3,1942.6,2035.8,(NA)
 "09000" ,"Connecticut",1,SAGDP2N,"Gross domestic product (GDP) by state","Millions of current dollars",75,"71, 72","  Arts, entertainment, recreation, accommodation, and food services",3971.4,4012.9,4429.2,4899.0,4977.3,5312.9,5536.0,5764.1,5915.3,6102.0,6065.3,6340.0,6664.7,6890.2,7177.7,7871.4,7816.6,7595.3,8106.2,8579.2,9009.8
 "09000" ,"Connecticut",1,SAGDP2N,"Gross domestic product (GDP) by state","Millions of current dollars",76,"71","   Arts, entertainment, and recreation",1318.3,1331.6,1434.7,1597.7,1601.6,1686.5,1860.5,1985.7,2054.3,2096.2,2018.1,2072.6,2215.6,2181.4,2261.0,2542.8,2461.8,2500.7,2372.9,2453.3,2562.1
 "09000" ,"Connecticut",1,SAGDP2N,"Gross domestic product (GDP) by state","Millions of current dollars",77,"711-712","    Performing arts, spectator sports, museums, and related activities",750.2,801.5,864.5,982.8,1065.6,1109.1,1227.0,1216.8,1235.9,1251.8,1094.9,1153.0,1269.1,1268.1,1326.5,1512.6,1498.1,1467.0,1323.6,1262.3,(NA)
 "09000" ,"Connecticut",1,SAGDP2N,"Gross domestic product (GDP) by state","Millions of current dollars",78,"713","    Amusement, gambling, and recreation industries",568.1,530.1,570.2,614.9,536.0,577.4,633.5,768.9,818.4,844.4,923.2,919.5,946.5,913.3,934.5,1030.1,963.7,1033.8,1049.3,1191.0,(NA)
 "09000" ,"Connecticut",1,SAGDP2N,"Gross domestic product (GDP) by state","Millions of current dollars",79,"72","   Accommodation and food services",2653.1,2681.3,2994.5,3301.3,3375.7,3626.5,3675.4,3778.5,3861.0,4005.8,4047.3,4267.4,4449.0,4708.9,4916.7,5328.7,5354.8,5094.6,5733.3,6125.9,6447.7
 "09000" ,"Connecticut",1,SAGDP2N,"Gross domestic product (GDP) by state","Millions of current dollars",80,"721","    Accommodation",481.4,487.4,517.2,575.5,560.9,583.5,567.1,625.6,726.5,748.7,747.0,843.9,774.6,856.1,991.3,1178.2,1150.7,900.8,1286.0,1443.2,(NA)
 "09000" ,"Connecticut",1,SAGDP2N,"Gross domestic product (GDP) by state","Millions of current dollars",81,"722","    Food services and drinking places",2171.6,2193.9,2477.3,2725.8,2814.8,3043.0,3108.3,3152.9,3134.5,3257.2,3300.3,3423.5,3674.4,3852.8,3925.4,4150.5,4204.2,4193.8,4447.4,4682.7,(NA)
 "09000" ,"Connecticut",1,SAGDP2N,"Gross domestic product (GDP) by state","Millions of current dollars",82,"81","  Other services (except government and government enterprises)",3313.0,3428.1,3599.0,3944.4,3725.3,3991.8,3948.5,4129.0,4407.3,4585.6,4622.8,4406.3,4354.0,4306.1,4310.8,4492.4,4541.8,4754.9,4882.4,4921.4,5120.4
 "09000" ,"Connecticut",1,SAGDP2N,"Gross domestic product (GDP) by state","Millions of current dollars",83,"..."," Government and government enterprises",13273.3,13898.5,14852.2,15808.0,17041.2,18014.0,18551.5,19600.5,20998.7,21780.1,23106.9,24164.1,23645.9,24033.2,24296.7,24250.4,25048.8,25767.6,26894.2,26950.6,27309.4
 "09000" ,"Connecticut",1,SAGDP2N,"Gross domestic product (GDP) by state","Millions of current dollars",84,"...","  Federal civilian",1703.0,1720.7,1786.8,1918.6,1881.2,1963.1,2021.9,2128.8,2142.8,2214.3,2294.4,2450.4,2457.4,2489.6,2430.8,2467.3,2470.2,2614.2,2786.0,2827.0,(NA)
 "09000" ,"Connecticut",1,SAGDP2N,"Gross domestic product (GDP) by state","Millions of current dollars",85,"...","  Military",810.6,765.5,743.9,765.6,784.9,924.5,1155.0,1520.6,1967.6,2315.4,2570.3,2764.1,2800.6,2748.0,2650.1,2691.0,2780.0,2826.9,2919.0,2980.1,(NA)
 "09000" ,"Connecticut",1,SAGDP2N,"Gross domestic product (GDP) by state","Millions of current dollars",86,"...","  State and local",10759.7,11412.3,12321.5,13123.8,14375.1,15126.5,15374.6,15951.1,16888.3,17250.4,18242.2,18949.5,18387.9,18795.6,19215.8,19092.2,19798.7,20326.6,21189.2,21143.5,(NA)
 "09000" ,"Connecticut",1,SAGDP2N,"Gross domestic product (GDP) by state","Millions of current dollars",87,"11, 21","Natural resources and mining",360.2,395.1,403.4,475.7,454.4,421.5,449.0,493.7,486.6,503.7,539.3,509.7,463.4,528.0,507.2,565.3,572.9,523.5,618.6,647.4,535.1
 "09000" ,"Connecticut",1,SAGDP2N,"Gross domestic product (GDP) by state","Millions of current dollars",88,"42, 44-45","Trade",16783.1,17682.2,18050.5,19445.4,19948.4,19946.0,20808.2,21596.6,23097.9,23980.7,24659.9,25313.2,24675.0,25726.9,26577.4,28523.7,29211.9,29782.3,30967.8,30719.8,30911.9
 "09000" ,"Connecticut",1,SAGDP2N,"Gross domestic product (GDP) by state","Millions of current dollars",89,"...","Transportation and utilities",5034.2,5082.5,5360.5,5562.5,5439.1,5251.4,5738.8,6330.3,7043.9,7638.7,8432.5,8718.0,8706.6,8237.4,8074.1,8630.4,8789.1,9380.8,9567.5,8927.4,8409.0
 "09000" ,"Connecticut",1,SAGDP2N,"Gross domestic product (GDP) by state","Millions of current dollars",90,"...","Private goods-producing industries 2/",26315.0,26959.6,28138.0,29205.9,29945.1,31998.7,32697.8,38113.8,39515.0,46063.2,47485.8,46782.0,36237.6,36127.8,35248.9,36175.6,37467.8,36609.6,37871.4,36103.6,36997.8
 "09000" ,"Connecticut",1,SAGDP2N,"Gross domestic product (GDP) by state","Millions of current dollars",91,"...","Private services-providing industries 3/",99060.5,104637.3,109347.8,120884.7,126140.9,126195.5,130090.3,140948.1,148252.5,155045.8,166949.9,169964.9,176509.7,177492.5,176978.0,183375.0,184115.4,186576.9,195010.4,200185.6,200202.7
"Note: See the included footnote file."
"SAGDP2N: Gross domestic product (GDP) by state 1/"
"Last updated: November 14, 2018; revised statistics for 1997-2017."
"Source: U.S. Department of Commerce / Bureau of Economic Analysis / Regional Economic Accounts"
