GeoFIPS,GeoName,Region,TableName,ComponentName,Unit,IndustryId,IndustryClassification,Description,1963,1964,1965,1966,1967,1968,1969,1970,1971,1972,1973,1974,1975,1976,1977,1978,1979,1980,1981,1982,1983,1984,1985,1986,1987,1988,1989,1990,1991,1992,1993,1994,1995,1996,1997
 "10000" ,"Delaware",2,SAGDP3S,"Taxes on production and imports less subsidies","Thousands of dollars",1,"...","All industry total",139785,156117,165607,161857,178290,210573,218143,234355,261814,242548,276374,294582,306635,315344,310950,341435,369218,403002,433904,467847,498378,569010,665329,694095,799155,872000,958343,1014313,1114772,1247716,1253568,1384519,1437422,1531641,1543837
 "10000" ,"Delaware",2,SAGDP3S,"Taxes on production and imports less subsidies","Thousands of dollars",2,"..."," Private industries",140787,157192,166785,163124,179664,212072,219825,236262,263984,245035,279004,297844,310283,319153,315574,346967,376298,412040,445165,481501,513245,584171,680246,710090,813457,888799,976412,1034752,1138214,1272890,1283525,1414542,1472780,1569809,1577811
 "10000" ,"Delaware",2,SAGDP3S,"Taxes on production and imports less subsidies","Thousands of dollars",3,"A","   Agriculture, forestry, and fishing",-988,-1922,-2959,-3601,-3810,-3776,-6100,-3809,-2741,-4395,-2185,2402,2275,2812,1241,177,1311,2177,1022,-799,-15972,-12992,-12971,-28736,-34086,-41074,-30215,-16903,-14224,-12517,-21294,-10282,-7598,-6973,-5494
 "10000" ,"Delaware",2,SAGDP3S,"Taxes on production and imports less subsidies","Thousands of dollars",4,"[01-02]","     Farms",-1427,-2226,-2959,-3601,-3894,-3990,-6331,-4170,-3236,-4896,-2946,1693,1404,1906,-254,-1531,39,1136,343,-1136,-16349,-13427,-13437,-29339,-34705,-41787,-30863,-17603,-14976,-13343,-22182,-11286,-8822,-8344,-6908
 "10000" ,"Delaware",2,SAGDP3S,"Taxes on production and imports less subsidies","Thousands of dollars",5,"[07-09]","     Agricultural services, forestry, and fishing",439,304,0,0,84,214,232,361,495,501,761,710,871,906,1495,1707,1272,1041,679,338,377,436,466,602,620,713,647,700,752,827,888,1004,1224,1372,1414
 "10000" ,"Delaware",2,SAGDP3S,"Taxes on production and imports less subsidies","Thousands of dollars",6,"B","   Mining",95,97,110,131,150,132,166,152,248,400,523,579,419,472,716,722,458,312,308,409,503,577,659,654,409,600,504,531,520,672,615,746,908,1037,872
 "10000" ,"Delaware",2,SAGDP3S,"Taxes on production and imports less subsidies","Thousands of dollars",7,"10","     Metal mining",0,0,0,0,0,0,0,0,0,0,0,0,0,0,0,0,0,0,0,87,154,206,289,351,338,328,315,327,345,435,584,716,859,982,793
 "10000" ,"Delaware",2,SAGDP3S,"Taxes on production and imports less subsidies","Thousands of dollars",8,"12","     Coal mining",0,0,0,0,0,0,0,0,0,0,0,0,0,0,0,0,0,0,0,0,0,0,0,0,0,0,0,0,0,0,0,0,0,0,0
 "10000" ,"Delaware",2,SAGDP3S,"Taxes on production and imports less subsidies","Thousands of dollars",9,"13","     Oil and gas extraction",42,30,23,24,14,0,1,1,3,110,212,391,367,431,664,668,398,252,247,271,300,322,333,269,32,231,157,176,147,210,0,1,0,0,23
 "10000" ,"Delaware",2,SAGDP3S,"Taxes on production and imports less subsidies","Thousands of dollars",10,"14","     Nonmetallic minerals, except fuels",53,67,86,107,136,132,165,151,245,290,311,188,52,41,52,54,60,60,61,51,49,49,37,34,38,41,31,29,29,27,31,29,50,55,56
 "10000" ,"Delaware",2,SAGDP3S,"Taxes on production and imports less subsidies","Thousands of dollars",11,"C","   Construction",1574,1624,1951,2011,1964,2412,2853,3796,5116,6725,6739,6728,6762,7154,5964,6313,5368,4970,3822,3633,3902,4423,4641,5006,5662,6549,6470,6154,6641,7058,7030,7177,7578,8012,8135
 "10000" ,"Delaware",2,SAGDP3S,"Taxes on production and imports less subsidies","Thousands of dollars",12,"D","   Manufacturing",54653,65018,65628,55834,64103,82338,75599,76838,77887,40733,44663,41111,39517,40155,45601,47008,49973,51558,53748,58112,52200,61028,62292,49553,61824,72926,81885,111600,124715,134744,142892,152051,143369,133411,120876
 "10000" ,"Delaware",2,SAGDP3S,"Taxes on production and imports less subsidies","Thousands of dollars",13,"...","     Durable goods manufacturing",46042,55661,54377,43758,51025,67609,59289,58826,57941,18671,21025,16109,14571,14366,15235,17772,18684,19836,18133,15384,8857,9237,11193,9939,10364,11279,12951,12742,15069,19317,21448,21763,20435,19087,19511
 "10000" ,"Delaware",2,SAGDP3S,"Taxes on production and imports less subsidies","Thousands of dollars",14,"24","       Lumber and wood products",114,98,70,69,66,76,102,151,86,179,156,179,251,219,257,268,283,280,241,198,204,269,289,326,310,374,363,319,292,289,274,296,282,189,185
 "10000" ,"Delaware",2,SAGDP3S,"Taxes on production and imports less subsidies","Thousands of dollars",15,"25","       Furniture and fixtures",5,11,13,23,18,18,22,29,31,38,43,49,53,66,54,52,59,55,48,44,55,63,71,84,110,150,138,123,126,152,147,158,183,185,398
 "10000" ,"Delaware",2,SAGDP3S,"Taxes on production and imports less subsidies","Thousands of dollars",16,"32","       Stone, clay, and glass products",149,145,197,180,182,194,225,160,191,201,217,223,224,238,342,324,338,336,285,278,296,356,322,345,347,435,428,456,455,531,492,525,541,581,643
 "10000" ,"Delaware",2,SAGDP3S,"Taxes on production and imports less subsidies","Thousands of dollars",17,"33","       Primary metal industries",418,486,426,344,476,273,367,724,824,971,920,966,1083,1015,1045,1065,1079,1121,1004,1029,1076,1132,993,1038,582,623,899,963,999,1172,1431,1564,1718,2041,2269
 "10000" ,"Delaware",2,SAGDP3S,"Taxes on production and imports less subsidies","Thousands of dollars",18,"34","       Fabricated metal products",327,325,342,444,288,517,495,441,465,424,441,538,605,444,497,428,411,480,427,436,438,466,700,854,890,1161,848,782,829,945,897,944,1079,1262,1353
 "10000" ,"Delaware",2,SAGDP3S,"Taxes on production and imports less subsidies","Thousands of dollars",19,"35","       Industrial machinery and equipment",299,339,261,168,201,232,346,549,652,870,618,587,710,794,644,648,632,593,468,425,502,529,589,663,675,792,782,754,782,974,978,1061,1092,1131,1111
 "10000" ,"Delaware",2,SAGDP3S,"Taxes on production and imports less subsidies","Thousands of dollars",20,"36","       Electronic and other electric equipment 2/",143,125,89,48,43,46,47,62,75,79,86,105,142,168,330,261,221,254,224,183,221,297,329,364,343,378,400,408,422,476,449,497,512,700,739
 "10000" ,"Delaware",2,SAGDP3S,"Taxes on production and imports less subsidies","Thousands of dollars",21,"371","       Motor vehicles and equipment",44394,53914,52808,42358,49626,66122,57534,56521,55299,15506,18127,13068,11149,10925,11485,14106,14999,15906,14739,12015,4991,4781,6428,4874,5453,5569,6892,6594,8532,11705,12717,12530,9823,7368,7889
 "10000" ,"Delaware",2,SAGDP3S,"Taxes on production and imports less subsidies","Thousands of dollars",22,"372-379","       Other transportation equipment",30,31,37,30,22,21,21,23,115,149,155,125,88,93,80,84,89,120,100,82,96,97,96,85,82,97,88,129,190,181,191,221,153,128,99
 "10000" ,"Delaware",2,SAGDP3S,"Taxes on production and imports less subsidies","Thousands of dollars",23,"38","       Instruments and related products 2/",12,14,11,9,12,20,32,37,61,76,113,169,188,275,457,491,531,649,548,641,918,1163,1271,1224,1503,1626,2013,2093,2304,2734,3716,3774,4798,5195,4500
 "10000" ,"Delaware",2,SAGDP3S,"Taxes on production and imports less subsidies","Thousands of dollars",24,"39","       Miscellaneous manufacturing industries",151,174,121,86,91,89,98,129,141,179,151,100,78,129,44,45,43,43,49,53,60,84,105,82,70,72,100,119,136,158,155,195,255,307,326
 "10000" ,"Delaware",2,SAGDP3S,"Taxes on production and imports less subsidies","Thousands of dollars",25,"...","     Nondurable goods manufacturing",8611,9356,11251,12075,13078,14729,16310,18012,19946,22061,23638,25002,24946,25789,30366,29237,31289,31722,35614,42728,43343,51791,51099,39615,51459,61647,68933,98858,109647,115427,121444,130288,122935,114324,101365
 "10000" ,"Delaware",2,SAGDP3S,"Taxes on production and imports less subsidies","Thousands of dollars",26,"20","       Food and kindred products",829,1413,2214,2253,2373,2666,2467,2953,2765,3079,3782,4197,3649,3708,3853,3913,3979,3891,3639,3514,3201,3348,3458,3386,3082,3338,3684,4185,4214,5361,5350,5883,8377,9742,9348
 "10000" ,"Delaware",2,SAGDP3S,"Taxes on production and imports less subsidies","Thousands of dollars",27,"21","       Tobacco products",5,6,7,7,4,4,2,1,1,1,1,1,0,0,0,9,8,0,6,5,5,6,8,10,10,9,4,3,2,2,2,2,2,3,2
 "10000" ,"Delaware",2,SAGDP3S,"Taxes on production and imports less subsidies","Thousands of dollars",28,"22","       Textile mill products",202,153,132,169,150,211,227,122,222,256,208,178,84,121,136,125,114,106,86,79,84,115,115,158,169,201,228,328,365,381,404,426,529,721,830
 "10000" ,"Delaware",2,SAGDP3S,"Taxes on production and imports less subsidies","Thousands of dollars",29,"23","       Apparel and other textile products",261,237,281,330,532,508,600,60,168,201,266,322,252,197,158,138,129,123,110,98,78,88,97,101,105,116,121,129,225,274,298,285,310,315,330
 "10000" ,"Delaware",2,SAGDP3S,"Taxes on production and imports less subsidies","Thousands of dollars",30,"26","       Paper and allied products",51,54,67,80,84,92,103,120,127,147,154,209,274,370,1303,1258,1091,1122,1014,969,1019,1194,1297,1379,1305,1429,1474,1477,1390,1836,1911,2067,3769,3055,2308
 "10000" ,"Delaware",2,SAGDP3S,"Taxes on production and imports less subsidies","Thousands of dollars",31,"27","       Printing and publishing",110,129,108,112,125,126,146,156,199,193,232,273,330,360,474,429,406,414,337,349,342,457,570,635,696,817,1093,1540,1120,1403,1237,1206,1241,1424,1481
 "10000" ,"Delaware",2,SAGDP3S,"Taxes on production and imports less subsidies","Thousands of dollars",32,"28","       Chemicals and allied products",6164,6268,6995,7835,8756,9389,10696,12195,13734,14104,14463,15510,16363,16003,18832,18117,20028,20335,25374,32299,33276,37987,39512,27237,39537,48219,54191,82428,91061,94852,100975,109201,97950,90997,79111
 "10000" ,"Delaware",2,SAGDP3S,"Taxes on production and imports less subsidies","Thousands of dollars",33,"29","       Petroleum and coal products",620,699,1032,820,606,1228,1537,1823,2123,3365,3763,3577,3573,4418,4914,4661,4943,5170,4515,4920,4826,7953,5417,6039,5883,6663,7036,7729,10044,9853,9731,9592,8998,6320,6087
 "10000" ,"Delaware",2,SAGDP3S,"Taxes on production and imports less subsidies","Thousands of dollars",34,"30","       Rubber and miscellaneous plastics products",328,352,367,419,400,426,438,519,553,655,711,668,367,554,601,553,560,546,525,487,500,634,618,661,666,850,1093,1026,1214,1448,1521,1609,1749,1735,1856
 "10000" ,"Delaware",2,SAGDP3S,"Taxes on production and imports less subsidies","Thousands of dollars",35,"31","       Leather and leather products",40,46,47,51,47,79,93,64,54,61,58,67,53,58,95,36,32,16,8,6,11,9,6,8,8,5,10,13,11,17,15,15,9,13,12
 "10000" ,"Delaware",2,SAGDP3S,"Taxes on production and imports less subsidies","Thousands of dollars",36,"E","   Transportation and public utilities",12370,13212,13961,14120,15303,16146,18192,21201,25263,26893,29686,28616,22537,27709,23418,24874,24668,23169,23974,26764,30989,32044,40688,39840,41912,43380,45067,43566,51273,54565,60106,63671,66172,78138,74845
 "10000" ,"Delaware",2,SAGDP3S,"Taxes on production and imports less subsidies","Thousands of dollars",37,"...","     Transportation",3069,3258,3266,3206,3377,3124,3490,4030,3399,1756,1836,-254,-9107,-7626,-13325,-12952,-15936,-17771,-17640,-18675,-17540,-20803,-13078,-10084,-9131,-9966,-11391,-13490,-11742,-12136,-10125,-10060,-11818,-4377,-8637
 "10000" ,"Delaware",2,SAGDP3S,"Taxes on production and imports less subsidies","Thousands of dollars",38,"40","       Railroad transportation",610,722,494,274,509,322,433,716,-115,-1997,-1998,-3904,-12720,-11510,-16943,-16086,-19118,-20590,-19859,-20325,-21392,-23404,-16718,-15238,-13382,-14479,-14609,-16974,-15256,-16287,-14287,-15793,-17412,-9859,-14755
 "10000" ,"Delaware",2,SAGDP3S,"Taxes on production and imports less subsidies","Thousands of dollars",39,"41","       Local and interurban passenger transit",204,208,211,215,223,216,213,232,262,284,328,333,345,338,322,304,307,285,272,279,295,335,347,401,426,465,382,402,409,449,483,550,630,577,663
 "10000" ,"Delaware",2,SAGDP3S,"Taxes on production and imports less subsidies","Thousands of dollars",40,"42","       Trucking and warehousing",2205,2287,2505,2575,2478,2296,2407,2574,3012,3338,3381,3089,2954,3224,3019,2959,2563,2295,1850,1681,1693,1940,2190,2617,2979,3298,2517,2430,2443,2501,2560,2837,3474,3368,3431
 "10000" ,"Delaware",2,SAGDP3S,"Taxes on production and imports less subsidies","Thousands of dollars",41,"44","       Water transportation",-63,-85,-84,-77,-100,-73,-50,-31,-86,-52,-67,9,22,34,11,-389,-30,-41,-290,-587,-523,-544,-328,-708,-376,-376,-526,-241,-322,-114,-254,-116,-124,77,228
 "10000" ,"Delaware",2,SAGDP3S,"Taxes on production and imports less subsidies","Thousands of dollars",42,"45","       Transportation by air",60,61,84,164,209,302,418,468,239,84,100,98,109,107,100,114,158,123,84,83,2273,734,1216,2591,908,795,555,619,645,921,983,2053,1209,1026,1301
 "10000" ,"Delaware",2,SAGDP3S,"Taxes on production and imports less subsidies","Thousands of dollars",43,"46","       Pipelines, except natural gas",0,13,0,0,0,0,0,0,0,0,0,0,0,0,0,0,0,0,55,47,0,0,0,0,56,56,37,37,36,35,41,48,63,77,77
 "10000" ,"Delaware",2,SAGDP3S,"Taxes on production and imports less subsidies","Thousands of dollars",44,"47","       Transportation services",55,52,56,55,58,61,69,71,87,98,91,120,184,181,167,146,184,157,248,147,113,135,216,253,258,275,253,237,302,358,349,363,342,357,417
 "10000" ,"Delaware",2,SAGDP3S,"Taxes on production and imports less subsidies","Thousands of dollars",45,"48","     Communications",3651,3905,4288,4135,5141,5251,5827,6357,7512,8552,9757,9862,10248,10900,11231,11205,11358,11395,12255,12465,16082,15438,16246,16024,16065,18071,18779,18513,20238,20126,20735,21751,21314,23181,22918
 "10000" ,"Delaware",2,SAGDP3S,"Taxes on production and imports less subsidies","Thousands of dollars",46,"49","     Electric, gas, and sanitary services",5650,6048,6406,6779,6786,7771,8875,10814,14352,16584,18094,19008,21396,24435,25513,26621,29246,29545,29359,32974,32447,37408,37519,33899,34977,35275,37679,38542,42777,46576,49496,51979,56677,59334,60565
 "10000" ,"Delaware",2,SAGDP3S,"Taxes on production and imports less subsidies","Thousands of dollars",47,"F","   Wholesale trade",28053,29957,33234,36350,38777,43929,49551,49791,54498,63542,71508,79415,88022,84274,90945,103837,91971,83703,85213,91419,111579,137074,179882,173777,213908,216737,182117,197370,213530,236212,249740,269833,270095,274773,264655
 "10000" ,"Delaware",2,SAGDP3S,"Taxes on production and imports less subsidies","Thousands of dollars",48,"G","   Retail trade",2101,2336,2530,2764,3106,3722,4235,4715,5276,6010,6726,7059,7626,8401,9696,9585,37767,73986,99215,132381,142037,137129,144411,162448,172892,183738,212190,205648,244390,231473,225147,268213,273813,249355,269828
 "10000" ,"Delaware",2,SAGDP3S,"Taxes on production and imports less subsidies","Thousands of dollars",49,"H","   Finance, insurance, and real estate",35538,39282,43952,47397,51593,57614,64708,72168,85720,91593,105748,114520,125923,129212,118029,132923,147226,155051,163468,157021,174676,210570,244751,288952,330625,381847,434764,441598,462771,567656,567705,609955,646225,756291,764362
 "10000" ,"Delaware",2,SAGDP3S,"Taxes on production and imports less subsidies","Thousands of dollars",50,"60","     Depository institutions 3/",1504,1293,940,1073,709,1784,2526,5111,5896,6792,5709,6954,7840,8842,9585,10462,8441,7341,5034,4644,5820,8616,10646,12761,20026,24219,24967,25859,29386,41750,46602,53436,62251,76420,82887
 "10000" ,"Delaware",2,SAGDP3S,"Taxes on production and imports less subsidies","Thousands of dollars",51,"61","     Nondepository institutions 3/",2257,2147,1903,1910,2453,2840,3653,3639,4193,5610,7635,7854,7542,7497,5259,5396,4455,3932,2720,1831,1695,2485,2847,3464,2937,3261,2844,2869,2893,3066,3218,3461,3888,4898,5116
 "10000" ,"Delaware",2,SAGDP3S,"Taxes on production and imports less subsidies","Thousands of dollars",52,"62","     Security and commodity brokers",564,627,684,779,891,1094,807,679,905,971,1027,678,826,1234,1543,1820,1391,1274,963,706,815,897,1007,1121,1406,1670,1913,1785,2164,2342,2758,3474,4419,4999,5072
 "10000" ,"Delaware",2,SAGDP3S,"Taxes on production and imports less subsidies","Thousands of dollars",53,"63","     Insurance carriers",2162,2589,2713,2809,2850,3224,4390,4234,6125,7124,6954,7479,8222,8668,13273,15060,14446,15991,16654,16100,17535,21356,25423,29697,34713,40055,51124,50675,54874,69695,66852,80045,87427,75703,79703
 "10000" ,"Delaware",2,SAGDP3S,"Taxes on production and imports less subsidies","Thousands of dollars",54,"64","     Insurance agents, brokers, and services",2115,2126,2359,2614,2807,3668,3744,3687,4133,4270,4069,4067,5264,5926,3616,4142,2925,2316,1240,319,673,986,1366,1989,2613,3396,4350,4831,6519,6891,6893,8552,8968,8223,9177
 "10000" ,"Delaware",2,SAGDP3S,"Taxes on production and imports less subsidies","Thousands of dollars",55,"65","     Real estate",25958,29205,34143,37430,41027,44213,49150,54406,64016,66457,80042,82753,91124,92588,79178,84122,96175,98738,96448,89870,105410,123940,129322,148919,158620,179146,199337,197792,192023,205650,210185,219936,235809,339347,282617
 "10000" ,"Delaware",2,SAGDP3S,"Taxes on production and imports less subsidies","Thousands of dollars",56,"67","     Holding and other investment offices",977,1295,1211,782,856,791,438,411,452,369,313,4735,5105,4457,5576,11921,19393,25460,40409,43552,42727,52290,74141,91000,110309,130099,150229,157787,174913,238263,231196,241051,243463,246702,299791
 "10000" ,"Delaware",2,SAGDP3S,"Taxes on production and imports less subsidies","Thousands of dollars",57,"I","   Services",7392,7588,8378,8118,8479,9554,10622,11411,12717,13535,15595,17414,17201,18964,19964,21527,17554,17114,14396,12560,13330,14317,15892,18596,20310,24097,43630,45188,48597,53026,51584,53179,72217,75765,79733
 "10000" ,"Delaware",2,SAGDP3S,"Taxes on production and imports less subsidies","Thousands of dollars",58,"70","     Hotels and other lodging places",214,237,270,297,316,395,484,561,652,790,979,1191,769,903,1144,1293,1361,2460,1906,1946,2157,2608,2728,2987,3425,3620,15045,12736,9189,9495,9004,8679,13381,14396,15285
 "10000" ,"Delaware",2,SAGDP3S,"Taxes on production and imports less subsidies","Thousands of dollars",59,"72","     Personal services",393,419,461,480,486,587,660,790,920,1081,1149,1135,1126,1203,1120,1232,1149,1240,1140,1159,1243,1248,1304,1476,1646,1842,2015,2013,2403,2413,2285,2587,2583,2370,2504
 "10000" ,"Delaware",2,SAGDP3S,"Taxes on production and imports less subsidies","Thousands of dollars",60,"73","     Business services 4/",181,184,181,207,253,276,346,429,503,712,807,974,782,1016,1148,1150,1231,1568,1614,1844,2017,2295,2660,3075,3296,4054,4474,4556,5071,5737,5642,6180,6898,7445,8517
 "10000" ,"Delaware",2,SAGDP3S,"Taxes on production and imports less subsidies","Thousands of dollars",61,"75","     Automotive repair, services, and parking",243,270,300,314,313,369,416,521,575,770,1041,1205,1020,1175,1360,1603,1560,1656,1507,1441,1585,1888,2180,2436,2611,3577,9394,13076,16899,19490,19663,19449,32222,34898,35829
 "10000" ,"Delaware",2,SAGDP3S,"Taxes on production and imports less subsidies","Thousands of dollars",62,"76","     Miscellaneous repair services",11,8,11,12,14,21,29,49,61,88,85,81,72,76,83,86,94,102,90,98,107,138,145,172,183,222,214,225,254,301,307,355,379,421,438
 "10000" ,"Delaware",2,SAGDP3S,"Taxes on production and imports less subsidies","Thousands of dollars",63,"78","     Motion pictures",56,68,67,50,49,61,83,105,145,162,171,155,138,114,76,94,75,82,70,62,70,90,89,140,311,374,422,359,411,519,569,351,1050,744,734
 "10000" ,"Delaware",2,SAGDP3S,"Taxes on production and imports less subsidies","Thousands of dollars",64,"79","     Amusement and recreation services",4479,4543,5014,4590,4807,5300,5859,5880,6130,5713,6120,6604,6388,6035,6151,5975,4005,2367,2038,1250,904,599,839,1327,837,1047,1298,1363,1313,1417,1406,1345,1712,2103,2512
 "10000" ,"Delaware",2,SAGDP3S,"Taxes on production and imports less subsidies","Thousands of dollars",65,"80","     Health services",1336,1422,1525,1584,1703,1947,2144,2425,2972,3341,3820,4489,5188,6222,6104,6980,5232,4505,3043,1811,2043,2187,2422,2827,3128,3699,4278,4359,5103,5391,5235,6017,6251,6062,6586
 "10000" ,"Delaware",2,SAGDP3S,"Taxes on production and imports less subsidies","Thousands of dollars",66,"81","     Legal services",249,211,242,246,255,305,259,251,247,281,385,399,379,451,548,602,459,437,356,245,413,596,768,1062,1274,1637,2124,2298,3037,3299,2666,2472,1813,1167,619
 "10000" ,"Delaware",2,SAGDP3S,"Taxes on production and imports less subsidies","Thousands of dollars",67,"82","     Educational services",28,7,0,0,0,0,23,77,171,254,476,469,508,772,850,981,1020,1279,1336,1507,1563,1439,1462,1589,1653,1754,1897,1762,2014,1824,1795,2198,2240,2051,2227
 "10000" ,"Delaware",2,SAGDP3S,"Taxes on production and imports less subsidies","Thousands of dollars",68,"83","     Social services",10,11,12,15,14,13,21,21,31,33,90,156,163,158,205,236,204,182,143,104,106,114,118,146,165,144,151,168,198,231,239,279,288,301,348
 "10000" ,"Delaware",2,SAGDP3S,"Taxes on production and imports less subsidies","Thousands of dollars",69,"86","     Membership organizations",4,4,5,6,7,6,7,8,10,13,24,36,49,62,73,76,83,83,82,80,77,85,86,100,111,92,90,95,107,125,132,158,154,174,179
 "10000" ,"Delaware",2,SAGDP3S,"Taxes on production and imports less subsidies","Thousands of dollars",70,"84, 87, 89","     Other services 4/",186,204,291,318,261,274,290,292,301,298,447,519,618,776,1100,1219,1081,1152,1073,1014,1046,1031,1091,1260,1670,2033,2226,2178,2597,2783,2641,3109,3245,3633,3955
 "10000" ,"Delaware",2,SAGDP3S,"Taxes on production and imports less subsidies","Thousands of dollars",71,"88","     Private households",0,0,0,0,0,0,0,0,0,0,0,0,0,0,0,0,0,0,0,0,0,0,0,0,0,0,0,0,0,0,0,0,0,0,0
 "10000" ,"Delaware",2,SAGDP3S,"Taxes on production and imports less subsidies","Thousands of dollars",72,"..."," Government and government enterprises",-1002,-1075,-1178,-1267,-1374,-1499,-1682,-1908,-2169,-2486,-2630,-3262,-3648,-3809,-4624,-5532,-7080,-9038,-11261,-13654,-14867,-15160,-14917,-15995,-14302,-16800,-18069,-20439,-23442,-25175,-29957,-30023,-35358,-38168,-33975
 "10000" ,"Delaware",2,SAGDP3S,"Taxes on production and imports less subsidies","Thousands of dollars",73,"...","   Federal civilian",0,0,0,0,0,0,0,0,0,0,0,0,0,0,0,0,0,0,-10,-48,-72,-61,-84,-81,-77,-109,-170,-147,-112,-115,-116,-176,-568,-454,-678
 "10000" ,"Delaware",2,SAGDP3S,"Taxes on production and imports less subsidies","Thousands of dollars",74,"...","   Military",0,0,0,0,0,0,0,0,0,0,0,0,0,0,0,0,0,0,0,0,0,0,0,0,0,0,0,0,0,0,0,0,0,0,0
 "10000" ,"Delaware",2,SAGDP3S,"Taxes on production and imports less subsidies","Thousands of dollars",75,"...","   State and local",-1002,-1075,-1178,-1267,-1374,-1499,-1682,-1908,-2169,-2486,-2630,-3262,-3648,-3809,-4624,-5532,-7080,-9038,-11251,-13606,-14795,-15099,-14833,-15914,-14225,-16691,-17899,-20292,-23330,-25060,-29841,-29847,-34790,-37714,-33297
 "10000" ,"Delaware",2,SAGDP3S,"Taxes on production and imports less subsidies","Thousands of dollars",76,"36, 38"," Electronic equipment and instruments 5/",155,139,100,58,54,66,79,100,136,154,199,273,331,443,787,752,751,903,772,824,1140,1460,1600,1589,1846,2004,2413,2501,2726,3209,4165,4270,5309,5896,5238
 "10000" ,"Delaware",2,SAGDP3S,"Taxes on production and imports less subsidies","Thousands of dollars",77,"60, 61"," Depository and nondepository institutions 6/",3761,3440,2843,2983,3162,4623,6179,8750,10089,12402,13344,14809,15382,16339,14843,15858,12896,11273,7754,6474,7515,11101,13493,16225,22964,27481,27811,28728,32279,44815,49820,56897,66140,81318,88002
 "10000" ,"Delaware",2,SAGDP3S,"Taxes on production and imports less subsidies","Thousands of dollars",78,"73, 84, 87, 89"," Business services and other services 7/",367,388,472,524,515,550,636,721,804,1010,1254,1493,1400,1792,2248,2368,2312,2720,2687,2858,3063,3326,3751,4335,4966,6087,6700,6734,7668,8521,8283,9290,10143,11078,12473
"Note: See the included footnote file."
"SAGDP3S: Taxes on production and imports less subsidies 1/"
"Last updated: November 24, 2010."
"Source: U.S. Department of Commerce / Bureau of Economic Analysis / Regional Economic Accounts"
