GeoFIPS,GeoName,Region,TableName,ComponentName,Unit,IndustryId,IndustryClassification,Description,1997,1998,1999,2000,2001,2002,2003,2004,2005,2006,2007,2008,2009,2010,2011,2012,2013,2014,2015,2016,2017
 "55000" ,"Wisconsin",3,SAGDP4N,"Compensation of employees","Thousands of dollars",1,"...","All industry total",91524519,97435173,103288555,109352703,113584617,117009346,121362301,127847080,132127745,137767354,143207180,147115940,142788659,144048767,150131224,155460616,159592150,164978028,170557718,175438294,(NA)
 "55000" ,"Wisconsin",3,SAGDP4N,"Compensation of employees","Thousands of dollars",2,"..."," Private industries",76747064,82041593,86952304,92035624,94675880,97070779,100241477,105997399,109607780,114509155,119094236,121958874,116258348,117034360,123004499,127753023,132091491,136637420,142104339,146545613,(NA)
 "55000" ,"Wisconsin",3,SAGDP4N,"Compensation of employees","Thousands of dollars",3,"11","  Agriculture, forestry, fishing, and hunting",676723,739997,709289,796657,780880,821681,795354,883383,833803,866358,1108064,1180787,1135180,992445,961913,1194265,1212342,1312792,1183785,1382808,(NA)
 "55000" ,"Wisconsin",3,SAGDP4N,"Compensation of employees","Thousands of dollars",4,"111-112","   Farms",580708,634414,594851,685294,660558,697785,669761,739819,694969,688917,925634,988819,932617,786051,740162,952080,963883,1049757,893858,1071136,(NA)
 "55000" ,"Wisconsin",3,SAGDP4N,"Compensation of employees","Thousands of dollars",5,"113-115","   Forestry, fishing, and related activities",96015,105583,114439,111362,120322,123897,125592,143564,138834,177440,182430,191968,202563,206394,221751,242185,248458,263035,289927,311672,(NA)
 "55000" ,"Wisconsin",3,SAGDP4N,"Compensation of employees","Thousands of dollars",6,"21","  Mining, quarrying, and oil and gas extraction",134805,149857,149469,142155,154956,146985,152842,170805,173571,185429,177378,174384,154100,157427,169410,210055,230731,280490,272380,239805,(NA)
 "55000" ,"Wisconsin",3,SAGDP4N,"Compensation of employees","Thousands of dollars",7,"211","   Oil and gas extraction",(T),640,(T),639,(D),(D),(D),(D),(D),(D),(D),(D),(D),(D),(D),(D),(D),(D),(D),(D),(NA)
 "55000" ,"Wisconsin",3,SAGDP4N,"Compensation of employees","Thousands of dollars",8,"212","   Mining (except oil and gas)",129729,145110,144842,137402,152745,144742,151271,169144,171657,182745,174828,171947,152324,156098,166239,203112,222595,270679,267678,235960,(NA)
 "55000" ,"Wisconsin",3,SAGDP4N,"Compensation of employees","Thousands of dollars",9,"213","   Support activities for mining",(T),(T),(T),(T),(D),(D),(D),(D),(D),(D),(D),(D),(D),(D),(D),(D),(D),(D),(D),(D),(NA)
 "55000" ,"Wisconsin",3,SAGDP4N,"Compensation of employees","Thousands of dollars",10,"22","  Utilities",801312,858991,968264,1063933,1070520,1066576,1043088,1140461,1143818,1202275,1216099,1424227,1452154,1423511,1473393,1420984,1514620,1448457,1463966,1372963,(NA)
 "55000" ,"Wisconsin",3,SAGDP4N,"Compensation of employees","Thousands of dollars",11,"23","  Construction",4643032,5077411,5555180,5939750,6217077,6269814,6457555,6770975,7008599,7191916,7550884,7436027,6414695,5984532,5976489,6193031,6721349,7311830,7950768,8325145,(NA)
 "55000" ,"Wisconsin",3,SAGDP4N,"Compensation of employees","Thousands of dollars",12,"31-33","  Manufacturing",25379067,26689010,27761728,28708569,27759405,27249984,27494691,28856182,29407851,30305765,30840985,31072256,27653691,28302345,30057666,31278260,31732913,32823132,33482297,33323487,(NA)
 "55000" ,"Wisconsin",3,SAGDP4N,"Compensation of employees","Thousands of dollars",13,"321,327-339","   Durable goods manufacturing",16381996,17287498,17963278,18532773,17565111,17106304,17386485,18517093,18962036,19747194,19937826,20056265,17291894,17629817,19012373,19876963,20012620,20598109,21017408,20762116,(NA)
 "55000" ,"Wisconsin",3,SAGDP4N,"Compensation of employees","Thousands of dollars",14,"321","    Wood product manufacturing",840449,879984,931034,959087,979424,972810,1007708,1065807,1106617,1096761,1052000,979131,757545,698024,740145,744902,780096,834110,863950,886890,(NA)
 "55000" ,"Wisconsin",3,SAGDP4N,"Compensation of employees","Thousands of dollars",15,"327","    Nonmetallic mineral product manufacturing",435158,461883,493661,505631,522683,528921,548028,584244,619362,628180,628873,603787,507780,498741,516722,512887,529037,567059,615067,631910,(NA)
 "55000" ,"Wisconsin",3,SAGDP4N,"Compensation of employees","Thousands of dollars",16,"331","    Primary metal manufacturing",1085030,1067098,1122886,1128683,1083266,1103298,1087561,1181537,1209845,1230513,1234899,1211705,901651,1028025,1173431,1249878,1186166,1233518,1232069,1170194,(NA)
 "55000" ,"Wisconsin",3,SAGDP4N,"Compensation of employees","Thousands of dollars",17,"332","    Fabricated metal product manufacturing",3140615,3411823,3497960,3649676,3442725,3389092,3445465,3662559,3888581,4084401,4266797,4435027,3750396,3783677,4229735,4521999,4535000,4737876,4812719,4804808,(NA)
 "55000" ,"Wisconsin",3,SAGDP4N,"Compensation of employees","Thousands of dollars",18,"333","    Machinery manufacturing",4585104,4733832,4847563,4797662,4409428,4066216,4062246,4338771,4444810,4612209,4739575,4918606,4306257,4427326,4858653,5184904,5138048,5318927,5403297,5256485,(NA)
 "55000" ,"Wisconsin",3,SAGDP4N,"Compensation of employees","Thousands of dollars",19,"334","    Computer and electronic product manufacturing",1401431,1445049,1542770,1662680,1598066,1522070,1542614,1557808,1627475,1680969,1787079,1803632,1664243,1685270,1788714,1774458,1751673,1721005,1769907,1754359,(NA)
 "55000" ,"Wisconsin",3,SAGDP4N,"Compensation of employees","Thousands of dollars",20,"335","    Electrical equipment, appliance, and component manufacturing",1642700,1697460,1714297,1782802,1657634,1569663,1592288,1678211,1742982,2021294,1882104,1856382,1725133,1889076,2023316,2081795,2216920,2260265,2288858,2260906,(NA)
 "55000" ,"Wisconsin",3,SAGDP4N,"Compensation of employees","Thousands of dollars",21,"3361-3363","    Motor vehicles, bodies and trailers, and parts manufacturing",1416404,1667436,1793501,1806551,1559132,(D),(D),(D),(D),(D),(D),(D),(D),(D),(D),(D),(D),(D),1294489,(D),(NA)
 "55000" ,"Wisconsin",3,SAGDP4N,"Compensation of employees","Thousands of dollars",22,"3364-3369","    Other transportation equipment manufacturing",475980,521114,600676,744330,797635,(D),(D),(D),(D),(D),(D),(D),(D),(D),(D),(D),(D),(D),889169,(D),(NA)
 "55000" ,"Wisconsin",3,SAGDP4N,"Compensation of employees","Thousands of dollars",23,"337","    Furniture and related product manufacturing",560578,605423,643040,696110,700336,725096,736696,774896,768459,782803,848274,849613,757649,749614,778529,772768,791830,821645,870327,871699,(NA)
 "55000" ,"Wisconsin",3,SAGDP4N,"Compensation of employees","Thousands of dollars",24,"339","    Miscellaneous manufacturing",798546,796397,775890,799560,814783,832596,848980,918016,946476,934663,924994,939641,898179,893068,923596,938892,914862,937012,977557,1008160,(NA)
 "55000" ,"Wisconsin",3,SAGDP4N,"Compensation of employees","Thousands of dollars",25,"311-316,322-326","   Nondurable goods manufacturing",8997071,9401512,9798451,10175796,10194294,10143681,10108206,10339089,10445815,10558570,10903160,11015990,10361797,10672529,11045293,11401298,11720293,12225023,12464889,12561371,(NA)
 "55000" ,"Wisconsin",3,SAGDP4N,"Compensation of employees","Thousands of dollars",26,"311-312","    Food and beverage and tobacco products manufacturing",2329061,2450569,2557572,2660237,2847842,2862314,2871063,3007279,3000885,2982834,3112173,3206717,3309997,3387816,3436408,3633909,3833119,4056321,4180447,4232129,(NA)
 "55000" ,"Wisconsin",3,SAGDP4N,"Compensation of employees","Thousands of dollars",27,"313-314","    Textile mills and textile product mills",158582,157437,151510,161989,150716,154229,161683,176873,179683,182845,171248,168966,145188,157482,162132,162107,156037,160834,158072,160835,(NA)
 "55000" ,"Wisconsin",3,SAGDP4N,"Compensation of employees","Thousands of dollars",28,"315-316","    Apparel, leather, and allied product manufacturing",269496,259132,248660,225489,198044,145095,143516,110752,106720,105723,99402,94007,81790,81280,84859,91638,103696,104450,102893,102928,(NA)
 "55000" ,"Wisconsin",3,SAGDP4N,"Compensation of employees","Thousands of dollars",29,"322","    Paper manufacturing",2799231,2814164,2865626,2938390,2763915,2756718,2654733,2589219,2566729,2477966,2547321,2553338,2301561,2350273,2394481,2387431,2409059,2450137,2452925,2468096,(NA)
 "55000" ,"Wisconsin",3,SAGDP4N,"Compensation of employees","Thousands of dollars",30,"323","    Printing and related support activities",1398135,1495215,1566770,1657345,1664114,1595123,1597205,1648360,1676186,1710584,1773104,1755962,1557586,1552611,1630553,1671706,1668465,1693394,1737207,1771117,(NA)
 "55000" ,"Wisconsin",3,SAGDP4N,"Compensation of employees","Thousands of dollars",31,"324","    Petroleum and coal products manufacturing",27544,28880,30958,33096,36375,34236,37653,30284,31438,38299,39217,44619,44033,48876,56478,51188,54929,59478,54621,56564,(NA)
 "55000" ,"Wisconsin",3,SAGDP4N,"Compensation of employees","Thousands of dollars",32,"325","    Chemical manufacturing",825984,888405,928867,973367,1027249,1069565,1117577,1202458,1250725,1386593,1451201,1472168,1413928,1489959,1595163,1631262,1668227,1770662,1765722,1777905,(NA)
 "55000" ,"Wisconsin",3,SAGDP4N,"Compensation of employees","Thousands of dollars",33,"326","    Plastics and rubber products manufacturing",1189039,1307710,1448488,1525882,1506038,1526400,1524775,1573864,1633449,1673728,1709493,1720213,1507715,1604232,1685219,1772056,1826761,1929747,2013003,1991797,(NA)
 "55000" ,"Wisconsin",3,SAGDP4N,"Compensation of employees","Thousands of dollars",34,"42","  Wholesale trade",4860735,5256256,5488605,5779144,5884270,6062449,6123475,6508294,6974369,7404972,7632245,7889618,7415456,7423853,7907331,8275699,8562531,8884333,9234370,9531586,(NA)
 "55000" ,"Wisconsin",3,SAGDP4N,"Compensation of employees","Thousands of dollars",35,"44-45","  Retail trade",6639812,7050680,7499133,8103331,7875578,8251034,8461649,8640608,8759827,8908936,9053422,9062598,8776719,8685259,8992375,9022578,9336207,9565993,9969241,10225507,(NA)
 "55000" ,"Wisconsin",3,SAGDP4N,"Compensation of employees","Thousands of dollars",36,"48-49","  Transportation and warehousing",3114333,3359277,3633449,3828340,4004542,4047449,4210614,4416258,4646820,4768151,4976614,4809051,4574163,4507026,4773344,4963569,5028788,5214121,5460205,5602069,(NA)
 "55000" ,"Wisconsin",3,SAGDP4N,"Compensation of employees","Thousands of dollars",37,"481","   Air transportation",172213,191943,229444,259437,268931,269057,261475,253735,261173,252588,288608,300950,198087,141312,157843,147826,115451,106950,110509,119316,(NA)
 "55000" ,"Wisconsin",3,SAGDP4N,"Compensation of employees","Thousands of dollars",38,"482","   Rail transportation",269296,269535,288762,284656,283105,282955,284615,284021,298926,306204,318456,317523,(D),(D),(D),(D),(D),(D),(D),(D),(NA)
 "55000" ,"Wisconsin",3,SAGDP4N,"Compensation of employees","Thousands of dollars",39,"483","   Water transportation",(T),(T),(T),(T),(D),(D),(D),4242,4874,(D),(D),(D),5858,5771,5828,5847,6593,6057,6342,7110,(NA)
 "55000" ,"Wisconsin",3,SAGDP4N,"Compensation of employees","Thousands of dollars",40,"484","   Truck transportation",1674644,1804414,1972628,2033871,2107611,2137333,2226738,2351050,2509054,2591963,2618529,2418206,2245898,2211908,2372398,2444320,2539866,2620679,2740613,2767250,(NA)
 "55000" ,"Wisconsin",3,SAGDP4N,"Compensation of employees","Thousands of dollars",41,"485","   Transit and ground passenger transportation",222517,252920,304667,327467,355144,358886,374237,386093,392478,403323,415515,424757,435005,437706,451848,464590,481132,495725,513234,506721,(NA)
 "55000" ,"Wisconsin",3,SAGDP4N,"Compensation of employees","Thousands of dollars",42,"486","   Pipeline transportation",15548,18726,15020,16283,16816,14183,17002,18051,19514,22298,25016,31804,37688,39339,43399,49340,(D),(D),(D),(D),(NA)
 "55000" ,"Wisconsin",3,SAGDP4N,"Compensation of employees","Thousands of dollars",43,"487-488, 492","   Other transportation and support activities",460636,500865,517521,551324,(D),(D),(D),631348,651421,(D),(D),(D),(D),(D),(D),(D),(D),(D),784448,815558,(NA)
 "55000" ,"Wisconsin",3,SAGDP4N,"Compensation of employees","Thousands of dollars",44,"493","   Warehousing and storage",295412,316626,300978,350803,406510,440354,474490,487717,509380,536613,613588,619957,657365,679166,682655,760648,747988,756639,836116,966689,(NA)
 "55000" ,"Wisconsin",3,SAGDP4N,"Compensation of employees","Thousands of dollars",45,"51","  Information",1803046,2146391,2286667,2435483,2584507,2543858,2640733,2857931,2942060,3008839,3234912,3296573,3328681,3219377,3431895,3563577,3845908,4215293,4552061,4681035,(NA)
 "55000" ,"Wisconsin",3,SAGDP4N,"Compensation of employees","Thousands of dollars",46,"511","   Publishing industries (except Internet)",720198,779114,772915,806200,855466,815105,869485,1033285,1098926,1149932,1281014,1370315,1359950,1361903,1538343,1705795,1997761,2299313,2608668,2827609,(NA)
 "55000" ,"Wisconsin",3,SAGDP4N,"Compensation of employees","Thousands of dollars",47,"512","   Motion picture and sound recording industries",77226,84258,94735,94224,99546,96317,102096,104414,107546,103886,116052,123321,127128,112158,111379,108990,105676,108603,112670,97169,(NA)
 "55000" ,"Wisconsin",3,SAGDP4N,"Compensation of employees","Thousands of dollars",48,"515, 517","   Broadcasting (except Internet) and telecommunications",801886,883067,965438,1007311,1091284,1104593,1124028,1168409,1179870,1183972,1303524,1282936,1298950,1202675,1210409,1190411,1190247,1209317,1175242,1153068,(NA)
 "55000" ,"Wisconsin",3,SAGDP4N,"Compensation of employees","Thousands of dollars",49,"518, 519","   Data processing, hosting, and other information services",203735,399952,453579,527748,538211,527843,545124,551823,555719,571049,534321,520001,542653,542641,571764,558381,552224,598060,655482,603189,(NA)
 "55000" ,"Wisconsin",3,SAGDP4N,"Compensation of employees","Thousands of dollars",50,"52, 53","  Finance, insurance, real estate, rental, and leasing",5615305,6084030,6566653,7004150,7608167,7995637,8430510,8988893,9408792,9946184,10357732,10707776,10386395,10447313,10950506,11399846,11545498,11688442,12353419,12802810,(NA)
 "55000" ,"Wisconsin",3,SAGDP4N,"Compensation of employees","Thousands of dollars",51,"52","   Finance and insurance",4770901,5294140,5760746,6176269,6751683,7096858,7509731,7991690,8378418,8876656,9272888,9602282,9289848,9419141,9924776,10347775,10460010,10574939,11094248,11455682,(NA)
 "55000" ,"Wisconsin",3,SAGDP4N,"Compensation of employees","Thousands of dollars",52,"521-522","    Monetary Authorities- central bank, credit intermediation, and related services",1766164,1863435,1947196,1947581,(D),(D),(D),(D),(D),(D),(D),(D),(D),(D),(D),(D),3241415,(D),3502613,3601869,(NA)
 "55000" ,"Wisconsin",3,SAGDP4N,"Compensation of employees","Thousands of dollars",53,"523","    Securities, commodity contracts, and other financial investments and related activities",691336,782883,863739,990512,1078639,1110824,1110411,1187543,1303421,1390701,1478387,1538839,1314799,1370609,1498833,1595093,1652491,1784541,1863187,1950041,(NA)
 "55000" ,"Wisconsin",3,SAGDP4N,"Compensation of employees","Thousands of dollars",54,"524","    Insurance carriers and related activities",2297413,2632771,2936005,3223383,3433508,3589816,3778475,4131307,4268883,4573368,4806553,5025290,4952329,5063815,5336379,5521330,5564691,5497852,5726554,5900378,(NA)
 "55000" ,"Wisconsin",3,SAGDP4N,"Compensation of employees","Thousands of dollars",55,"525","    Funds, trusts, and other financial vehicles",15988,15050,13805,14794,(D),(D),(D),(D),(D),(D),(D),(D),(D),(D),(D),(D),1413,(D),1894,3395,(NA)
 "55000" ,"Wisconsin",3,SAGDP4N,"Compensation of employees","Thousands of dollars",56,"53","   Real estate and rental and leasing",844403,789890,805907,827881,856484,898779,920779,997203,1030374,1069529,1084844,1105494,1096547,1028172,1025731,1052071,1085488,1113503,1259171,1347128,(NA)
 "55000" ,"Wisconsin",3,SAGDP4N,"Compensation of employees","Thousands of dollars",57,"531","    Real estate",634173,559871,537593,565880,596550,632185,650643,716519,737382,770625,774598,789263,750267,725224,723575,737692,777763,798277,861478,931135,(NA)
 "55000" ,"Wisconsin",3,SAGDP4N,"Compensation of employees","Thousands of dollars",58,"532-533","    Rental and leasing services and lessors of nonfinancial intangible assets",210230,230019,268314,262001,259934,266595,270136,280684,292992,298904,310246,316231,346280,302948,302156,314379,307725,315226,397692,415993,(NA)
 "55000" ,"Wisconsin",3,SAGDP4N,"Compensation of employees","Thousands of dollars",59,"54, 55, 56","  Professional and business services",7992024,8577217,9182213,9987555,10993959,11365278,11918942,12678932,13444971,14583487,15553289,16033494,15282404,15958370,17214172,18005969,19041921,20004161,21094573,22391795,(NA)
 "55000" ,"Wisconsin",3,SAGDP4N,"Compensation of employees","Thousands of dollars",60,"54","   Professional, scientific, and technical services",3916039,4112419,4471084,4736243,5071718,5174402,5268569,5527366,5935715,6387235,6794957,7107326,6840458,6658625,7137213,7528051,7759779,8107239,8668752,8985450,(NA)
 "55000" ,"Wisconsin",3,SAGDP4N,"Compensation of employees","Thousands of dollars",61,"5411","    Legal services",767303,798170,889580,909301,988903,1030769,1060226,1105122,1154649,1229549,1296500,1305266,1290097,1274318,1310626,1360180,1339326,1352218,1352274,1354982,(NA)
 "55000" ,"Wisconsin",3,SAGDP4N,"Compensation of employees","Thousands of dollars",62,"5415","    Computer systems design and related services",886650,907737,1014576,1036548,1048305,1059432,1040893,1010197,1067265,1148842,1272970,1292906,1211885,1247078,1429940,1562658,1754999,1876975,2040048,2166609,(NA)
 "55000" ,"Wisconsin",3,SAGDP4N,"Compensation of employees","Thousands of dollars",63,"5412-5414, 5416-5419","    Miscellaneous professional, scientific, and technical services",2262086,2406512,2566928,2790395,3034510,3084201,3167450,3412047,3713801,4008844,4225486,4509154,4338476,4137229,4396647,4605213,4665454,4878046,5276430,5463859,(NA)
 "55000" ,"Wisconsin",3,SAGDP4N,"Compensation of employees","Thousands of dollars",64,"55","   Management of companies and enterprises",1827280,2011167,2143218,2397782,2988641,3148032,3582321,3842180,3905655,4337002,4569242,4538931,4506987,4979921,5378865,5711285,6249087,6636700,7067016,7928898,(NA)
 "55000" ,"Wisconsin",3,SAGDP4N,"Compensation of employees","Thousands of dollars",65,"56","   Administrative and support and waste management and remediation services",2248705,2453632,2567912,2853531,2933600,3042844,3068052,3309385,3603601,3859250,4189090,4387238,3934959,4319824,4698093,4766632,5033055,5260222,5358805,5477448,(NA)
 "55000" ,"Wisconsin",3,SAGDP4N,"Compensation of employees","Thousands of dollars",66,"561","    Administrative and support services",2072343,2268746,2375504,2646855,2713013,2821112,2838608,3064036,3348453,3583468,3901098,4078976,3623850,3921894,4372212,4451074,4709969,4901894,4999769,5107349,(NA)
 "55000" ,"Wisconsin",3,SAGDP4N,"Compensation of employees","Thousands of dollars",67,"562","    Waste management and remediation services",176362,184886,192408,206675,220587,221732,229445,245350,255148,275782,287992,308262,311109,397930,325881,315558,323086,358328,359036,370098,(NA)
 "55000" ,"Wisconsin",3,SAGDP4N,"Compensation of employees","Thousands of dollars",68,"61, 62","  Educational services, health care, and social assistance",9909025,10451775,11089718,11842041,12921404,14064897,15035061,16207887,16849512,17793835,18660924,19897122,20863350,21086640,21926524,22647964,23447323,23607883,24386008,25493372,(NA)
 "55000" ,"Wisconsin",3,SAGDP4N,"Compensation of employees","Thousands of dollars",69,"61","   Educational services",935055,999677,1092713,1157593,1231986,1356739,1435102,1564306,1572385,1687445,1821322,1949439,2111103,2201914,2328137,2431185,2505996,2576937,2597689,2769686,(NA)
 "55000" ,"Wisconsin",3,SAGDP4N,"Compensation of employees","Thousands of dollars",70,"62","   Health care and social assistance",8973970,9452098,9997004,10684448,11689417,12708158,13599959,14643581,15277128,16106390,16839602,17947683,18752247,18884725,19598387,20216779,20941327,21030946,21788319,22723686,(NA)
 "55000" ,"Wisconsin",3,SAGDP4N,"Compensation of employees","Thousands of dollars",71,"621","    Ambulatory health care services",4100780,4293504,4465241,4745130,5312975,5792083,6159934,6681886,7003561,7337628,7498969,8022785,8346459,8401026,8806421,9106054,9686552,9605761,9794915,10195196,(NA)
 "55000" ,"Wisconsin",3,SAGDP4N,"Compensation of employees","Thousands of dollars",72,"622","    Hospitals",2802539,3019967,3238895,3474700,3694315,4077553,4443733,4827778,5038167,5397465,5817095,6173114,6472202,6439655,6687110,6863700,6829989,6894642,7301865,7580142,(NA)
 "55000" ,"Wisconsin",3,SAGDP4N,"Compensation of employees","Thousands of dollars",73,"623","    Nursing and residential care facilities",1398623,1396149,1451153,1544996,1651714,1728862,1820881,1880941,1908977,1992674,2077253,2228607,2386070,2461615,2508214,2552044,2584172,2592721,2672728,2776154,(NA)
 "55000" ,"Wisconsin",3,SAGDP4N,"Compensation of employees","Thousands of dollars",74,"624","    Social assistance",672028,742479,841716,919622,1030413,1109660,1175411,1252977,1326423,1378623,1446285,1523178,1547516,1582430,1596642,1694981,1840614,1937821,2018812,2172194,(NA)
 "55000" ,"Wisconsin",3,SAGDP4N,"Compensation of employees","Thousands of dollars",75,"71, 72","  Arts, entertainment, recreation, accommodation, and food services",2691698,2930554,3268494,3420151,3648737,3768937,3977757,4191791,4283021,4503586,4724232,4816370,4699852,4772266,4989632,5259256,5463740,5716469,5980104,6300744,(NA)
 "55000" ,"Wisconsin",3,SAGDP4N,"Compensation of employees","Thousands of dollars",76,"71","   Arts, entertainment, and recreation",616871,666141,764683,794868,861012,916399,941641,952926,961162,1052764,1123317,1176161,1155476,1174289,1231356,1237482,1314452,1392900,1365149,1481387,(NA)
 "55000" ,"Wisconsin",3,SAGDP4N,"Compensation of employees","Thousands of dollars",77,"711-712","    Performing arts, spectator sports, museums, and related activities",297493,315754,388384,378594,422442,445399,454507,463826,465353,543502,587909,631885,621613,639090,670782,652375,719894,772663,730491,787127,(NA)
 "55000" ,"Wisconsin",3,SAGDP4N,"Compensation of employees","Thousands of dollars",78,"713","    Amusement, gambling, and recreation industries",319379,350387,376300,416274,438570,471001,487135,489100,495809,509262,535408,544276,533863,535198,560574,585106,594558,620237,634659,694260,(NA)
 "55000" ,"Wisconsin",3,SAGDP4N,"Compensation of employees","Thousands of dollars",79,"72","   Accommodation and food services",2074827,2264414,2503811,2625282,2787725,2852538,3036115,3238865,3321859,3450822,3600915,3640209,3544377,3597978,3758276,4021774,4149288,4323569,4614954,4819358,(NA)
 "55000" ,"Wisconsin",3,SAGDP4N,"Compensation of employees","Thousands of dollars",80,"721","    Accommodation",411606,451535,507431,538151,566293,561258,577813,621249,639561,654646,692106,732581,672510,675649,713809,761231,773083,795032,852228,865088,(NA)
 "55000" ,"Wisconsin",3,SAGDP4N,"Compensation of employees","Thousands of dollars",81,"722","    Food services and drinking places",1663221,1812879,1996380,2087132,2221432,2291280,2458302,2617616,2682298,2796176,2908809,2907628,2871866,2922329,3044468,3260543,3376205,3528537,3762726,3954270,(NA)
 "55000" ,"Wisconsin",3,SAGDP4N,"Compensation of employees","Thousands of dollars",82,"81","  Other services (except government and government enterprises)",2486145,2670147,2793441,2984366,3171877,3416198,3499208,3685000,3730766,3839423,4007456,4158591,4121507,4073997,4179850,4317971,4407620,4564025,4721162,4872486,(NA)
 "55000" ,"Wisconsin",3,SAGDP4N,"Compensation of employees","Thousands of dollars",83,"..."," Government and government enterprises",14777455,15393580,16336251,17317079,18908738,19938567,21120824,21849680,22519965,23258199,24112943,25157066,26530311,27014406,27126725,27707592,27500659,28340609,28453379,28892681,(NA)
 "55000" ,"Wisconsin",3,SAGDP4N,"Compensation of employees","Thousands of dollars",84,"...","  Federal civilian",1456963,1522840,1579956,1731427,1734301,1780075,1884046,2007599,2057217,2143038,2175617,2247575,2319354,2446151,2464103,2454587,2450639,2519843,2624348,2676060,(NA)
 "55000" ,"Wisconsin",3,SAGDP4N,"Compensation of employees","Thousands of dollars",85,"...","  Military",246175,247955,259844,266266,295246,381513,538039,576636,628879,591913,584505,657784,717826,687284,643163,605540,581428,550346,528299,556606,(NA)
 "55000" ,"Wisconsin",3,SAGDP4N,"Compensation of employees","Thousands of dollars",86,"...","  State and local",13074317,13622785,14496451,15319386,16879191,17776979,18698739,19265445,19833869,20523248,21352821,22251707,23493131,23880971,24019459,24647465,24468592,25270420,25300732,25660015,(NA)
 "55000" ,"Wisconsin",3,SAGDP4N,"Compensation of employees","Thousands of dollars",87,"11, 21","Natural resources and mining",811528,889854,858758,938811,935836,968666,948196,1054188,1007374,1051786,1285442,1355171,1289280,1149872,1131324,1404320,1443073,1593281,1456165,1622612,(NA)
 "55000" ,"Wisconsin",3,SAGDP4N,"Compensation of employees","Thousands of dollars",88,"42, 44-45","Trade",11500548,12306936,12987738,13882475,13759848,14313483,14585123,15148902,15734195,16313909,16685667,16952216,16192175,16109112,16899705,17298277,17898738,18450326,19203611,19757093,(NA)
 "55000" ,"Wisconsin",3,SAGDP4N,"Compensation of employees","Thousands of dollars",89,"...","Transportation and utilities",3915646,4218268,4601713,4892273,5075063,5114025,5253702,5556719,5790638,5970426,6192713,6233278,6026316,5930537,6246736,6384554,6543408,6662578,6924171,6975032,(NA)
 "55000" ,"Wisconsin",3,SAGDP4N,"Compensation of employees","Thousands of dollars",90,"...","Private goods-producing industries 2/",30833628,32656275,34175666,35587130,34912318,34488464,34900442,36681345,37423824,38549466,39677311,39863454,35357666,35436749,37165478,38875611,39897335,41728243,42889230,43271245,(NA)
 "55000" ,"Wisconsin",3,SAGDP4N,"Compensation of employees","Thousands of dollars",91,"...","Private services-providing industries 3/",45913437,49385318,52776638,56448493,59763562,62582315,65341035,69316055,72183957,75959689,79416925,82095420,80900681,81597612,85839021,88877413,92194156,94909177,99215110,103274368,(NA)
"Note: See the included footnote file."
"SAGDP4N: Compensation of employees 1/"
"Last updated: November 14, 2018; revised statistics for 1997-2017."
"Source: U.S. Department of Commerce / Bureau of Economic Analysis / Regional Economic Accounts"
