GeoFIPS,GeoName,Region,TableName,ComponentName,Unit,IndustryId,IndustryClassification,Description,1998,1999,2000,2001,2002,2003,2004,2005,2006,2007,2008,2009,2010,2011,2012,2013,2014,2015,2016,2017
 "33000" ,"New Hampshire",1,SAGDP11N,"Contributions to percent change in real GDP","Percent change",1,"...","All industry total (percent change)",6.6,2.8,6.9,1.3,2.8,4.4,3.1,1.4,2.5,-0.4,-1.0,-0.9,3.1,0.6,1.3,1.6,1.0,2.5,1.9,2.5
 "33000" ,"New Hampshire",1,SAGDP11N,"Contributions to percent change in real GDP","Percentage points",2,"..."," Private industries",6.56,2.66,6.68,1.03,2.71,4.00,3.05,1.16,2.32,-0.54,-1.21,-0.51,2.85,0.96,1.49,1.75,0.97,2.78,2.02,2.56
 "33000" ,"New Hampshire",1,SAGDP11N,"Contributions to percent change in real GDP","Percentage points",3,"11","  Agriculture, forestry, fishing, and hunting",0.03,0.07,0.03,-0.01,0.01,0.02,0.00,-0.02,0.02,-0.06,0.03,0.00,-0.01,-0.02,0.05,0.00,0.02,0.06,-0.02,-0.01
 "33000" ,"New Hampshire",1,SAGDP11N,"Contributions to percent change in real GDP","Percentage points",4,"111-112","   Farms",0.02,0.03,0.02,-0.02,0.01,0.00,0.01,0.02,0.00,-0.04,0.05,0.00,-0.01,-0.03,0.03,0.02,0.01,0.05,-0.01,(NA)
 "33000" ,"New Hampshire",1,SAGDP11N,"Contributions to percent change in real GDP","Percentage points",5,"113-115","   Forestry, fishing, and related activities",0.01,0.03,0.01,0.02,0.00,0.02,-0.01,-0.04,0.02,-0.02,-0.01,0.00,0.00,0.01,0.02,-0.02,0.01,0.01,0.00,(NA)
 "33000" ,"New Hampshire",1,SAGDP11N,"Contributions to percent change in real GDP","Percentage points",6,"21","  Mining, quarrying, and oil and gas extraction",0.03,0.02,0.01,0.01,0.02,0.00,-0.01,-0.01,0.02,0.02,-0.04,-0.05,-0.01,-0.04,0.03,-0.03,0.00,0.00,0.01,-0.02
 "33000" ,"New Hampshire",1,SAGDP11N,"Contributions to percent change in real GDP","Percentage points",7,"211","   Oil and gas extraction",0.00,0.00,0.00,0.00,0.00,0.00,0.00,0.00,0.00,0.00,0.00,0.00,0.00,0.00,0.00,0.00,0.00,0.00,0.00,(NA)
 "33000" ,"New Hampshire",1,SAGDP11N,"Contributions to percent change in real GDP","Percentage points",8,"212","   Mining (except oil and gas)",0.02,0.01,0.01,0.02,0.02,0.00,-0.01,-0.01,0.01,0.01,-0.04,-0.04,-0.01,-0.04,0.03,-0.03,0.01,0.00,0.02,(NA)
 "33000" ,"New Hampshire",1,SAGDP11N,"Contributions to percent change in real GDP","Percentage points",9,"213","   Support activities for mining",0.00,0.01,0.00,-0.01,0.00,0.00,0.00,0.00,0.00,0.01,0.00,0.00,0.00,0.00,0.00,0.00,0.00,0.00,0.00,(NA)
 "33000" ,"New Hampshire",1,SAGDP11N,"Contributions to percent change in real GDP","Percentage points",10,"22","  Utilities",-0.14,0.28,-0.08,-0.45,0.01,0.07,0.23,-0.13,-0.09,-0.04,0.14,0.17,0.15,-0.05,0.00,-0.03,-0.11,-0.01,0.03,-0.03
 "33000" ,"New Hampshire",1,SAGDP11N,"Contributions to percent change in real GDP","Percentage points",11,"23","  Construction",0.35,0.14,0.31,0.24,-0.19,-0.01,0.23,-0.35,-0.42,-0.66,-0.61,-0.28,-0.05,-0.01,0.01,-0.14,-0.13,0.04,0.05,0.08
 "33000" ,"New Hampshire",1,SAGDP11N,"Contributions to percent change in real GDP","Percentage points",12,"31-33","  Manufacturing",1.98,-1.89,2.27,-1.86,0.34,1.42,0.53,-0.72,1.17,0.48,-0.54,-0.55,1.04,0.49,-0.31,0.92,-0.92,1.18,0.44,0.68
 "33000" ,"New Hampshire",1,SAGDP11N,"Contributions to percent change in real GDP","Percentage points",13,"321,327-339","   Durable goods manufacturing",2.41,-2.21,2.32,-1.85,0.78,1.42,0.63,-0.70,1.14,0.42,-0.40,-0.52,1.13,0.71,-0.27,0.79,-0.99,1.16,0.28,0.44
 "33000" ,"New Hampshire",1,SAGDP11N,"Contributions to percent change in real GDP","Percentage points",14,"321","    Wood product manufacturing",-0.01,0.01,0.15,-0.20,0.10,-0.14,0.07,0.06,-0.02,-0.01,-0.03,0.02,-0.01,0.01,-0.03,0.03,-0.02,0.03,0.02,(NA)
 "33000" ,"New Hampshire",1,SAGDP11N,"Contributions to percent change in real GDP","Percentage points",15,"327","    Nonmetallic mineral product manufacturing",0.06,-0.01,0.02,-0.04,0.05,0.02,0.02,0.03,-0.02,-0.07,-0.04,0.01,0.02,0.00,0.00,0.01,-0.04,-0.01,0.02,(NA)
 "33000" ,"New Hampshire",1,SAGDP11N,"Contributions to percent change in real GDP","Percentage points",16,"331","    Primary metal manufacturing",0.12,-0.02,0.04,-0.07,-0.05,0.04,-0.10,0.03,-0.10,0.06,0.01,0.08,-0.05,0.04,0.16,-0.06,-0.05,0.06,0.04,(NA)
 "33000" ,"New Hampshire",1,SAGDP11N,"Contributions to percent change in real GDP","Percentage points",17,"332","    Fabricated metal product manufacturing",-0.02,0.16,0.28,-0.25,-0.24,0.15,0.00,-0.18,0.00,-0.02,0.13,-0.24,0.26,-0.04,0.17,0.25,-0.23,-0.20,0.26,(NA)
 "33000" ,"New Hampshire",1,SAGDP11N,"Contributions to percent change in real GDP","Percentage points",18,"333","    Machinery manufacturing",0.17,-0.08,0.01,-0.26,0.09,-0.11,0.13,0.10,0.08,0.28,0.04,-0.43,0.20,0.07,-0.28,0.20,-0.11,-0.03,-0.01,(NA)
 "33000" ,"New Hampshire",1,SAGDP11N,"Contributions to percent change in real GDP","Percentage points",19,"334","    Computer and electronic product manufacturing",1.73,-2.07,1.57,-0.65,0.66,1.55,0.49,-0.79,1.08,0.46,-0.54,0.37,0.62,0.56,-0.08,0.16,-0.64,0.97,-0.08,(NA)
 "33000" ,"New Hampshire",1,SAGDP11N,"Contributions to percent change in real GDP","Percentage points",20,"335","    Electrical equipment, appliance, and component manufacturing",0.25,-0.14,0.21,-0.30,0.24,-0.11,-0.16,0.07,0.10,-0.12,0.05,-0.24,0.00,-0.08,0.03,0.20,0.00,0.29,-0.03,(NA)
 "33000" ,"New Hampshire",1,SAGDP11N,"Contributions to percent change in real GDP","Percentage points",21,"3361-3363","    Motor vehicles, bodies and trailers, and parts manufacturing",0.03,-0.01,0.02,-0.07,-0.07,-0.01,-0.05,-0.04,-0.04,0.00,-0.02,-0.03,0.02,0.02,0.00,-0.01,0.10,-0.02,0.01,(NA)
 "33000" ,"New Hampshire",1,SAGDP11N,"Contributions to percent change in real GDP","Percentage points",22,"3364-3369","    Other transportation equipment manufacturing",0.00,0.00,0.01,0.01,-0.01,-0.02,0.04,0.03,0.00,0.02,0.03,-0.01,0.01,-0.01,0.00,0.01,-0.02,0.02,0.02,(NA)
 "33000" ,"New Hampshire",1,SAGDP11N,"Contributions to percent change in real GDP","Percentage points",23,"337","    Furniture and related product manufacturing",0.03,0.00,0.01,-0.07,0.00,0.01,0.00,0.02,0.01,-0.02,0.01,-0.05,0.00,0.00,-0.01,0.01,0.00,0.01,0.00,(NA)
 "33000" ,"New Hampshire",1,SAGDP11N,"Contributions to percent change in real GDP","Percentage points",24,"339","    Miscellaneous manufacturing",0.05,-0.06,0.01,0.04,-0.01,0.04,0.18,-0.02,0.07,-0.16,-0.04,0.01,0.06,0.14,-0.24,-0.01,0.01,0.05,0.05,(NA)
 "33000" ,"New Hampshire",1,SAGDP11N,"Contributions to percent change in real GDP","Percentage points",25,"311-316,322-326","   Nondurable goods manufacturing",-0.43,0.32,-0.06,-0.01,-0.44,0.00,-0.10,-0.03,0.02,0.06,-0.14,-0.03,-0.09,-0.22,-0.04,0.13,0.07,0.02,0.16,0.24
 "33000" ,"New Hampshire",1,SAGDP11N,"Contributions to percent change in real GDP","Percentage points",26,"311-312","    Food and beverage and tobacco products manufacturing",-0.07,0.02,0.06,0.06,0.00,0.01,-0.14,0.07,0.07,0.07,-0.08,0.01,-0.06,0.03,-0.08,0.11,0.06,-0.07,-0.04,(NA)
 "33000" ,"New Hampshire",1,SAGDP11N,"Contributions to percent change in real GDP","Percentage points",27,"313-314","    Textile mills and textile product mills",-0.04,0.02,-0.06,0.03,0.00,-0.05,0.04,-0.01,-0.01,0.03,0.00,-0.03,0.02,0.02,0.08,-0.04,0.00,0.00,-0.02,(NA)
 "33000" ,"New Hampshire",1,SAGDP11N,"Contributions to percent change in real GDP","Percentage points",28,"315-316","    Apparel, leather, and allied product manufacturing",-0.07,0.00,-0.05,0.09,-0.19,-0.03,0.00,0.00,-0.01,0.00,0.01,-0.01,0.00,0.01,0.00,0.01,0.02,0.00,0.00,(NA)
 "33000" ,"New Hampshire",1,SAGDP11N,"Contributions to percent change in real GDP","Percentage points",29,"322","    Paper manufacturing",-0.24,0.12,-0.08,-0.20,-0.14,0.00,0.01,-0.04,-0.07,-0.05,-0.04,-0.01,-0.01,-0.02,0.02,0.01,-0.03,0.00,0.01,(NA)
 "33000" ,"New Hampshire",1,SAGDP11N,"Contributions to percent change in real GDP","Percentage points",30,"323","    Printing and related support activities",-0.02,0.01,-0.11,0.03,0.07,-0.07,0.08,0.02,-0.02,-0.03,-0.04,-0.03,-0.05,0.01,-0.01,0.01,0.02,0.00,0.03,(NA)
 "33000" ,"New Hampshire",1,SAGDP11N,"Contributions to percent change in real GDP","Percentage points",31,"324","    Petroleum and coal products manufacturing",0.05,-0.04,-0.01,0.02,0.01,0.04,-0.04,-0.05,-0.02,0.01,0.04,0.01,-0.04,-0.06,-0.01,0.03,0.04,0.00,0.01,(NA)
 "33000" ,"New Hampshire",1,SAGDP11N,"Contributions to percent change in real GDP","Percentage points",32,"325","    Chemical manufacturing",-0.01,0.18,-0.02,0.16,-0.16,-0.01,-0.06,0.01,0.00,0.06,-0.01,0.02,0.06,-0.15,-0.02,0.05,-0.02,0.05,0.12,(NA)
 "33000" ,"New Hampshire",1,SAGDP11N,"Contributions to percent change in real GDP","Percentage points",33,"326","    Plastics and rubber products manufacturing",-0.02,0.01,0.20,-0.20,-0.04,0.11,0.02,-0.03,0.08,-0.02,-0.02,0.01,0.00,-0.07,-0.02,-0.05,-0.03,0.04,0.05,(NA)
 "33000" ,"New Hampshire",1,SAGDP11N,"Contributions to percent change in real GDP","Percentage points",34,"42","  Wholesale trade",0.63,0.27,0.59,0.29,0.06,0.22,0.15,0.13,0.05,0.12,0.02,-0.74,0.29,0.01,0.17,0.27,0.26,0.47,-0.05,0.16
 "33000" ,"New Hampshire",1,SAGDP11N,"Contributions to percent change in real GDP","Percentage points",35,"44-45","  Retail trade",1.33,0.64,0.74,0.86,0.47,0.30,-0.51,0.15,0.18,-0.77,0.10,-0.09,0.28,-0.54,-0.45,-0.26,-0.44,-0.22,0.20,0.21
 "33000" ,"New Hampshire",1,SAGDP11N,"Contributions to percent change in real GDP","Percentage points",36,"48-49","  Transportation and warehousing",0.18,0.20,0.12,-0.20,0.01,0.04,0.11,0.13,0.02,-0.14,-0.12,-0.07,0.04,0.03,-0.03,0.01,0.01,0.05,0.07,0.13
 "33000" ,"New Hampshire",1,SAGDP11N,"Contributions to percent change in real GDP","Percentage points",37,"481","   Air transportation",0.03,0.06,-0.01,-0.07,0.02,0.01,0.03,0.04,0.00,0.02,0.00,0.01,0.00,0.01,0.01,-0.03,-0.02,0.01,0.02,(NA)
 "33000" ,"New Hampshire",1,SAGDP11N,"Contributions to percent change in real GDP","Percentage points",38,"482","   Rail transportation",0.00,0.01,0.00,-0.05,-0.01,0.00,0.00,0.00,0.00,0.00,0.00,0.00,0.00,0.00,0.00,0.00,0.00,0.00,0.00,(NA)
 "33000" ,"New Hampshire",1,SAGDP11N,"Contributions to percent change in real GDP","Percentage points",39,"483","   Water transportation",0.00,0.00,0.00,0.00,0.00,0.00,0.00,0.00,0.00,0.00,0.00,0.00,0.00,0.00,0.00,0.00,-0.01,0.00,0.00,(NA)
 "33000" ,"New Hampshire",1,SAGDP11N,"Contributions to percent change in real GDP","Percentage points",40,"484","   Truck transportation",0.00,0.05,0.06,-0.01,-0.02,0.01,0.01,-0.01,0.01,-0.04,-0.07,-0.03,0.02,0.01,-0.03,0.00,-0.01,0.00,0.00,(NA)
 "33000" ,"New Hampshire",1,SAGDP11N,"Contributions to percent change in real GDP","Percentage points",41,"485","   Transit and ground passenger transportation",0.06,0.04,0.01,-0.05,0.00,0.00,0.00,0.00,0.01,-0.01,0.01,-0.02,0.00,0.01,0.01,0.01,0.02,0.00,-0.01,(NA)
 "33000" ,"New Hampshire",1,SAGDP11N,"Contributions to percent change in real GDP","Percentage points",42,"486","   Pipeline transportation",0.00,0.01,0.00,0.00,0.00,0.00,0.01,-0.01,0.00,0.00,0.00,0.00,0.00,0.00,0.00,0.00,0.00,0.00,0.00,(NA)
 "33000" ,"New Hampshire",1,SAGDP11N,"Contributions to percent change in real GDP","Percentage points",43,"487-488, 492","   Other transportation and support activities",0.03,-0.02,0.04,0.01,0.01,0.01,0.03,0.02,-0.02,-0.03,0.01,-0.03,0.00,0.00,-0.02,-0.03,0.00,0.01,0.03,(NA)
 "33000" ,"New Hampshire",1,SAGDP11N,"Contributions to percent change in real GDP","Percentage points",44,"493","   Warehousing and storage",0.06,0.04,0.02,-0.03,0.01,0.00,0.05,0.11,0.02,-0.08,-0.06,0.01,0.03,0.00,0.00,0.07,0.03,0.03,0.02,(NA)
 "33000" ,"New Hampshire",1,SAGDP11N,"Contributions to percent change in real GDP","Percentage points",45,"51","  Information",0.47,0.60,-0.31,0.45,0.39,-0.04,0.75,0.47,0.09,0.14,0.36,-0.09,0.06,-0.13,0.13,0.39,0.38,0.03,0.41,0.27
 "33000" ,"New Hampshire",1,SAGDP11N,"Contributions to percent change in real GDP","Percentage points",46,"511","   Publishing industries (except Internet)",0.32,0.53,-0.36,0.15,0.33,-0.12,0.38,0.18,-0.21,0.23,0.14,-0.30,0.13,-0.10,0.05,0.05,0.36,-0.40,0.15,(NA)
 "33000" ,"New Hampshire",1,SAGDP11N,"Contributions to percent change in real GDP","Percentage points",47,"512","   Motion picture and sound recording industries",0.02,0.07,-0.07,0.13,-0.07,-0.02,-0.04,0.01,0.02,0.02,-0.02,0.11,-0.06,0.00,0.02,0.04,0.03,-0.01,-0.02,(NA)
 "33000" ,"New Hampshire",1,SAGDP11N,"Contributions to percent change in real GDP","Percentage points",48,"515, 517","   Broadcasting (except Internet) and telecommunications",0.09,0.00,0.15,0.13,0.02,0.06,0.33,0.29,0.27,-0.05,0.13,0.12,-0.09,-0.10,-0.02,0.24,-0.04,0.31,0.09,(NA)
 "33000" ,"New Hampshire",1,SAGDP11N,"Contributions to percent change in real GDP","Percentage points",49,"518, 519","   Data processing, hosting, and other information services",0.04,0.00,-0.03,0.04,0.11,0.04,0.07,0.00,0.01,-0.06,0.11,-0.02,0.08,0.07,0.08,0.05,0.03,0.12,0.19,(NA)
 "33000" ,"New Hampshire",1,SAGDP11N,"Contributions to percent change in real GDP","Percentage points",50,"52, 53","  Finance, insurance, real estate, rental, and leasing",0.45,1.30,0.83,0.89,1.03,1.10,0.27,0.97,0.45,0.39,-0.95,1.43,0.36,0.76,1.40,0.16,0.82,0.26,0.47,-0.38
 "33000" ,"New Hampshire",1,SAGDP11N,"Contributions to percent change in real GDP","Percentage points",51,"52","   Finance and insurance",0.70,0.51,0.54,0.02,0.06,0.18,0.26,0.22,0.70,0.04,-1.17,1.29,0.01,0.14,1.03,0.36,0.67,0.10,0.36,-0.60
 "33000" ,"New Hampshire",1,SAGDP11N,"Contributions to percent change in real GDP","Percentage points",52,"521-522","    Monetary Authorities- central bank, credit intermediation, and related services",0.17,0.19,-0.03,0.13,0.18,0.08,-0.16,0.04,-0.02,-0.08,0.05,0.15,-0.08,0.08,0.06,-0.16,-0.02,0.00,-0.08,(NA)
 "33000" ,"New Hampshire",1,SAGDP11N,"Contributions to percent change in real GDP","Percentage points",53,"523","    Securities, commodity contracts, and other financial investments and related activities",0.30,0.22,0.31,0.10,0.00,-0.12,0.11,0.27,0.04,-0.22,-0.44,0.74,-0.03,-0.17,0.38,0.01,-0.25,-0.08,0.45,(NA)
 "33000" ,"New Hampshire",1,SAGDP11N,"Contributions to percent change in real GDP","Percentage points",54,"524","    Insurance carriers and related activities",0.21,0.11,0.26,-0.19,-0.10,0.21,0.33,-0.10,0.68,0.29,-0.78,0.42,0.09,0.19,0.62,0.55,0.95,0.16,0.04,(NA)
 "33000" ,"New Hampshire",1,SAGDP11N,"Contributions to percent change in real GDP","Percentage points",55,"525","    Funds, trusts, and other financial vehicles",0.02,-0.01,0.01,-0.02,-0.02,0.00,-0.02,0.01,0.01,0.05,0.00,-0.02,0.02,0.04,-0.03,-0.05,0.00,0.01,-0.04,(NA)
 "33000" ,"New Hampshire",1,SAGDP11N,"Contributions to percent change in real GDP","Percentage points",56,"53","   Real estate and rental and leasing",-0.25,0.79,0.29,0.88,0.97,0.93,0.01,0.75,-0.25,0.35,0.22,0.14,0.35,0.61,0.37,-0.20,0.15,0.17,0.11,0.22
 "33000" ,"New Hampshire",1,SAGDP11N,"Contributions to percent change in real GDP","Percentage points",57,"531","    Real estate",-0.39,0.61,0.19,0.71,0.91,0.95,0.04,0.63,-0.39,0.46,0.24,0.32,0.44,0.68,0.44,-0.31,0.01,0.05,-0.04,(NA)
 "33000" ,"New Hampshire",1,SAGDP11N,"Contributions to percent change in real GDP","Percentage points",58,"532-533","    Rental and leasing services and lessors of nonfinancial intangible assets",0.14,0.18,0.10,0.17,0.06,-0.03,-0.03,0.12,0.14,-0.11,-0.03,-0.18,-0.09,-0.06,-0.07,0.11,0.14,0.11,0.14,(NA)
 "33000" ,"New Hampshire",1,SAGDP11N,"Contributions to percent change in real GDP","Percentage points",59,"54, 55, 56","  Professional and business services",0.79,0.44,1.09,0.53,-0.24,0.38,0.64,0.36,0.58,-0.04,0.23,-0.56,0.58,0.28,0.54,0.01,0.92,0.39,0.19,1.15
 "33000" ,"New Hampshire",1,SAGDP11N,"Contributions to percent change in real GDP","Percentage points",60,"54","   Professional, scientific, and technical services",0.54,0.34,0.53,0.39,-0.02,0.17,0.24,0.37,0.11,-0.06,0.60,-0.44,0.29,0.24,0.22,0.11,0.47,0.19,0.17,0.85
 "33000" ,"New Hampshire",1,SAGDP11N,"Contributions to percent change in real GDP","Percentage points",61,"5411","    Legal services",0.08,0.03,0.08,0.04,0.08,0.23,0.06,-0.15,-0.12,-0.13,-0.04,-0.16,-0.03,-0.02,-0.04,-0.01,-0.03,-0.03,0.04,(NA)
 "33000" ,"New Hampshire",1,SAGDP11N,"Contributions to percent change in real GDP","Percentage points",62,"5415","    Computer systems design and related services",0.25,0.13,0.20,0.04,-0.19,0.18,0.05,0.22,0.16,0.12,0.25,-0.01,0.13,0.19,0.23,0.12,0.19,0.01,0.03,(NA)
 "33000" ,"New Hampshire",1,SAGDP11N,"Contributions to percent change in real GDP","Percentage points",63,"5412-5414, 5416-5419","    Miscellaneous professional, scientific, and technical services",0.21,0.19,0.26,0.30,0.09,-0.23,0.13,0.31,0.08,-0.05,0.39,-0.28,0.19,0.07,0.03,-0.01,0.31,0.21,0.09,(NA)
 "33000" ,"New Hampshire",1,SAGDP11N,"Contributions to percent change in real GDP","Percentage points",64,"55","   Management of companies and enterprises",0.21,-0.01,0.25,-0.18,-0.18,0.04,0.24,-0.02,0.29,-0.36,-0.40,-0.05,0.08,0.00,0.20,-0.10,0.24,0.04,0.00,0.13
 "33000" ,"New Hampshire",1,SAGDP11N,"Contributions to percent change in real GDP","Percentage points",65,"56","   Administrative and support and waste management and remediation services",0.04,0.10,0.30,0.33,-0.04,0.17,0.16,0.02,0.18,0.38,0.02,-0.07,0.22,0.04,0.12,0.00,0.21,0.15,0.03,0.17
 "33000" ,"New Hampshire",1,SAGDP11N,"Contributions to percent change in real GDP","Percentage points",66,"561","    Administrative and support services",-0.01,0.09,0.28,0.32,-0.07,0.17,0.16,0.02,0.19,0.35,0.03,-0.05,0.15,0.12,0.12,0.01,0.19,0.12,-0.01,(NA)
 "33000" ,"New Hampshire",1,SAGDP11N,"Contributions to percent change in real GDP","Percentage points",67,"562","    Waste management and remediation services",0.05,0.02,0.02,0.01,0.03,0.00,0.00,-0.01,-0.01,0.03,-0.01,-0.02,0.06,-0.08,0.00,0.00,0.03,0.03,0.04,(NA)
 "33000" ,"New Hampshire",1,SAGDP11N,"Contributions to percent change in real GDP","Percentage points",68,"61, 62","  Educational services, health care, and social assistance",0.15,0.33,0.51,0.47,0.46,0.48,0.43,0.24,0.37,0.19,0.71,0.50,-0.11,0.10,-0.15,0.14,0.15,0.40,0.18,0.14
 "33000" ,"New Hampshire",1,SAGDP11N,"Contributions to percent change in real GDP","Percentage points",69,"61","   Educational services",-0.03,0.07,0.10,0.06,0.08,0.15,0.11,-0.06,0.02,0.02,0.09,0.13,-0.04,-0.05,-0.02,0.02,0.04,0.09,0.00,-0.09
 "33000" ,"New Hampshire",1,SAGDP11N,"Contributions to percent change in real GDP","Percentage points",70,"62","   Health care and social assistance",0.18,0.26,0.41,0.41,0.38,0.33,0.32,0.30,0.35,0.17,0.62,0.37,-0.07,0.15,-0.13,0.12,0.11,0.31,0.18,0.23
 "33000" ,"New Hampshire",1,SAGDP11N,"Contributions to percent change in real GDP","Percentage points",71,"621","    Ambulatory health care services",0.15,0.18,0.24,0.17,0.23,0.17,0.23,0.17,0.15,0.05,0.30,0.16,0.03,0.12,-0.02,0.10,0.04,0.23,0.20,(NA)
 "33000" ,"New Hampshire",1,SAGDP11N,"Contributions to percent change in real GDP","Percentage points",72,"622","    Hospitals",0.02,0.04,0.15,0.17,0.11,0.11,0.11,0.11,0.16,0.11,0.24,0.19,-0.08,0.06,-0.11,0.02,0.07,0.07,0.01,(NA)
 "33000" ,"New Hampshire",1,SAGDP11N,"Contributions to percent change in real GDP","Percentage points",73,"623","    Nursing and residential care facilities",-0.01,0.00,-0.01,0.03,0.03,0.01,0.02,0.03,0.03,0.01,0.06,0.01,-0.01,0.00,-0.01,0.01,0.00,-0.01,-0.03,(NA)
 "33000" ,"New Hampshire",1,SAGDP11N,"Contributions to percent change in real GDP","Percentage points",74,"624","    Social assistance",0.03,0.04,0.04,0.03,0.01,0.04,-0.04,-0.01,0.00,0.00,0.01,0.01,-0.01,-0.02,0.00,-0.01,0.00,0.02,0.01,(NA)
 "33000" ,"New Hampshire",1,SAGDP11N,"Contributions to percent change in real GDP","Percentage points",75,"71, 72","  Arts, entertainment, recreation, accommodation, and food services",0.08,0.23,0.38,0.09,0.19,0.14,0.24,-0.05,-0.11,-0.03,-0.41,-0.05,0.24,0.16,0.12,0.35,-0.03,0.13,0.04,0.18
 "33000" ,"New Hampshire",1,SAGDP11N,"Contributions to percent change in real GDP","Percentage points",76,"71","   Arts, entertainment, and recreation",-0.01,0.05,0.11,0.02,0.05,0.08,0.14,0.00,0.03,-0.01,-0.20,-0.03,0.21,0.06,0.06,0.09,0.03,-0.06,0.04,0.08
 "33000" ,"New Hampshire",1,SAGDP11N,"Contributions to percent change in real GDP","Percentage points",77,"711-712","    Performing arts, spectator sports, museums, and related activities",0.03,0.01,0.08,0.08,0.04,0.06,0.11,0.01,0.03,0.00,-0.19,-0.07,0.12,0.01,0.02,-0.03,0.00,-0.12,-0.08,(NA)
 "33000" ,"New Hampshire",1,SAGDP11N,"Contributions to percent change in real GDP","Percentage points",78,"713","    Amusement, gambling, and recreation industries",-0.04,0.04,0.03,-0.05,0.01,0.02,0.03,-0.02,0.00,-0.01,-0.01,0.03,0.10,0.05,0.04,0.12,0.03,0.07,0.11,(NA)
 "33000" ,"New Hampshire",1,SAGDP11N,"Contributions to percent change in real GDP","Percentage points",79,"72","   Accommodation and food services",0.09,0.17,0.27,0.06,0.14,0.06,0.11,-0.05,-0.14,-0.02,-0.22,-0.01,0.02,0.10,0.05,0.26,-0.06,0.18,0.01,0.09
 "33000" ,"New Hampshire",1,SAGDP11N,"Contributions to percent change in real GDP","Percentage points",80,"721","    Accommodation",0.06,0.05,0.09,-0.02,0.07,0.06,0.04,-0.01,-0.14,0.08,-0.12,-0.01,-0.01,0.07,0.09,0.27,-0.11,0.09,-0.04,(NA)
 "33000" ,"New Hampshire",1,SAGDP11N,"Contributions to percent change in real GDP","Percentage points",81,"722","    Food services and drinking places",0.03,0.12,0.18,0.09,0.07,0.00,0.07,-0.04,0.00,-0.11,-0.09,0.00,0.03,0.03,-0.04,-0.01,0.04,0.10,0.04,(NA)
 "33000" ,"New Hampshire",1,SAGDP11N,"Contributions to percent change in real GDP","Percentage points",82,"81","  Other services (except government and government enterprises)",0.23,0.05,0.20,-0.28,0.13,-0.12,0.01,-0.01,0.00,-0.12,-0.12,-0.13,-0.02,-0.07,-0.01,-0.03,0.05,0.01,-0.02,0.02
 "33000" ,"New Hampshire",1,SAGDP11N,"Contributions to percent change in real GDP","Percentage points",83,"..."," Government and government enterprises",0.00,0.16,0.22,0.23,0.09,0.35,0.01,0.19,0.15,0.17,0.17,-0.37,0.25,-0.36,-0.22,-0.11,0.01,-0.31,-0.10,-0.01
 "33000" ,"New Hampshire",1,SAGDP11N,"Contributions to percent change in real GDP","Percentage points",84,"...","  Federal civilian",-0.01,-0.03,0.06,0.02,0.01,0.00,0.09,0.02,0.05,0.07,0.00,-0.06,-0.04,-0.05,0.01,0.00,0.05,0.05,0.03,(NA)
 "33000" ,"New Hampshire",1,SAGDP11N,"Contributions to percent change in real GDP","Percentage points",85,"...","  Military",-0.10,-0.03,-0.09,-0.07,-0.10,-0.05,0.02,0.01,-0.01,-0.07,-0.06,-0.09,-0.04,-0.07,-0.06,-0.06,-0.09,-0.08,-0.07,(NA)
 "33000" ,"New Hampshire",1,SAGDP11N,"Contributions to percent change in real GDP","Percentage points",86,"...","  State and local",0.11,0.22,0.25,0.28,0.18,0.40,-0.10,0.16,0.10,0.16,0.24,-0.22,0.33,-0.24,-0.17,-0.05,0.05,-0.28,-0.05,(NA)
 "33000" ,"New Hampshire",1,SAGDP11N,"Contributions to percent change in real GDP","Percentage points",87,"11, 21","Natural resources and mining",0.05,0.08,0.04,0.00,0.03,0.02,-0.01,-0.03,0.04,-0.04,-0.01,-0.05,-0.02,-0.06,0.07,-0.03,0.03,0.06,0.00,-0.04
 "33000" ,"New Hampshire",1,SAGDP11N,"Contributions to percent change in real GDP","Percentage points",88,"42, 44-45","Trade",1.97,0.92,1.33,1.15,0.53,0.52,-0.36,0.28,0.23,-0.66,0.12,-0.83,0.56,-0.53,-0.28,0.01,-0.18,0.25,0.15,0.37
 "33000" ,"New Hampshire",1,SAGDP11N,"Contributions to percent change in real GDP","Percentage points",89,"...","Transportation and utilities",0.04,0.48,0.03,-0.64,0.02,0.11,0.34,0.00,-0.07,-0.18,0.03,0.10,0.19,-0.02,-0.03,-0.02,-0.10,0.04,0.10,0.11
 "33000" ,"New Hampshire",1,SAGDP11N,"Contributions to percent change in real GDP","Percentage points",90,"...","Private goods-producing industries 2/",2.38,-1.67,2.62,-1.62,0.19,1.43,0.74,-1.11,0.79,-0.23,-1.17,-0.88,0.98,0.41,-0.23,0.75,-1.02,1.27,0.49,0.71
 "33000" ,"New Hampshire",1,SAGDP11N,"Contributions to percent change in real GDP","Percentage points",91,"...","Private services-providing industries 3/",4.18,4.33,4.06,2.65,2.52,2.57,2.31,2.27,1.53,-0.31,-0.04,0.38,1.87,0.54,1.72,1.00,2.00,1.50,1.53,1.85
"Note: See the included footnote file."
"SAGDP11N: Contributions to percent change in real GDP 1/"
"Last updated: November 14, 2018; revised statistics for 1997-2017."
"Source: U.S. Department of Commerce / Bureau of Economic Analysis / Regional Economic Accounts"
