GeoFIPS,GeoName,Region,TableName,ComponentName,Unit,IndustryId,IndustryClassification,Description,1998,1999,2000,2001,2002,2003,2004,2005,2006,2007,2008,2009,2010,2011,2012,2013,2014,2015,2016,2017
 "97000" ,"Rocky Mountain",7,SAGDP11N,"Contributions to percent change in real GDP","Percent change",1,"...","All industry total (percent change)",7.3,6.3,6.6,1.2,1.1,1.6,2.8,5.2,4.7,3.9,1.0,-2.4,1.0,1.5,1.1,2.7,3.4,3.9,2.2,2.3
 "97000" ,"Rocky Mountain",7,SAGDP11N,"Contributions to percent change in real GDP","Percentage points",2,"..."," Private industries",7.14,6.03,6.31,0.92,0.76,1.50,2.74,4.96,4.66,3.98,0.58,-2.34,1.02,1.54,1.18,2.84,3.26,3.75,1.87,2.14
 "97000" ,"Rocky Mountain",7,SAGDP11N,"Contributions to percent change in real GDP","Percentage points",3,"11","  Agriculture, forestry, fishing, and hunting",0.12,0.20,0.10,0.09,-0.02,-0.11,0.21,0.18,-0.03,-0.09,0.01,0.08,0.03,-0.05,-0.12,0.16,0.19,0.23,0.09,(D)
 "97000" ,"Rocky Mountain",7,SAGDP11N,"Contributions to percent change in real GDP","Percentage points",4,"111-112","   Farms",0.11,0.19,0.09,0.07,-0.02,-0.11,0.22,0.18,-0.07,-0.07,0.01,0.08,0.03,-0.05,-0.12,0.16,0.19,0.22,0.10,(NA)
 "97000" ,"Rocky Mountain",7,SAGDP11N,"Contributions to percent change in real GDP","Percentage points",5,"113-115","   Forestry, fishing, and related activities",0.01,0.01,0.00,0.03,0.00,0.00,-0.01,0.00,0.03,-0.01,0.00,0.00,0.00,0.00,0.01,0.00,0.00,0.01,0.00,(NA)
 "97000" ,"Rocky Mountain",7,SAGDP11N,"Contributions to percent change in real GDP","Percentage points",6,"21","  Mining, quarrying, and oil and gas extraction",0.13,-0.02,-0.02,0.34,0.04,0.17,0.28,0.78,0.86,0.08,0.30,0.55,-0.68,-0.04,-0.45,0.22,0.58,0.20,-0.19,0.11
 "97000" ,"Rocky Mountain",7,SAGDP11N,"Contributions to percent change in real GDP","Percentage points",7,"211","   Oil and gas extraction",-0.04,-0.10,-0.14,0.18,0.20,0.07,0.28,0.41,0.46,-0.22,0.24,0.98,-0.75,-0.26,0.01,0.18,0.55,0.75,0.10,(NA)
 "97000" ,"Rocky Mountain",7,SAGDP11N,"Contributions to percent change in real GDP","Percentage points",8,"212","   Mining (except oil and gas)",0.19,0.09,0.01,-0.01,-0.08,0.05,-0.14,0.21,-0.01,0.12,-0.12,0.08,0.01,0.01,-0.49,0.12,-0.11,-0.15,0.01,(NA)
 "97000" ,"Rocky Mountain",7,SAGDP11N,"Contributions to percent change in real GDP","Percentage points",9,"213","   Support activities for mining",-0.02,-0.01,0.11,0.17,-0.08,0.05,0.14,0.17,0.41,0.18,0.17,-0.51,0.05,0.21,0.03,-0.08,0.15,-0.40,-0.30,(NA)
 "97000" ,"Rocky Mountain",7,SAGDP11N,"Contributions to percent change in real GDP","Percentage points",10,"22","  Utilities",-0.07,0.23,0.00,-0.21,0.07,-0.05,0.12,-0.05,0.13,-0.05,0.12,-0.10,0.27,0.07,0.04,-0.02,-0.06,0.01,0.06,-0.04
 "97000" ,"Rocky Mountain",7,SAGDP11N,"Contributions to percent change in real GDP","Percentage points",11,"23","  Construction",0.53,0.28,0.27,-0.18,-0.38,-0.20,0.00,0.15,0.15,0.19,-0.50,-1.04,-0.53,-0.07,0.28,0.47,0.37,0.27,0.26,0.13
 "97000" ,"Rocky Mountain",7,SAGDP11N,"Contributions to percent change in real GDP","Percentage points",12,"31-33","  Manufacturing",0.71,0.75,2.03,-0.85,0.13,0.64,0.93,0.68,0.62,0.86,0.37,0.09,0.43,0.03,-0.51,0.10,0.13,0.34,-0.20,(D)
 "97000" ,"Rocky Mountain",7,SAGDP11N,"Contributions to percent change in real GDP","Percentage points",13,"321,327-339","   Durable goods manufacturing",0.70,0.53,1.94,-0.78,0.51,0.49,0.79,0.65,0.39,0.45,0.20,0.12,0.63,0.13,-0.16,0.05,-0.05,0.17,0.03,(D)
 "97000" ,"Rocky Mountain",7,SAGDP11N,"Contributions to percent change in real GDP","Percentage points",14,"321","    Wood product manufacturing",-0.03,0.03,-0.03,-0.02,0.00,0.01,0.01,0.03,-0.01,0.02,-0.03,-0.03,0.01,0.02,0.01,0.01,-0.01,0.02,0.01,(NA)
 "97000" ,"Rocky Mountain",7,SAGDP11N,"Contributions to percent change in real GDP","Percentage points",15,"327","    Nonmetallic mineral product manufacturing",0.01,0.03,0.00,0.00,-0.03,0.04,0.05,-0.01,0.00,0.02,0.00,-0.07,0.03,0.00,0.05,0.02,-0.02,0.01,-0.01,(NA)
 "97000" ,"Rocky Mountain",7,SAGDP11N,"Contributions to percent change in real GDP","Percentage points",16,"331","    Primary metal manufacturing",0.04,-0.01,0.06,-0.06,-0.02,-0.02,0.13,-0.05,0.07,0.02,-0.04,0.55,-0.02,-0.09,-0.23,-0.01,-0.06,0.00,0.00,(NA)
 "97000" ,"Rocky Mountain",7,SAGDP11N,"Contributions to percent change in real GDP","Percentage points",17,"332","    Fabricated metal product manufacturing",-0.02,-0.01,0.05,-0.09,0.01,0.03,0.01,0.03,0.03,0.07,-0.03,-0.13,0.03,0.04,0.03,0.02,0.02,-0.03,0.01,(NA)
 "97000" ,"Rocky Mountain",7,SAGDP11N,"Contributions to percent change in real GDP","Percentage points",18,"333","    Machinery manufacturing",0.06,-0.10,0.02,-0.02,0.00,-0.02,0.02,0.04,0.04,0.06,0.03,-0.06,0.03,0.05,-0.05,0.04,-0.05,0.02,-0.04,(NA)
 "97000" ,"Rocky Mountain",7,SAGDP11N,"Contributions to percent change in real GDP","Percentage points",19,"334","    Computer and electronic product manufacturing",0.62,0.58,1.77,-0.49,0.45,0.35,0.42,0.34,0.04,0.34,0.31,0.08,0.38,0.03,0.12,-0.03,0.02,0.04,-0.05,(NA)
 "97000" ,"Rocky Mountain",7,SAGDP11N,"Contributions to percent change in real GDP","Percentage points",20,"335","    Electrical equipment, appliance, and component manufacturing",-0.02,-0.01,0.02,0.01,0.02,0.00,0.01,0.01,0.04,-0.03,0.02,-0.02,0.01,0.01,0.02,0.01,-0.01,0.02,-0.01,(NA)
 "97000" ,"Rocky Mountain",7,SAGDP11N,"Contributions to percent change in real GDP","Percentage points",21,"3361-3363","    Motor vehicles, bodies and trailers, and parts manufacturing",-0.04,-0.05,0.02,-0.01,0.02,0.05,0.04,0.01,0.02,0.00,-0.05,-0.09,0.06,0.06,0.01,0.00,-0.01,0.03,0.00,(NA)
 "97000" ,"Rocky Mountain",7,SAGDP11N,"Contributions to percent change in real GDP","Percentage points",22,"3364-3369","    Other transportation equipment manufacturing",-0.05,-0.01,0.01,-0.03,-0.01,-0.01,0.06,0.14,0.06,-0.04,-0.01,-0.09,0.06,-0.08,-0.05,0.02,0.00,0.08,0.06,(NA)
 "97000" ,"Rocky Mountain",7,SAGDP11N,"Contributions to percent change in real GDP","Percentage points",23,"337","    Furniture and related product manufacturing",0.04,0.01,-0.01,-0.01,0.03,0.01,0.02,0.04,0.03,-0.04,-0.04,-0.04,0.00,0.01,-0.01,0.02,0.02,0.02,0.00,(NA)
 "97000" ,"Rocky Mountain",7,SAGDP11N,"Contributions to percent change in real GDP","Percentage points",24,"339","    Miscellaneous manufacturing",0.08,0.06,0.05,-0.06,0.04,0.06,0.02,0.07,0.06,0.04,0.03,0.02,0.05,0.09,-0.05,-0.04,0.05,-0.04,0.06,(NA)
 "97000" ,"Rocky Mountain",7,SAGDP11N,"Contributions to percent change in real GDP","Percentage points",25,"311-316,322-326","   Nondurable goods manufacturing",0.01,0.22,0.09,-0.07,-0.38,0.16,0.14,0.02,0.23,0.41,0.17,-0.04,-0.20,-0.10,-0.35,0.05,0.18,0.17,-0.23,(D)
 "97000" ,"Rocky Mountain",7,SAGDP11N,"Contributions to percent change in real GDP","Percentage points",26,"311-312","    Food and beverage and tobacco products manufacturing",-0.10,0.00,0.00,-0.06,-0.06,0.00,-0.03,0.00,0.15,0.17,-0.01,0.00,-0.05,-0.01,0.02,0.09,-0.02,0.02,-0.04,(NA)
 "97000" ,"Rocky Mountain",7,SAGDP11N,"Contributions to percent change in real GDP","Percentage points",27,"313-314","    Textile mills and textile product mills",0.00,0.01,0.01,-0.01,0.00,-0.02,0.02,0.00,0.00,0.00,0.01,-0.01,0.00,-0.01,0.01,0.00,0.00,0.03,-0.04,(NA)
 "97000" ,"Rocky Mountain",7,SAGDP11N,"Contributions to percent change in real GDP","Percentage points",28,"315-316","    Apparel, leather, and allied product manufacturing",0.02,-0.01,0.04,-0.01,-0.05,-0.01,-0.01,0.00,0.00,0.00,0.00,0.00,0.00,0.00,0.00,0.00,0.00,0.00,0.00,(NA)
 "97000" ,"Rocky Mountain",7,SAGDP11N,"Contributions to percent change in real GDP","Percentage points",29,"322","    Paper manufacturing",-0.09,0.05,-0.02,-0.04,0.01,0.02,0.02,-0.01,-0.02,-0.02,-0.02,0.04,-0.02,0.00,0.00,-0.01,-0.01,0.01,-0.01,(NA)
 "97000" ,"Rocky Mountain",7,SAGDP11N,"Contributions to percent change in real GDP","Percentage points",30,"323","    Printing and related support activities",-0.03,0.01,0.02,0.02,0.02,-0.01,0.03,0.01,0.03,-0.05,0.00,-0.04,0.01,0.01,-0.01,0.01,0.01,-0.01,0.01,(NA)
 "97000" ,"Rocky Mountain",7,SAGDP11N,"Contributions to percent change in real GDP","Percentage points",31,"324","    Petroleum and coal products manufacturing",0.18,-0.17,0.03,-0.04,-0.01,0.18,0.14,-0.01,0.04,0.24,0.13,-0.41,-0.05,-0.08,-0.11,0.17,0.14,0.06,-0.12,(NA)
 "97000" ,"Rocky Mountain",7,SAGDP11N,"Contributions to percent change in real GDP","Percentage points",32,"325","    Chemical manufacturing",0.03,0.29,0.01,0.07,-0.26,-0.04,-0.04,0.00,0.04,0.06,0.08,0.39,-0.10,0.00,-0.26,-0.24,0.04,0.05,-0.03,(NA)
 "97000" ,"Rocky Mountain",7,SAGDP11N,"Contributions to percent change in real GDP","Percentage points",33,"326","    Plastics and rubber products manufacturing",0.00,0.04,0.01,0.00,-0.03,0.04,0.00,0.03,-0.01,0.00,-0.02,0.01,0.02,-0.01,0.00,0.01,0.02,0.01,0.00,(NA)
 "97000" ,"Rocky Mountain",7,SAGDP11N,"Contributions to percent change in real GDP","Percentage points",34,"42","  Wholesale trade",0.62,0.23,0.53,0.11,-0.01,0.17,0.16,0.32,0.22,0.35,0.08,-0.70,0.20,0.06,0.24,0.23,0.28,0.21,0.07,0.21
 "97000" ,"Rocky Mountain",7,SAGDP11N,"Contributions to percent change in real GDP","Percentage points",35,"44-45","  Retail trade",0.79,0.29,0.21,0.31,0.31,0.27,0.22,0.32,0.25,0.05,-0.13,-0.32,0.08,-0.03,0.14,0.17,0.13,0.30,0.36,0.27
 "97000" ,"Rocky Mountain",7,SAGDP11N,"Contributions to percent change in real GDP","Percentage points",36,"48-49","  Transportation and warehousing",0.26,-0.08,0.02,-0.39,-0.01,0.19,0.36,0.29,-0.13,0.26,-0.10,-0.19,0.16,-0.07,0.13,0.38,0.19,0.19,-0.06,0.14
 "97000" ,"Rocky Mountain",7,SAGDP11N,"Contributions to percent change in real GDP","Percentage points",37,"481","   Air transportation",-0.02,-0.05,-0.13,-0.26,0.04,0.00,0.14,0.17,-0.21,0.25,-0.07,0.00,0.12,-0.03,0.00,0.07,0.01,0.03,0.12,(NA)
 "97000" ,"Rocky Mountain",7,SAGDP11N,"Contributions to percent change in real GDP","Percentage points",38,"482","   Rail transportation",0.01,0.01,0.05,-0.04,-0.04,0.06,0.06,0.04,0.04,0.00,0.04,-0.07,0.01,-0.06,0.03,-0.06,0.02,-0.02,-0.05,(NA)
 "97000" ,"Rocky Mountain",7,SAGDP11N,"Contributions to percent change in real GDP","Percentage points",39,"483","   Water transportation",0.00,0.00,0.00,0.00,0.00,0.00,0.00,0.00,0.00,0.00,0.00,0.00,0.00,0.00,0.00,0.00,0.00,0.00,0.00,(NA)
 "97000" ,"Rocky Mountain",7,SAGDP11N,"Contributions to percent change in real GDP","Percentage points",40,"484","   Truck transportation",0.07,0.00,0.04,-0.06,-0.04,0.01,0.05,0.04,0.08,0.05,-0.03,-0.06,0.04,0.05,0.03,0.00,0.04,-0.03,-0.05,(NA)
 "97000" ,"Rocky Mountain",7,SAGDP11N,"Contributions to percent change in real GDP","Percentage points",41,"485","   Transit and ground passenger transportation",0.02,0.01,0.00,0.01,0.00,-0.02,0.00,0.00,0.01,0.01,0.00,-0.02,0.00,0.00,0.01,0.00,0.01,0.00,-0.01,(NA)
 "97000" ,"Rocky Mountain",7,SAGDP11N,"Contributions to percent change in real GDP","Percentage points",42,"486","   Pipeline transportation",0.07,0.01,-0.03,0.01,0.01,0.01,0.00,0.01,0.00,0.01,0.00,0.01,0.02,-0.03,0.06,0.35,0.09,0.16,-0.09,(NA)
 "97000" ,"Rocky Mountain",7,SAGDP11N,"Contributions to percent change in real GDP","Percentage points",43,"487-488, 492","   Other transportation and support activities",0.06,-0.05,0.05,-0.03,0.02,0.12,0.10,0.01,-0.07,-0.05,-0.04,-0.05,-0.02,-0.01,-0.03,0.00,0.02,0.03,0.01,(NA)
 "97000" ,"Rocky Mountain",7,SAGDP11N,"Contributions to percent change in real GDP","Percentage points",44,"493","   Warehousing and storage",0.06,-0.02,0.04,-0.01,-0.01,0.02,0.01,0.01,0.02,-0.01,0.00,0.00,0.01,0.00,0.02,0.01,0.01,0.01,0.01,(NA)
 "97000" ,"Rocky Mountain",7,SAGDP11N,"Contributions to percent change in real GDP","Percentage points",45,"51","  Information",1.52,1.28,0.45,-0.13,-0.03,0.02,0.17,0.46,0.38,0.47,0.25,-0.23,0.12,0.07,-0.18,0.39,0.07,0.21,0.36,0.04
 "97000" ,"Rocky Mountain",7,SAGDP11N,"Contributions to percent change in real GDP","Percentage points",46,"511","   Publishing industries (except Internet)",0.65,0.41,-0.21,-0.14,0.11,0.00,0.05,0.16,-0.22,0.21,-0.12,-0.19,0.04,0.06,0.01,0.08,-0.04,0.05,0.19,(NA)
 "97000" ,"Rocky Mountain",7,SAGDP11N,"Contributions to percent change in real GDP","Percentage points",47,"512","   Motion picture and sound recording industries",0.04,0.10,0.17,0.12,-0.26,-0.04,0.05,-0.07,0.03,0.01,0.01,0.02,-0.01,-0.01,0.00,0.05,0.03,-0.02,-0.01,(NA)
 "97000" ,"Rocky Mountain",7,SAGDP11N,"Contributions to percent change in real GDP","Percentage points",48,"515, 517","   Broadcasting (except Internet) and telecommunications",0.84,0.82,0.55,-0.32,-0.08,0.06,-0.01,0.39,0.52,0.35,0.15,-0.10,-0.06,-0.15,-0.07,0.20,-0.02,0.02,-0.03,(NA)
 "97000" ,"Rocky Mountain",7,SAGDP11N,"Contributions to percent change in real GDP","Percentage points",49,"518, 519","   Data processing, hosting, and other information services",-0.01,-0.06,-0.06,0.21,0.19,0.01,0.08,-0.02,0.05,-0.10,0.20,0.04,0.14,0.16,-0.13,0.06,0.10,0.16,0.21,(NA)
 "97000" ,"Rocky Mountain",7,SAGDP11N,"Contributions to percent change in real GDP","Percentage points",50,"52, 53","  Finance, insurance, real estate, rental, and leasing",1.61,1.73,1.33,1.63,0.23,-0.10,-0.48,0.85,1.06,1.12,-0.73,0.05,0.37,0.93,0.66,-0.03,0.33,0.92,0.46,0.06
 "97000" ,"Rocky Mountain",7,SAGDP11N,"Contributions to percent change in real GDP","Percentage points",51,"52","   Finance and insurance",0.87,0.71,0.66,0.89,0.10,-0.03,0.06,0.51,0.45,0.11,-0.92,0.37,-0.21,0.34,0.44,-0.33,0.17,0.27,-0.17,-0.17
 "97000" ,"Rocky Mountain",7,SAGDP11N,"Contributions to percent change in real GDP","Percentage points",52,"521-522","    Monetary Authorities- central bank, credit intermediation, and related services",0.58,0.43,0.22,0.67,0.44,-0.04,0.12,0.11,0.31,-0.07,-0.32,-0.08,-0.19,0.37,0.30,-0.23,-0.04,0.13,-0.14,(NA)
 "97000" ,"Rocky Mountain",7,SAGDP11N,"Contributions to percent change in real GDP","Percentage points",53,"523","    Securities, commodity contracts, and other financial investments and related activities",0.06,0.16,0.26,0.26,-0.22,-0.10,-0.06,0.14,0.07,-0.18,-0.31,0.47,-0.04,-0.13,0.15,0.05,-0.16,0.02,0.14,(NA)
 "97000" ,"Rocky Mountain",7,SAGDP11N,"Contributions to percent change in real GDP","Percentage points",54,"524","    Insurance carriers and related activities",0.19,0.11,0.23,-0.06,-0.10,0.10,-0.01,0.25,0.04,0.29,-0.30,0.05,-0.01,0.04,0.04,-0.17,0.24,0.17,0.04,(NA)
 "97000" ,"Rocky Mountain",7,SAGDP11N,"Contributions to percent change in real GDP","Percentage points",55,"525","    Funds, trusts, and other financial vehicles",0.05,0.02,-0.05,0.02,-0.02,0.01,0.01,0.02,0.02,0.07,0.01,-0.07,0.03,0.05,-0.03,0.01,0.13,-0.05,-0.20,(NA)
 "97000" ,"Rocky Mountain",7,SAGDP11N,"Contributions to percent change in real GDP","Percentage points",56,"53","   Real estate and rental and leasing",0.74,1.02,0.66,0.74,0.13,-0.07,-0.54,0.33,0.61,1.01,0.20,-0.32,0.58,0.59,0.22,0.30,0.16,0.65,0.63,0.23
 "97000" ,"Rocky Mountain",7,SAGDP11N,"Contributions to percent change in real GDP","Percentage points",57,"531","    Real estate",0.24,0.74,0.56,0.45,0.17,0.08,-0.21,0.60,0.19,0.86,0.29,0.19,0.66,0.57,0.16,0.36,0.20,0.39,0.54,(NA)
 "97000" ,"Rocky Mountain",7,SAGDP11N,"Contributions to percent change in real GDP","Percentage points",58,"532-533","    Rental and leasing services and lessors of nonfinancial intangible assets",0.50,0.28,0.11,0.29,-0.04,-0.14,-0.33,-0.26,0.43,0.14,-0.10,-0.51,-0.08,0.02,0.05,-0.06,-0.03,0.26,0.09,(NA)
 "97000" ,"Rocky Mountain",7,SAGDP11N,"Contributions to percent change in real GDP","Percentage points",59,"54, 55, 56","  Professional and business services",0.49,0.75,0.76,0.30,-0.08,0.33,0.35,0.67,0.61,0.59,0.54,-0.43,0.42,0.35,0.66,0.32,0.60,0.32,0.25,0.76
 "97000" ,"Rocky Mountain",7,SAGDP11N,"Contributions to percent change in real GDP","Percentage points",60,"54","   Professional, scientific, and technical services",0.42,0.35,0.45,0.24,0.02,0.14,0.24,0.37,0.39,0.42,0.56,-0.20,0.22,0.26,0.26,0.37,0.37,0.21,0.23,0.39
 "97000" ,"Rocky Mountain",7,SAGDP11N,"Contributions to percent change in real GDP","Percentage points",61,"5411","    Legal services",0.04,0.02,0.05,0.02,-0.01,0.00,0.00,-0.01,0.03,0.03,0.07,-0.06,-0.05,0.01,-0.01,-0.04,-0.02,-0.02,0.00,(NA)
 "97000" ,"Rocky Mountain",7,SAGDP11N,"Contributions to percent change in real GDP","Percentage points",62,"5415","    Computer systems design and related services",0.19,0.25,0.27,0.04,-0.17,0.15,0.12,0.15,0.14,0.17,0.15,0.05,0.14,0.13,0.21,0.15,0.09,0.08,0.23,(NA)
 "97000" ,"Rocky Mountain",7,SAGDP11N,"Contributions to percent change in real GDP","Percentage points",63,"5412-5414, 5416-5419","    Miscellaneous professional, scientific, and technical services",0.19,0.08,0.13,0.19,0.20,0.00,0.11,0.23,0.21,0.22,0.34,-0.20,0.13,0.11,0.06,0.26,0.30,0.15,0.00,(NA)
 "97000" ,"Rocky Mountain",7,SAGDP11N,"Contributions to percent change in real GDP","Percentage points",64,"55","   Management of companies and enterprises",0.02,0.15,0.11,-0.04,-0.05,0.05,0.00,0.06,0.08,-0.03,-0.04,0.00,0.09,0.04,0.25,-0.11,0.10,0.05,-0.07,0.21
 "97000" ,"Rocky Mountain",7,SAGDP11N,"Contributions to percent change in real GDP","Percentage points",65,"56","   Administrative and support and waste management and remediation services",0.04,0.25,0.20,0.09,-0.04,0.13,0.11,0.23,0.14,0.20,0.02,-0.23,0.11,0.05,0.14,0.06,0.13,0.05,0.10,0.16
 "97000" ,"Rocky Mountain",7,SAGDP11N,"Contributions to percent change in real GDP","Percentage points",66,"561","    Administrative and support services",0.04,0.17,0.20,0.04,-0.06,0.15,0.16,0.22,0.20,0.23,0.02,-0.24,0.05,0.08,0.15,0.07,0.12,0.05,0.07,(NA)
 "97000" ,"Rocky Mountain",7,SAGDP11N,"Contributions to percent change in real GDP","Percentage points",67,"562","    Waste management and remediation services",0.00,0.08,-0.01,0.04,0.02,-0.02,-0.05,0.01,-0.06,-0.04,0.00,0.01,0.06,-0.03,0.00,-0.01,0.02,0.00,0.03,(NA)
 "97000" ,"Rocky Mountain",7,SAGDP11N,"Contributions to percent change in real GDP","Percentage points",68,"61, 62","  Educational services, health care, and social assistance",0.07,0.17,0.31,0.23,0.28,0.26,0.32,0.17,0.32,0.12,0.45,0.29,0.11,0.16,0.14,0.20,0.21,0.31,0.34,0.13
 "97000" ,"Rocky Mountain",7,SAGDP11N,"Contributions to percent change in real GDP","Percentage points",69,"61","   Educational services",-0.01,0.06,0.05,0.05,-0.01,0.03,0.06,0.01,0.04,0.01,0.05,0.06,0.05,0.00,0.01,0.00,0.02,0.01,0.03,-0.02
 "97000" ,"Rocky Mountain",7,SAGDP11N,"Contributions to percent change in real GDP","Percentage points",70,"62","   Health care and social assistance",0.08,0.12,0.26,0.18,0.28,0.22,0.26,0.16,0.28,0.10,0.40,0.23,0.06,0.16,0.13,0.20,0.19,0.30,0.31,0.15
 "97000" ,"Rocky Mountain",7,SAGDP11N,"Contributions to percent change in real GDP","Percentage points",71,"621","    Ambulatory health care services",0.02,0.06,0.15,0.11,0.18,0.12,0.13,0.11,0.18,0.04,0.21,0.08,0.04,0.11,0.05,0.13,0.12,0.19,0.24,(NA)
 "97000" ,"Rocky Mountain",7,SAGDP11N,"Contributions to percent change in real GDP","Percentage points",72,"622","    Hospitals",0.04,0.01,0.08,0.03,0.07,0.06,0.11,0.02,0.08,0.05,0.14,0.15,0.01,0.07,0.07,0.03,0.05,0.09,0.06,(NA)
 "97000" ,"Rocky Mountain",7,SAGDP11N,"Contributions to percent change in real GDP","Percentage points",73,"623","    Nursing and residential care facilities",0.00,0.01,0.01,0.01,0.02,0.01,0.01,0.00,0.02,0.00,0.03,0.01,0.01,0.00,0.00,0.02,0.01,0.01,0.01,(NA)
 "97000" ,"Rocky Mountain",7,SAGDP11N,"Contributions to percent change in real GDP","Percentage points",74,"624","    Social assistance",0.02,0.03,0.02,0.03,0.01,0.03,0.02,0.02,0.01,0.01,0.02,-0.01,0.00,-0.02,0.01,0.02,0.01,0.01,0.00,(NA)
 "97000" ,"Rocky Mountain",7,SAGDP11N,"Contributions to percent change in real GDP","Percentage points",75,"71, 72","  Arts, entertainment, recreation, accommodation, and food services",0.14,0.22,0.28,-0.07,0.16,-0.06,0.09,0.15,0.19,0.04,-0.03,-0.28,0.11,0.15,0.08,0.25,0.16,0.22,0.05,0.18
 "97000" ,"Rocky Mountain",7,SAGDP11N,"Contributions to percent change in real GDP","Percentage points",76,"71","   Arts, entertainment, and recreation",0.01,0.04,0.08,-0.04,0.07,-0.06,-0.06,0.06,0.03,0.03,0.02,-0.01,0.05,0.03,0.01,0.17,0.12,0.05,0.05,0.09
 "97000" ,"Rocky Mountain",7,SAGDP11N,"Contributions to percent change in real GDP","Percentage points",77,"711-712","    Performing arts, spectator sports, museums, and related activities",0.03,0.02,0.02,0.03,0.06,-0.06,-0.07,0.01,0.01,0.01,0.03,0.02,-0.06,0.01,0.02,0.12,0.05,0.01,0.02,(NA)
 "97000" ,"Rocky Mountain",7,SAGDP11N,"Contributions to percent change in real GDP","Percentage points",78,"713","    Amusement, gambling, and recreation industries",-0.02,0.02,0.07,-0.07,0.01,0.00,0.02,0.04,0.02,0.02,-0.01,-0.03,0.11,0.01,-0.01,0.05,0.07,0.04,0.03,(NA)
 "97000" ,"Rocky Mountain",7,SAGDP11N,"Contributions to percent change in real GDP","Percentage points",79,"72","   Accommodation and food services",0.13,0.18,0.19,-0.03,0.08,0.00,0.15,0.10,0.16,0.01,-0.06,-0.27,0.05,0.12,0.07,0.09,0.04,0.17,0.00,0.09
 "97000" ,"Rocky Mountain",7,SAGDP11N,"Contributions to percent change in real GDP","Percentage points",80,"721","    Accommodation",0.02,0.06,0.07,-0.05,0.05,0.00,0.09,-0.01,0.07,0.00,0.02,-0.11,0.05,0.08,0.03,0.03,-0.06,0.07,-0.01,(NA)
 "97000" ,"Rocky Mountain",7,SAGDP11N,"Contributions to percent change in real GDP","Percentage points",81,"722","    Food services and drinking places",0.11,0.11,0.12,0.02,0.04,0.00,0.06,0.11,0.09,0.01,-0.08,-0.15,0.00,0.04,0.04,0.06,0.10,0.10,0.01,(NA)
 "97000" ,"Rocky Mountain",7,SAGDP11N,"Contributions to percent change in real GDP","Percentage points",82,"81","  Other services (except government and government enterprises)",0.22,0.00,0.05,-0.26,0.09,-0.03,0.02,0.00,0.03,-0.01,-0.04,-0.13,-0.06,-0.01,0.07,0.01,0.08,0.03,0.01,0.04
 "97000" ,"Rocky Mountain",7,SAGDP11N,"Contributions to percent change in real GDP","Percentage points",83,"..."," Government and government enterprises",0.14,0.27,0.27,0.30,0.32,0.08,0.03,0.22,0.01,-0.03,0.41,-0.03,0.03,-0.02,-0.06,-0.11,0.12,0.18,0.32,0.20
 "97000" ,"Rocky Mountain",7,SAGDP11N,"Contributions to percent change in real GDP","Percentage points",84,"...","  Federal civilian",0.03,0.03,0.17,0.00,0.03,-0.01,0.04,-0.03,0.02,0.01,0.00,0.03,0.07,0.00,-0.02,-0.10,0.06,0.09,0.11,(NA)
 "97000" ,"Rocky Mountain",7,SAGDP11N,"Contributions to percent change in real GDP","Percentage points",85,"...","  Military",-0.01,0.02,0.03,-0.01,0.04,0.03,-0.02,0.07,-0.06,-0.02,0.05,0.08,0.07,0.00,-0.03,-0.05,-0.04,-0.05,-0.03,(NA)
 "97000" ,"Rocky Mountain",7,SAGDP11N,"Contributions to percent change in real GDP","Percentage points",86,"...","  State and local",0.12,0.22,0.07,0.31,0.26,0.05,0.01,0.18,0.04,-0.03,0.37,-0.15,-0.11,-0.02,-0.01,0.04,0.09,0.15,0.23,(NA)
 "97000" ,"Rocky Mountain",7,SAGDP11N,"Contributions to percent change in real GDP","Percentage points",87,"11, 21","Natural resources and mining",0.25,0.18,0.08,0.44,0.02,0.06,0.49,0.96,0.82,-0.01,0.30,0.63,-0.65,-0.09,-0.57,0.39,0.77,0.43,-0.09,(D)
 "97000" ,"Rocky Mountain",7,SAGDP11N,"Contributions to percent change in real GDP","Percentage points",88,"42, 44-45","Trade",1.41,0.52,0.75,0.42,0.30,0.44,0.37,0.64,0.47,0.40,-0.05,-1.02,0.28,0.03,0.38,0.39,0.41,0.51,0.43,0.48
 "97000" ,"Rocky Mountain",7,SAGDP11N,"Contributions to percent change in real GDP","Percentage points",89,"...","Transportation and utilities",0.19,0.15,0.01,-0.60,0.06,0.15,0.48,0.23,0.00,0.21,0.02,-0.28,0.43,0.01,0.17,0.36,0.13,0.20,0.00,0.11
 "97000" ,"Rocky Mountain",7,SAGDP11N,"Contributions to percent change in real GDP","Percentage points",90,"...","Private goods-producing industries 2/",1.48,1.21,2.38,-0.59,-0.24,0.50,1.42,1.79,1.59,1.04,0.17,-0.31,-0.76,-0.13,-0.79,0.95,1.27,1.04,-0.04,0.33
 "97000" ,"Rocky Mountain",7,SAGDP11N,"Contributions to percent change in real GDP","Percentage points",91,"...","Private services-providing industries 3/",5.65,4.81,3.93,1.51,1.00,1.00,1.32,3.17,3.06,2.93,0.41,-2.03,1.78,1.67,1.98,1.89,1.99,2.72,1.91,1.81
"Note: See the included footnote file."
"SAGDP11N: Contributions to percent change in real GDP 1/"
"Last updated: November 14, 2018; revised statistics for 1997-2017."
"Source: U.S. Department of Commerce / Bureau of Economic Analysis / Regional Economic Accounts"
