GeoFIPS,GeoName,Region,TableName,ComponentName,Unit,IndustryId,IndustryClassification,Description,1997,1998,1999,2000,2001,2002,2003,2004,2005,2006,2007,2008,2009,2010,2011,2012,2013,2014,2015,2016,2017
 "06000" ,"California",8,SAGDP3N,"Taxes on production and imports less subsidies","Thousands of dollars",1,"...","All industry total",64752610,67638559,70078048,75772863,71469786,85670669,86930917,94684931,97649647,110215564,115236593,124132408,119777885,123104448,131217186,128840048,139175701,148464112,157903792,157107868,(NA)
 "06000" ,"California",8,SAGDP3N,"Taxes on production and imports less subsidies","Thousands of dollars",2,"..."," Private industries",67116215,69595374,72164049,77650219,73439505,87988264,89432333,97374359,100354300,113093413,118111027,126965199,123064184,126433452,134456551,131768578,142173928,151707499,161077238,160543034,(NA)
 "06000" ,"California",8,SAGDP3N,"Taxes on production and imports less subsidies","Thousands of dollars",3,"11","  Agriculture, forestry, fishing, and hunting",-521234,-1225722,-2885939,-3060087,-2889415,-1521013,-1871000,-1202621,-3269736,-1678243,-1105266,-662184,-907485,-903051,-364847,-420140,-230128,-216945,-484292,-1085069,(NA)
 "06000" ,"California",8,SAGDP3N,"Taxes on production and imports less subsidies","Thousands of dollars",4,"111-112","   Farms",-650726,-1353168,-3020628,-3192452,-3019808,-1657153,-2016592,-1352096,-3426091,-1865882,-1324951,-974850,-1163239,-1179451,-666886,-712077,-564065,-549080,-827668,-1435932,(NA)
 "06000" ,"California",8,SAGDP3N,"Taxes on production and imports less subsidies","Thousands of dollars",5,"113-115","   Forestry, fishing, and related activities",129491,127446,134689,132365,130393,136140,145592,149476,156355,187639,219685,312666,255754,276400,302039,291937,333936,332135,343376,350863,(NA)
 "06000" ,"California",8,SAGDP3N,"Taxes on production and imports less subsidies","Thousands of dollars",6,"21","  Mining, quarrying, and oil and gas extraction",477853,456271,405223,430015,469459,547219,611381,844954,1022040,1289329,1555373,2060407,1675683,1802217,1649168,1807302,1936518,2177517,1918923,1667182,(NA)
 "06000" ,"California",8,SAGDP3N,"Taxes on production and imports less subsidies","Thousands of dollars",7,"211","   Oil and gas extraction",384440,360329,313006,335438,382542,465269,529065,759536,929622,1183006,1430789,1902864,1522134,1649061,1481903,1625775,1731897,1959027,1723768,1473517,(NA)
 "06000" ,"California",8,SAGDP3N,"Taxes on production and imports less subsidies","Thousands of dollars",8,"212","   Mining (except oil and gas)",50607,51416,53634,53898,52308,49938,52635,54136,57406,61814,69510,79479,76600,76975,87395,94018,114919,124426,118927,115654,(NA)
 "06000" ,"California",8,SAGDP3N,"Taxes on production and imports less subsidies","Thousands of dollars",9,"213","   Support activities for mining",42806,44526,38583,40679,34609,32012,29681,31281,35012,44508,55074,78064,76949,76181,79871,87509,89702,94064,76227,78011,(NA)
 "06000" ,"California",8,SAGDP3N,"Taxes on production and imports less subsidies","Thousands of dollars",10,"22","  Utilities",3170400,3309460,3389812,3568737,-3289344,3764446,4614121,4618271,4821247,5388578,6339572,6776725,7010224,7003411,7124096,6915194,6987744,6943309,7210699,7351444,(NA)
 "06000" ,"California",8,SAGDP3N,"Taxes on production and imports less subsidies","Thousands of dollars",11,"23","  Construction",428489,487798,540906,621658,682298,757354,777463,928742,948116,962840,984502,996662,969626,876116,876815,908079,980299,1028193,1126471,1175255,(NA)
 "06000" ,"California",8,SAGDP3N,"Taxes on production and imports less subsidies","Thousands of dollars",12,"31-33","  Manufacturing",4254157,4457697,4652393,5306142,5265836,5640954,5724542,6200922,6517142,6955892,7368267,8410222,9149487,8676179,8865319,8775310,9761194,10076510,10554396,10320415,(NA)
 "06000" ,"California",8,SAGDP3N,"Taxes on production and imports less subsidies","Thousands of dollars",13,"321,327-339","   Durable goods manufacturing",1626419,1772678,1934456,2200308,2292239,2372300,2381698,2536011,2461053,2655462,2992373,3501388,3600669,3445006,3400337,3245615,3873941,3956296,4049128,3871503,(NA)
 "06000" ,"California",8,SAGDP3N,"Taxes on production and imports less subsidies","Thousands of dollars",14,"321","    Wood product manufacturing",36501,38371,39457,40509,35496,37767,38313,42371,40089,42040,44768,49930,47217,41208,38374,35868,38341,40166,42986,47043,(NA)
 "06000" ,"California",8,SAGDP3N,"Taxes on production and imports less subsidies","Thousands of dollars",15,"327","    Nonmetallic mineral product manufacturing",61051,65829,68218,72214,68161,75699,77442,87164,85383,90851,100773,114334,114540,101752,98483,94058,95553,99722,104275,107201,(NA)
 "06000" ,"California",8,SAGDP3N,"Taxes on production and imports less subsidies","Thousands of dollars",16,"331","    Primary metal manufacturing",81937,84253,83483,87094,72145,79582,78323,83668,77954,83832,94386,122532,127681,115972,118317,105736,106533,104044,106512,107429,(NA)
 "06000" ,"California",8,SAGDP3N,"Taxes on production and imports less subsidies","Thousands of dollars",17,"332","    Fabricated metal product manufacturing",148140,157351,157142,163550,153779,158126,155728,178807,164294,176181,201600,261562,247015,231933,245058,226273,263186,260294,268764,268455,(NA)
 "06000" ,"California",8,SAGDP3N,"Taxes on production and imports less subsidies","Thousands of dollars",18,"333","    Machinery manufacturing",136902,157399,174724,216915,192451,192347,193022,190836,176949,191085,217121,249289,257240,247250,250308,231935,245629,253543,267080,295323,(NA)
 "06000" ,"California",8,SAGDP3N,"Taxes on production and imports less subsidies","Thousands of dollars",19,"334","    Computer and electronic product manufacturing",800068,868824,1001680,1190358,1287797,1312586,1319194,1382284,1398652,1509047,1700475,1928762,2017869,2012195,1992938,1916868,2092454,2222163,2238276,2224905,(NA)
 "06000" ,"California",8,SAGDP3N,"Taxes on production and imports less subsidies","Thousands of dollars",20,"335","    Electrical equipment, appliance, and component manufacturing",43328,47313,50359,57831,65364,66559,62092,65754,58257,59960,68563,74601,68402,21983,6144,28687,54994,63586,69771,75399,(NA)
 "06000" ,"California",8,SAGDP3N,"Taxes on production and imports less subsidies","Thousands of dollars",21,"3361-3363","    Motor vehicles, bodies and trailers, and parts manufacturing",49514,54248,53979,55145,61271,69352,69579,78526,71872,77995,85151,123835,128680,116781,79091,69821,75688,94302,109938,127429,(NA)
 "06000" ,"California",8,SAGDP3N,"Taxes on production and imports less subsidies","Thousands of dollars",22,"3364-3369","    Other transportation equipment manufacturing",156750,173490,174386,174440,180381,196693,193457,211841,197637,214205,239031,290158,314212,289023,290853,265734,271703,279818,314018,320053,(NA)
 "06000" ,"California",8,SAGDP3N,"Taxes on production and imports less subsidies","Thousands of dollars",23,"337","    Furniture and related product manufacturing",18660,21592,23005,24771,24977,27278,26655,32415,29428,30900,34490,38388,35789,30618,30051,28813,30128,31144,33705,34462,(NA)
 "06000" ,"California",8,SAGDP3N,"Taxes on production and imports less subsidies","Thousands of dollars",24,"339","    Miscellaneous manufacturing",93566,104007,108022,117480,150416,156312,167891,182346,160538,179366,206017,247999,242024,236292,250719,241823,599732,507515,493803,263804,(NA)
 "06000" ,"California",8,SAGDP3N,"Taxes on production and imports less subsidies","Thousands of dollars",25,"311-316,322-326","   Nondurable goods manufacturing",2627738,2685019,2717937,3105834,2973597,3268654,3342845,3664911,4056089,4300430,4375894,4908834,5548818,5231173,5464983,5529695,5887253,6120214,6505268,6448912,(NA)
 "06000" ,"California",8,SAGDP3N,"Taxes on production and imports less subsidies","Thousands of dollars",26,"311-312","    Food and beverage and tobacco products manufacturing",1767013,1793285,1782894,2108506,1960974,2153341,2168883,2337255,2642504,2811713,2666028,2780236,3067841,3072123,3122852,3137880,3241717,3311450,3609672,3477470,(NA)
 "06000" ,"California",8,SAGDP3N,"Taxes on production and imports less subsidies","Thousands of dollars",27,"313-314","    Textile mills and textile product mills",39710,42803,44415,45211,37053,40977,39462,44176,44340,45684,48321,57905,60477,53547,50724,47010,48877,47425,48445,49079,(NA)
 "06000" ,"California",8,SAGDP3N,"Taxes on production and imports less subsidies","Thousands of dollars",28,"315-316","    Apparel, leather, and allied product manufacturing",35964,40492,45144,48324,48767,53606,53707,59764,56665,61396,73915,87761,85687,82645,75502,72489,72141,66012,66406,67998,(NA)
 "06000" ,"California",8,SAGDP3N,"Taxes on production and imports less subsidies","Thousands of dollars",29,"322","    Paper manufacturing",86787,91572,87958,89000,75475,79992,79271,83289,78822,84327,91525,106436,105713,98249,96826,88371,89066,90459,98004,105037,(NA)
 "06000" ,"California",8,SAGDP3N,"Taxes on production and imports less subsidies","Thousands of dollars",30,"323","    Printing and related support activities",54941,59650,61131,62856,56663,58199,55590,61538,56262,59851,68451,80888,79719,70382,64996,60044,58980,60319,61939,63246,(NA)
 "06000" ,"California",8,SAGDP3N,"Taxes on production and imports less subsidies","Thousands of dollars",31,"324","    Petroleum and coal products manufacturing",256272,256177,248735,246458,222102,253871,257123,299020,326025,356529,438137,574387,590994,556656,595583,554639,584620,552563,530472,503968,(NA)
 "06000" ,"California",8,SAGDP3N,"Taxes on production and imports less subsidies","Thousands of dollars",32,"325","    Chemical manufacturing",316433,326844,371889,427435,499887,552888,614765,699628,777518,801219,899270,1112899,1446665,1195631,1359628,1475763,1698277,1895242,1988299,2078439,(NA)
 "06000" ,"California",8,SAGDP3N,"Taxes on production and imports less subsidies","Thousands of dollars",33,"326","    Plastics and rubber products manufacturing",70617,74196,75771,78044,72676,75782,74043,80241,73954,79711,90246,108321,111721,101941,98872,93500,93575,96744,102029,103675,(NA)
 "06000" ,"California",8,SAGDP3N,"Taxes on production and imports less subsidies","Thousands of dollars",34,"42","  Wholesale trade",17001401,17728401,18690940,19959530,19543085,19747581,20044277,19749129,22317635,24980232,26068666,26099997,23216567,26168960,33329491,31629227,33864828,37192891,41697204,38508027,(NA)
 "06000" ,"California",8,SAGDP3N,"Taxes on production and imports less subsidies","Thousands of dollars",35,"44-45","  Retail trade",15873984,16602080,18426751,20187245,21121107,22099392,22653813,25645951,26569609,30464884,29446579,28581994,25956000,28487047,28703564,29086136,32449163,33672994,34269651,34601222,(NA)
 "06000" ,"California",8,SAGDP3N,"Taxes on production and imports less subsidies","Thousands of dollars",36,"48-49","  Transportation and warehousing",1749799,2151112,2214557,2417532,1496002,2276814,1963154,2482354,2477243,2437885,2707927,2838491,2785887,2503070,2656224,2727811,3123181,3510537,3735286,4182275,(NA)
 "06000" ,"California",8,SAGDP3N,"Taxes on production and imports less subsidies","Thousands of dollars",37,"481","   Air transportation",1356703,1654708,1737776,1941305,1080443,1928564,1605585,2159786,2129770,2053465,2233113,2223024,2228219,2047809,2069742,2095111,2411232,2688869,2853756,3248936,(NA)
 "06000" ,"California",8,SAGDP3N,"Taxes on production and imports less subsidies","Thousands of dollars",38,"482","   Rail transportation",-161404,-105161,-126230,-141388,-144375,-227820,-235430,-267749,-307821,-312802,-266215,-304398,-389693,-475665,-356916,-270542,-278961,-247296,-269419,-280894,(NA)
 "06000" ,"California",8,SAGDP3N,"Taxes on production and imports less subsidies","Thousands of dollars",39,"483","   Water transportation",54890,59465,64235,60399,24850,-2234,9113,-48722,-8174,-17306,-1389,30378,9449,31663,36662,1913,47251,58535,71001,65817,(NA)
 "06000" ,"California",8,SAGDP3N,"Taxes on production and imports less subsidies","Thousands of dollars",40,"484","   Truck transportation",135926,138313,138618,144856,149531,161765,165365,191175,223831,240152,269125,293502,315578,308472,325058,348310,354922,389097,418734,442533,(NA)
 "06000" ,"California",8,SAGDP3N,"Taxes on production and imports less subsidies","Thousands of dollars",41,"485","   Transit and ground passenger transportation",51501,56474,61523,67083,76987,79278,74533,70511,66641,67840,78234,87079,108249,106897,101251,100440,103959,100324,103095,145161,(NA)
 "06000" ,"California",8,SAGDP3N,"Taxes on production and imports less subsidies","Thousands of dollars",42,"486","   Pipeline transportation",45925,53400,37307,33069,29318,46074,53041,67554,73431,89372,98202,161649,158314,149141,155371,141563,164122,178328,180900,159821,(NA)
 "06000" ,"California",8,SAGDP3N,"Taxes on production and imports less subsidies","Thousands of dollars",43,"487-488, 492","   Other transportation and support activities",226833,251956,257696,268340,242350,252085,251169,261728,256690,269194,239290,272461,277552,261427,254658,244158,248672,264417,289064,307641,(NA)
 "06000" ,"California",8,SAGDP3N,"Taxes on production and imports less subsidies","Thousands of dollars",44,"493","   Warehousing and storage",39426,41956,43632,43868,36898,39102,39779,48071,42876,47971,57568,74796,78217,73326,70398,66859,71984,78264,88156,93259,(NA)
 "06000" ,"California",8,SAGDP3N,"Taxes on production and imports less subsidies","Thousands of dollars",45,"51","  Information",1811351,1853409,2265893,2218203,3442732,3584439,3599241,3914733,3693348,3583722,3628084,3723796,3711769,3745537,3590413,3456108,3932780,4082933,4389356,4673208,(NA)
 "06000" ,"California",8,SAGDP3N,"Taxes on production and imports less subsidies","Thousands of dollars",46,"511","   Publishing industries (except Internet)",93184,102662,118429,159203,263385,261199,263138,294055,265708,288185,333574,385210,410558,413873,421824,404633,422140,457337,530350,543734,(NA)
 "06000" ,"California",8,SAGDP3N,"Taxes on production and imports less subsidies","Thousands of dollars",47,"512","   Motion picture and sound recording industries",351478,356840,351841,349180,1421311,1589834,1620555,1723511,1664122,1741352,1839550,1998727,2094956,2075373,1953642,1866701,1826989,1848042,1957800,2040297,(NA)
 "06000" ,"California",8,SAGDP3N,"Taxes on production and imports less subsidies","Thousands of dollars",48,"515, 517","   Broadcasting (except Internet) and telecommunications",1339408,1356994,1730899,1605301,1613655,1598258,1565998,1707596,1568516,1334443,1224226,1080495,921257,914089,818307,756936,921113,938543,921803,938825,(NA)
 "06000" ,"California",8,SAGDP3N,"Taxes on production and imports less subsidies","Thousands of dollars",49,"518, 519","   Data processing, hosting, and other information services",27280,36913,64724,104518,144380,135148,149550,189572,195003,219742,230732,259364,284997,342202,396640,427838,762538,839011,979403,1150352,(NA)
 "06000" ,"California",8,SAGDP3N,"Taxes on production and imports less subsidies","Thousands of dollars",50,"52, 53","  Finance, insurance, real estate, rental, and leasing",14675235,15221467,15501501,16270420,17111095,20040886,20203825,22034094,21716420,24160807,26180930,32054911,33123302,31805054,31962166,31384123,32461276,34552507,36276956,37761410,(NA)
 "06000" ,"California",8,SAGDP3N,"Taxes on production and imports less subsidies","Thousands of dollars",51,"52","   Finance and insurance",2460082,2480461,2514350,2615664,2757500,3134650,3491149,3951216,4196637,4240241,4291842,4479662,4403206,4339716,4480000,4685602,4982256,5769144,6394264,6782068,(NA)
 "06000" ,"California",8,SAGDP3N,"Taxes on production and imports less subsidies","Thousands of dollars",52,"521-522","    Monetary Authorities- central bank, credit intermediation, and related services",564059,655579,668333,704136,794227,937022,1009998,1135131,1177963,1218730,1322230,1431452,1426481,1330006,1300647,1354091,1409889,1416468,1548708,1634516,(NA)
 "06000" ,"California",8,SAGDP3N,"Taxes on production and imports less subsidies","Thousands of dollars",53,"523","    Securities, commodity contracts, and other financial investments and related activities",133021,157113,176392,203349,193330,191913,185107,195533,343863,344600,364677,379420,352365,410552,395912,416794,457453,505972,540625,591177,(NA)
 "06000" ,"California",8,SAGDP3N,"Taxes on production and imports less subsidies","Thousands of dollars",54,"524","    Insurance carriers and related activities",1677118,1569913,1575712,1589692,1740468,1973581,2260204,2583649,2632486,2614413,2572261,2632687,2563620,2562347,2771813,2908723,3093004,3801872,4265935,4501102,(NA)
 "06000" ,"California",8,SAGDP3N,"Taxes on production and imports less subsidies","Thousands of dollars",55,"525","    Funds, trusts, and other financial vehicles",85885,97855,93913,118488,29474,32133,35840,36904,42326,62498,32675,36103,60740,36811,11628,5994,21909,44833,38996,55274,(NA)
 "06000" ,"California",8,SAGDP3N,"Taxes on production and imports less subsidies","Thousands of dollars",56,"53","   Real estate and rental and leasing",12215153,12741007,12987152,13654756,14353595,16906236,16712675,18082878,17519782,19920566,21889088,27575250,28720096,27465338,27482165,26698521,27479021,28783363,29882692,30979341,(NA)
 "06000" ,"California",8,SAGDP3N,"Taxes on production and imports less subsidies","Thousands of dollars",57,"531","    Real estate",11641564,12093168,12227091,12755128,13501355,16059243,15849976,17161098,16548173,18770073,20706643,26307511,27467198,26217403,26093795,25348512,26029399,27213468,28190720,29174640,(NA)
 "06000" ,"California",8,SAGDP3N,"Taxes on production and imports less subsidies","Thousands of dollars",58,"532-533","    Rental and leasing services and lessors of nonfinancial intangible assets",573589,647838,760061,899628,852240,846993,862699,921779,971610,1150493,1182445,1267739,1252898,1247935,1388371,1350008,1449622,1569895,1691972,1804701,(NA)
 "06000" ,"California",8,SAGDP3N,"Taxes on production and imports less subsidies","Thousands of dollars",59,"54, 55, 56","  Professional and business services",1417460,1561784,1718903,1988311,2335236,2357349,2267621,2476002,3801733,3741995,3755705,3841989,3733758,3668782,3762833,3969586,4310830,4596529,4923910,5197964,(NA)
 "06000" ,"California",8,SAGDP3N,"Taxes on production and imports less subsidies","Thousands of dollars",60,"54","   Professional, scientific, and technical services",502926,560246,658488,808261,1179204,1179076,1145334,1244117,2659243,2521051,2435547,2327398,2144158,2187816,2260324,2478761,2712806,2912166,3151859,3314366,(NA)
 "06000" ,"California",8,SAGDP3N,"Taxes on production and imports less subsidies","Thousands of dollars",61,"5411","    Legal services",24542,24962,25864,27762,111271,113566,107980,123335,1630739,1385988,1097471,737796,465240,554211,606864,730736,900797,949457,1046200,1178342,(NA)
 "06000" ,"California",8,SAGDP3N,"Taxes on production and imports less subsidies","Thousands of dollars",62,"5415","    Computer systems design and related services",128222,148344,190502,267015,314465,274605,255257,274626,236342,258688,302730,343570,355074,368640,391818,484530,452145,505313,559501,586351,(NA)
 "06000" ,"California",8,SAGDP3N,"Taxes on production and imports less subsidies","Thousands of dollars",63,"5412-5414, 5416-5419","    Miscellaneous professional, scientific, and technical services",350161,386940,442122,513483,753469,790905,782097,846156,792162,876375,1035346,1246031,1323844,1264965,1261642,1263495,1359863,1457396,1546158,1549673,(NA)
 "06000" ,"California",8,SAGDP3N,"Taxes on production and imports less subsidies","Thousands of dollars",64,"55","   Management of companies and enterprises",490058,553173,581006,656669,577575,560590,523897,535310,448338,451620,495336,594078,619300,552526,554084,523252,568004,596269,617940,658796,(NA)
 "06000" ,"California",8,SAGDP3N,"Taxes on production and imports less subsidies","Thousands of dollars",65,"56","   Administrative and support and waste management and remediation services",424476,448364,479410,523382,578457,617683,598389,696576,694152,769324,824822,920514,970300,928441,948425,967573,1030021,1088093,1154112,1224801,(NA)
 "06000" ,"California",8,SAGDP3N,"Taxes on production and imports less subsidies","Thousands of dollars",66,"561","    Administrative and support services",235826,256361,284452,297881,383531,389640,380531,436621,395177,444582,508182,558942,571050,550959,563959,588450,637030,690505,743712,795590,(NA)
 "06000" ,"California",8,SAGDP3N,"Taxes on production and imports less subsidies","Thousands of dollars",67,"562","    Waste management and remediation services",188650,192003,194958,225500,194926,228043,217858,259954,298974,324742,316640,361572,399250,377482,384465,379123,392992,397588,410400,429212,(NA)
 "06000" ,"California",8,SAGDP3N,"Taxes on production and imports less subsidies","Thousands of dollars",68,"61, 62","  Educational services, health care, and social assistance",1182115,1263970,1317713,1487661,1641661,1912235,1923843,2191539,2213518,2410994,2645094,3244157,3582109,3274399,2844997,3032754,3069980,3256178,3573913,3818123,(NA)
 "06000" ,"California",8,SAGDP3N,"Taxes on production and imports less subsidies","Thousands of dollars",69,"61","   Educational services",303733,327639,350347,389086,379283,440322,449593,496673,487875,544200,603479,797224,891388,865112,871875,854852,872225,910210,938080,971767,(NA)
 "06000" ,"California",8,SAGDP3N,"Taxes on production and imports less subsidies","Thousands of dollars",70,"62","   Health care and social assistance",878381,936331,967366,1098576,1262378,1471913,1474250,1694867,1725643,1866794,2041615,2446933,2690721,2409287,1973121,2177902,2197754,2345968,2635833,2846356,(NA)
 "06000" ,"California",8,SAGDP3N,"Taxes on production and imports less subsidies","Thousands of dollars",71,"621","    Ambulatory health care services",578231,601747,614976,729880,638706,765815,714391,840694,920151,979705,984347,1134547,1251881,1235471,1246782,1236612,1251351,1307040,1386835,1446468,(NA)
 "06000" ,"California",8,SAGDP3N,"Taxes on production and imports less subsidies","Thousands of dollars",72,"622","    Hospitals",190327,213775,225178,233088,414184,477323,527194,605420,575018,632114,745746,924610,1029485,782336,324219,490151,457877,510812,683151,792829,(NA)
 "06000" ,"California",8,SAGDP3N,"Taxes on production and imports less subsidies","Thousands of dollars",73,"623","    Nursing and residential care facilities",69555,75860,78950,84394,136738,152906,159159,167946,161343,180973,218222,276873,291993,285264,294260,295318,313969,337462,361184,382491,(NA)
 "06000" ,"California",8,SAGDP3N,"Taxes on production and imports less subsidies","Thousands of dollars",74,"624","    Social assistance",40268,44950,48261,51214,72750,75869,73505,80806,69131,74002,93299,110903,117362,106216,107861,155821,174557,190654,204663,224568,(NA)
 "06000" ,"California",8,SAGDP3N,"Taxes on production and imports less subsidies","Thousands of dollars",75,"71, 72","  Arts, entertainment, recreation, accommodation, and food services",4536703,4610964,4750074,4933649,5227352,5358888,5466515,5860785,5816784,6493220,6590899,6830359,6810508,7122037,7266052,6470895,7379300,8591299,9529111,9922758,(NA)
 "06000" ,"California",8,SAGDP3N,"Taxes on production and imports less subsidies","Thousands of dollars",76,"71","   Arts, entertainment, and recreation",437671,455962,468845,499682,638165,682849,730105,786446,740027,811448,901479,991221,1014202,963019,999176,997441,1067655,1141487,1226869,1276472,(NA)
 "06000" ,"California",8,SAGDP3N,"Taxes on production and imports less subsidies","Thousands of dollars",77,"711-712","    Performing arts, spectator sports, museums, and related activities",240280,245616,244356,245715,378621,409091,447297,483165,431260,460341,504321,570035,581703,546357,553536,542754,570467,608660,634106,651666,(NA)
 "06000" ,"California",8,SAGDP3N,"Taxes on production and imports less subsidies","Thousands of dollars",78,"713","    Amusement, gambling, and recreation industries",197391,210346,224489,253966,259544,273759,282808,303281,308768,351107,397158,421186,432499,416662,445641,454687,497188,532827,592763,624806,(NA)
 "06000" ,"California",8,SAGDP3N,"Taxes on production and imports less subsidies","Thousands of dollars",79,"72","   Accommodation and food services",4099032,4155003,4281229,4433967,4589187,4676039,4736411,5074339,5076757,5681772,5689420,5839138,5796307,6159019,6266876,5473454,6311645,7449812,8302242,8646285,(NA)
 "06000" ,"California",8,SAGDP3N,"Taxes on production and imports less subsidies","Thousands of dollars",80,"721","    Accommodation",367073,394010,414194,460330,497907,518944,535903,571980,573327,623786,702743,782430,777905,748326,1103591,730829,797430,1079882,1278804,1375603,(NA)
 "06000" ,"California",8,SAGDP3N,"Taxes on production and imports less subsidies","Thousands of dollars",81,"722","    Food services and drinking places",3731959,3760993,3867035,3973637,4091280,4157095,4200508,4502360,4503430,5057986,4986677,5056707,5018402,5410693,5163285,4742625,5514215,6369930,7023438,7270682,(NA)
 "06000" ,"California",8,SAGDP3N,"Taxes on production and imports less subsidies","Thousands of dollars",82,"81","  Other services (except government and government enterprises)",1058503,1116683,1175324,1321201,1282402,1421718,1453537,1629504,1709201,1901277,1944694,2167672,2246749,2203694,2190259,2026194,2146963,2243047,2355654,2448819,(NA)
 "06000" ,"California",8,SAGDP3N,"Taxes on production and imports less subsidies","Thousands of dollars",83,"..."," Government and government enterprises",-2363606,-1956815,-2086001,-1877355,-1969719,-2317595,-2501416,-2689428,-2704653,-2877849,-2874434,-2832791,-3286299,-3329004,-3239365,-2928531,-2998227,-3243387,-3173446,-3435166,(NA)
 "06000" ,"California",8,SAGDP3N,"Taxes on production and imports less subsidies","Thousands of dollars",84,"...","  Federal civilian",-64916,-72589,-81490,-108107,-97247,-108045,-100383,-98447,-119957,-118421,-106013,-108276,-147187,-104956,-103363,-129765,-188647,-282329,-248800,-297602,(NA)
 "06000" ,"California",8,SAGDP3N,"Taxes on production and imports less subsidies","Thousands of dollars",85,"...","  Military",0,0,0,0,0,0,0,0,0,0,0,0,0,0,0,0,0,0,0,0,(NA)
 "06000" ,"California",8,SAGDP3N,"Taxes on production and imports less subsidies","Thousands of dollars",86,"...","  State and local",-2298689,-1884225,-2004511,-1769248,-1872473,-2209550,-2401032,-2590981,-2584696,-2759428,-2768420,-2724515,-3139112,-3224049,-3136001,-2798765,-2809580,-2961058,-2924647,-3137564,(NA)
 "06000" ,"California",8,SAGDP3N,"Taxes on production and imports less subsidies","Thousands of dollars",87,"11, 21","Natural resources and mining",-43381,-769451,-2480716,-2630072,-2419957,-973794,-1259619,-357667,-2247696,-388914,450107,1398223,768198,899166,1284321,1387161,1706389,1960572,1434631,582114,(NA)
 "06000" ,"California",8,SAGDP3N,"Taxes on production and imports less subsidies","Thousands of dollars",88,"42, 44-45","Trade",32875385,34330482,37117691,40146775,40664192,41846974,42698090,45395080,48887243,55445116,55515245,54681990,49172567,54656007,62033055,60715363,66313990,70865885,75966855,73109250,(NA)
 "06000" ,"California",8,SAGDP3N,"Taxes on production and imports less subsidies","Thousands of dollars",89,"...","Transportation and utilities",4920199,5460571,5604369,5986270,-1793343,6041260,6577275,7100624,7298490,7826463,9047499,9615217,9796111,9506481,9780320,9643005,10110925,10453847,10945985,11533719,(NA)
 "06000" ,"California",8,SAGDP3N,"Taxes on production and imports less subsidies","Thousands of dollars",90,"...","Private goods-producing industries 2/",4639265,4176044,2712582,3297728,3528177,5424514,5242386,6771998,5217562,7529818,8802876,10805107,10887310,10451461,11026456,11070550,12447883,13065275,13115498,12077783,(NA)
 "06000" ,"California",8,SAGDP3N,"Taxes on production and imports less subsidies","Thousands of dollars",91,"...","Private services-providing industries 3/",62476951,65419330,69451467,74352490,69911328,82563750,84189947,90602361,95136738,105563595,109308150,116160092,112176874,115981991,123430095,120698028,129726045,138642224,147961740,148465250,(NA)
"Note: See the included footnote file."
"SAGDP3N: Taxes on production and imports less subsidies 1/"
"Last updated: November 14, 2018; revised statistics for 1997-2017."
"Source: U.S. Department of Commerce / Bureau of Economic Analysis / Regional Economic Accounts"
