GeoFIPS,GeoName,Region,TableName,ComponentName,Unit,IndustryId,IndustryClassification,Description,1997,1998,1999,2000,2001,2002,2003,2004,2005,2006,2007,2008,2009,2010,2011,2012,2013,2014,2015,2016,2017
 "96000" ,"Southwest",6,SAGDP5N,"Subsidies","Thousands of dollars",1,"...","All industry total",-2428703,-2876335,-4173708,-4137842,-4774049,-3422714,-4237295,-3641375,-5173100,-3929114,-3994602,-3606869,-4226601,-4253821,-4623016,-4554803,-4779065,-4699361,-4712785,-4942949,(NA)
 "96000" ,"Southwest",6,SAGDP5N,"Subsidies","Thousands of dollars",2,"..."," Private industries",-1681433,-2171360,-3440348,-3403630,-3979944,-2536700,-3298754,-2651236,-4137255,-2820501,-2831929,-2404199,-2691732,-2845720,-2979278,-2880615,-2883911,-2746204,-2908989,-3068980,(NA)
 "96000" ,"Southwest",6,SAGDP5N,"Subsidies","Thousands of dollars",3,"11","  Agriculture, forestry, fishing, and hunting",-638715,-1065941,-2277604,-2247802,-2212208,-1359885,-1689329,-1272936,-2369572,-1340026,-1025907,-784844,-686906,-1052256,-746751,-718927,-745885,-729931,-1000390,-1093651,(NA)
 "96000" ,"Southwest",6,SAGDP5N,"Subsidies","Thousands of dollars",4,"111-112","   Farms",-638715,-1065941,-2277604,-2247802,-2212208,-1359885,-1689329,-1272936,-2369572,-1340026,-1025907,-784844,-686906,-1052256,-746751,-718927,-745885,-729931,-1000390,-1093651,(NA)
 "96000" ,"Southwest",6,SAGDP5N,"Subsidies","Thousands of dollars",5,"113-115","   Forestry, fishing, and related activities",0,0,0,0,0,0,0,0,0,0,0,0,0,0,0,0,0,0,0,0,(NA)
 "96000" ,"Southwest",6,SAGDP5N,"Subsidies","Thousands of dollars",6,"21","  Mining, quarrying, and oil and gas extraction",0,0,0,0,0,0,0,0,0,0,0,0,0,0,0,0,0,0,0,0,(NA)
 "96000" ,"Southwest",6,SAGDP5N,"Subsidies","Thousands of dollars",7,"211","   Oil and gas extraction",0,0,0,0,0,0,0,0,0,0,0,0,0,0,0,0,0,0,0,0,(NA)
 "96000" ,"Southwest",6,SAGDP5N,"Subsidies","Thousands of dollars",8,"212","   Mining (except oil and gas)",0,0,0,0,0,0,0,0,0,0,0,0,0,0,0,0,0,0,0,0,(NA)
 "96000" ,"Southwest",6,SAGDP5N,"Subsidies","Thousands of dollars",9,"213","   Support activities for mining",0,0,0,0,0,0,0,0,0,0,0,0,0,0,0,0,0,0,0,0,(NA)
 "96000" ,"Southwest",6,SAGDP5N,"Subsidies","Thousands of dollars",10,"22","  Utilities",0,0,0,0,0,0,0,0,0,0,0,0,0,0,0,0,0,0,0,0,(NA)
 "96000" ,"Southwest",6,SAGDP5N,"Subsidies","Thousands of dollars",11,"23","  Construction",0,0,0,0,0,0,0,0,0,0,0,0,0,0,0,0,0,0,0,0,(NA)
 "96000" ,"Southwest",6,SAGDP5N,"Subsidies","Thousands of dollars",12,"31-33","  Manufacturing",0,0,0,0,0,0,0,0,0,-315,-141,-7317,-28308,-97195,-101924,-130248,-44476,-53481,-41816,-41013,(NA)
 "96000" ,"Southwest",6,SAGDP5N,"Subsidies","Thousands of dollars",13,"321,327-339","   Durable goods manufacturing",0,0,0,0,0,0,0,0,0,0,0,-7167,-20353,-57371,-65947,-46140,-21797,-17087,-15632,-14129,(NA)
 "96000" ,"Southwest",6,SAGDP5N,"Subsidies","Thousands of dollars",14,"321","    Wood product manufacturing",0,0,0,0,0,0,0,0,0,0,0,0,0,0,0,0,0,0,0,0,(NA)
 "96000" ,"Southwest",6,SAGDP5N,"Subsidies","Thousands of dollars",15,"327","    Nonmetallic mineral product manufacturing",0,0,0,0,0,0,0,0,0,0,0,0,0,0,0,0,0,0,0,0,(NA)
 "96000" ,"Southwest",6,SAGDP5N,"Subsidies","Thousands of dollars",16,"331","    Primary metal manufacturing",0,0,0,0,0,0,0,0,0,0,0,0,0,0,0,0,0,0,0,0,(NA)
 "96000" ,"Southwest",6,SAGDP5N,"Subsidies","Thousands of dollars",17,"332","    Fabricated metal product manufacturing",0,0,0,0,0,0,0,0,0,0,0,0,0,0,0,0,0,0,0,0,(NA)
 "96000" ,"Southwest",6,SAGDP5N,"Subsidies","Thousands of dollars",18,"333","    Machinery manufacturing",0,0,0,0,0,0,0,0,0,0,0,0,0,0,0,0,0,0,0,0,(NA)
 "96000" ,"Southwest",6,SAGDP5N,"Subsidies","Thousands of dollars",19,"334","    Computer and electronic product manufacturing",0,0,0,0,0,0,0,0,0,0,0,0,0,0,0,0,0,0,0,0,(NA)
 "96000" ,"Southwest",6,SAGDP5N,"Subsidies","Thousands of dollars",20,"335","    Electrical equipment, appliance, and component manufacturing",0,0,0,0,0,0,0,0,0,0,0,-7167,-20353,-57371,-65947,-46140,-21797,-17087,-15632,-14129,(NA)
 "96000" ,"Southwest",6,SAGDP5N,"Subsidies","Thousands of dollars",21,"3361-3363","    Motor vehicles, bodies and trailers, and parts manufacturing",0,0,0,0,0,0,0,0,0,0,0,0,0,0,0,0,0,0,0,0,(NA)
 "96000" ,"Southwest",6,SAGDP5N,"Subsidies","Thousands of dollars",22,"3364-3369","    Other transportation equipment manufacturing",0,0,0,0,0,0,0,0,0,0,0,0,0,0,0,0,0,0,0,0,(NA)
 "96000" ,"Southwest",6,SAGDP5N,"Subsidies","Thousands of dollars",23,"337","    Furniture and related product manufacturing",0,0,0,0,0,0,0,0,0,0,0,0,0,0,0,0,0,0,0,0,(NA)
 "96000" ,"Southwest",6,SAGDP5N,"Subsidies","Thousands of dollars",24,"339","    Miscellaneous manufacturing",0,0,0,0,0,0,0,0,0,0,0,0,0,0,0,0,0,0,0,0,(NA)
 "96000" ,"Southwest",6,SAGDP5N,"Subsidies","Thousands of dollars",25,"311-316,322-326","   Nondurable goods manufacturing",0,0,0,0,0,0,0,0,0,-315,-141,-151,-7955,-39825,-35977,-84108,-22679,-36393,-26184,-26884,(NA)
 "96000" ,"Southwest",6,SAGDP5N,"Subsidies","Thousands of dollars",26,"311-312","    Food and beverage and tobacco products manufacturing",0,0,0,0,0,0,0,0,0,0,0,0,0,0,0,0,0,0,0,0,(NA)
 "96000" ,"Southwest",6,SAGDP5N,"Subsidies","Thousands of dollars",27,"313-314","    Textile mills and textile product mills",0,0,0,0,0,0,0,0,0,-315,-141,-151,-203,-168,-180,-186,-176,-217,-448,0,(NA)
 "96000" ,"Southwest",6,SAGDP5N,"Subsidies","Thousands of dollars",28,"315-316","    Apparel, leather, and allied product manufacturing",0,0,0,0,0,0,0,0,0,0,0,0,0,0,0,0,0,0,0,0,(NA)
 "96000" ,"Southwest",6,SAGDP5N,"Subsidies","Thousands of dollars",29,"322","    Paper manufacturing",0,0,0,0,0,0,0,0,0,0,0,0,0,0,0,0,0,0,0,0,(NA)
 "96000" ,"Southwest",6,SAGDP5N,"Subsidies","Thousands of dollars",30,"323","    Printing and related support activities",0,0,0,0,0,0,0,0,0,0,0,0,0,0,0,0,0,0,0,0,(NA)
 "96000" ,"Southwest",6,SAGDP5N,"Subsidies","Thousands of dollars",31,"324","    Petroleum and coal products manufacturing",0,0,0,0,0,0,0,0,0,0,0,0,-6009,-37121,-17273,-77443,-14719,-28213,-23342,-24455,(NA)
 "96000" ,"Southwest",6,SAGDP5N,"Subsidies","Thousands of dollars",32,"325","    Chemical manufacturing",0,0,0,0,0,0,0,0,0,0,0,0,-1743,-2535,-18525,-6479,-7783,-7964,-2395,-2429,(NA)
 "96000" ,"Southwest",6,SAGDP5N,"Subsidies","Thousands of dollars",33,"326","    Plastics and rubber products manufacturing",0,0,0,0,0,0,0,0,0,0,0,0,0,0,0,0,0,0,0,0,(NA)
 "96000" ,"Southwest",6,SAGDP5N,"Subsidies","Thousands of dollars",34,"42","  Wholesale trade",0,0,0,0,0,0,0,0,0,0,0,0,0,0,0,0,0,0,0,0,(NA)
 "96000" ,"Southwest",6,SAGDP5N,"Subsidies","Thousands of dollars",35,"44-45","  Retail trade",0,0,0,0,0,0,0,0,0,0,0,0,-353952,-38110,-374,-11,1,0,0,0,(NA)
 "96000" ,"Southwest",6,SAGDP5N,"Subsidies","Thousands of dollars",36,"48-49","  Transportation and warehousing",-23821,-12046,-11561,-16958,-704954,-65900,-375428,-79817,-63542,-81860,-61744,-61215,-85591,-78846,-76485,-95108,-65328,-56347,-56775,-64207,(NA)
 "96000" ,"Southwest",6,SAGDP5N,"Subsidies","Thousands of dollars",37,"481","   Air transportation",-2699,135,0,-135,-678518,-21592,-339394,-2294,-8266,-12550,-12651,-19028,-23042,-27732,-31835,-34888,-31605,-29582,-32405,-33114,(NA)
 "96000" ,"Southwest",6,SAGDP5N,"Subsidies","Thousands of dollars",38,"482","   Rail transportation",-8722,-6996,-9339,-12118,-10677,-14101,-13614,-16357,-18624,-17817,-15379,-20509,-27187,-35788,-28215,-24013,-23225,-21536,-21468,-21043,(NA)
 "96000" ,"Southwest",6,SAGDP5N,"Subsidies","Thousands of dollars",39,"483","   Water transportation",-12400,-5186,-2222,-4705,-15759,-30207,-22116,-59124,-34646,-45874,-32222,-20049,-34671,-15326,-16435,-36207,-10498,-5229,-2902,-10050,(NA)
 "96000" ,"Southwest",6,SAGDP5N,"Subsidies","Thousands of dollars",40,"484","   Truck transportation",0,0,0,0,0,0,-304,-2042,-2007,-5618,-1492,-1630,-691,0,0,0,0,0,0,0,(NA)
 "96000" ,"Southwest",6,SAGDP5N,"Subsidies","Thousands of dollars",41,"485","   Transit and ground passenger transportation",0,0,0,0,0,0,0,0,0,0,0,0,0,0,0,0,0,0,0,0,(NA)
 "96000" ,"Southwest",6,SAGDP5N,"Subsidies","Thousands of dollars",42,"486","   Pipeline transportation",0,0,0,0,0,0,0,0,0,0,0,0,0,0,0,0,0,0,0,0,(NA)
 "96000" ,"Southwest",6,SAGDP5N,"Subsidies","Thousands of dollars",43,"487-488, 492","   Other transportation and support activities",0,0,0,0,0,0,0,0,0,0,0,0,0,0,0,0,0,0,0,0,(NA)
 "96000" ,"Southwest",6,SAGDP5N,"Subsidies","Thousands of dollars",44,"493","   Warehousing and storage",0,0,0,0,0,0,0,0,0,0,0,0,0,0,0,0,0,0,0,0,(NA)
 "96000" ,"Southwest",6,SAGDP5N,"Subsidies","Thousands of dollars",45,"51","  Information",0,0,0,0,0,0,0,0,0,0,0,0,-4484,-12664,-55856,-80262,-43914,-10484,-10415,606,(NA)
 "96000" ,"Southwest",6,SAGDP5N,"Subsidies","Thousands of dollars",46,"511","   Publishing industries (except Internet)",0,0,0,0,0,0,0,0,0,0,0,0,0,0,0,0,0,0,0,0,(NA)
 "96000" ,"Southwest",6,SAGDP5N,"Subsidies","Thousands of dollars",47,"512","   Motion picture and sound recording industries",0,0,0,0,0,0,0,0,0,0,0,0,0,0,0,0,0,0,0,0,(NA)
 "96000" ,"Southwest",6,SAGDP5N,"Subsidies","Thousands of dollars",48,"515, 517","   Broadcasting (except Internet) and telecommunications",0,0,0,0,0,0,0,0,0,0,0,0,-4484,-12664,-55856,-80262,-43914,-10484,-10415,606,(NA)
 "96000" ,"Southwest",6,SAGDP5N,"Subsidies","Thousands of dollars",49,"518, 519","   Data processing, hosting, and other information services",0,0,0,0,0,0,0,0,0,0,0,0,0,0,0,0,0,0,0,0,(NA)
 "96000" ,"Southwest",6,SAGDP5N,"Subsidies","Thousands of dollars",50,"52, 53","  Finance, insurance, real estate, rental, and leasing",-1018897,-1093373,-1151183,-1138870,-1062782,-1110915,-1233996,-1298483,-1704140,-1398300,-1744137,-1550822,-1532492,-1510805,-1546545,-1590827,-1651455,-1582022,-1612140,-1760618,(NA)
 "96000" ,"Southwest",6,SAGDP5N,"Subsidies","Thousands of dollars",51,"52","   Finance and insurance",-2296,-3312,-5327,-4611,-6697,-8014,-3413,-2352,-4440,-1964,-1299,-1543,-3849,-5890,-17990,-32711,-33922,-19082,-10869,-16047,(NA)
 "96000" ,"Southwest",6,SAGDP5N,"Subsidies","Thousands of dollars",52,"521-522","    Monetary Authorities- central bank, credit intermediation, and related services",-2296,-3312,-5327,-4611,-6697,-8014,-3413,-2352,-4440,-1964,-1299,-1543,-3849,-5890,-17990,-32711,-33922,-19082,-10869,-16047,(NA)
 "96000" ,"Southwest",6,SAGDP5N,"Subsidies","Thousands of dollars",53,"523","    Securities, commodity contracts, and other financial investments and related activities",0,0,0,0,0,0,0,0,0,0,0,0,0,0,0,0,0,0,0,0,(NA)
 "96000" ,"Southwest",6,SAGDP5N,"Subsidies","Thousands of dollars",54,"524","    Insurance carriers and related activities",0,0,0,0,0,0,0,0,0,0,0,0,0,0,0,0,0,0,0,0,(NA)
 "96000" ,"Southwest",6,SAGDP5N,"Subsidies","Thousands of dollars",55,"525","    Funds, trusts, and other financial vehicles",0,0,0,0,0,0,0,0,0,0,0,0,0,0,0,0,0,0,0,0,(NA)
 "96000" ,"Southwest",6,SAGDP5N,"Subsidies","Thousands of dollars",56,"53","   Real estate and rental and leasing",-1016601,-1090061,-1145857,-1134260,-1056085,-1102901,-1230583,-1296131,-1699700,-1396336,-1742837,-1549279,-1528643,-1504915,-1528555,-1558116,-1617532,-1562940,-1601271,-1744571,(NA)
 "96000" ,"Southwest",6,SAGDP5N,"Subsidies","Thousands of dollars",57,"531","    Real estate",-1016601,-1090061,-1145857,-1134260,-1056085,-1102901,-1230583,-1296131,-1699700,-1396336,-1742837,-1549279,-1528643,-1504915,-1528555,-1558116,-1617532,-1562940,-1601271,-1744571,(NA)
 "96000" ,"Southwest",6,SAGDP5N,"Subsidies","Thousands of dollars",58,"532-533","    Rental and leasing services and lessors of nonfinancial intangible assets",0,0,0,0,0,0,0,0,0,0,0,0,0,0,0,0,0,0,0,0,(NA)
 "96000" ,"Southwest",6,SAGDP5N,"Subsidies","Thousands of dollars",59,"54, 55, 56","  Professional and business services",0,0,0,0,0,0,0,0,0,0,0,0,0,0,0,0,0,0,0,0,(NA)
 "96000" ,"Southwest",6,SAGDP5N,"Subsidies","Thousands of dollars",60,"54","   Professional, scientific, and technical services",0,0,0,0,0,0,0,0,0,0,0,0,0,0,0,0,0,0,0,0,(NA)
 "96000" ,"Southwest",6,SAGDP5N,"Subsidies","Thousands of dollars",61,"5411","    Legal services",0,0,0,0,0,0,0,0,0,0,0,0,0,0,0,0,0,0,0,0,(NA)
 "96000" ,"Southwest",6,SAGDP5N,"Subsidies","Thousands of dollars",62,"5415","    Computer systems design and related services",0,0,0,0,0,0,0,0,0,0,0,0,0,0,0,0,0,0,0,0,(NA)
 "96000" ,"Southwest",6,SAGDP5N,"Subsidies","Thousands of dollars",63,"5412-5414, 5416-5419","    Miscellaneous professional, scientific, and technical services",0,0,0,0,0,0,0,0,0,0,0,0,0,0,0,0,0,0,0,0,(NA)
 "96000" ,"Southwest",6,SAGDP5N,"Subsidies","Thousands of dollars",64,"55","   Management of companies and enterprises",0,0,0,0,0,0,0,0,0,0,0,0,0,0,0,0,0,0,0,0,(NA)
 "96000" ,"Southwest",6,SAGDP5N,"Subsidies","Thousands of dollars",65,"56","   Administrative and support and waste management and remediation services",0,0,0,0,0,0,0,0,0,0,0,0,0,0,0,0,0,0,0,0,(NA)
 "96000" ,"Southwest",6,SAGDP5N,"Subsidies","Thousands of dollars",66,"561","    Administrative and support services",0,0,0,0,0,0,0,0,0,0,0,0,0,0,0,0,0,0,0,0,(NA)
 "96000" ,"Southwest",6,SAGDP5N,"Subsidies","Thousands of dollars",67,"562","    Waste management and remediation services",0,0,0,0,0,0,0,0,0,0,0,0,0,0,0,0,0,0,0,0,(NA)
 "96000" ,"Southwest",6,SAGDP5N,"Subsidies","Thousands of dollars",68,"61, 62","  Educational services, health care, and social assistance",0,0,0,0,0,0,0,0,0,0,0,0,0,-55844,-451342,-265232,-332855,-313940,-187453,-110097,(NA)
 "96000" ,"Southwest",6,SAGDP5N,"Subsidies","Thousands of dollars",69,"61","   Educational services",0,0,0,0,0,0,0,0,0,0,0,0,0,0,0,0,0,0,0,0,(NA)
 "96000" ,"Southwest",6,SAGDP5N,"Subsidies","Thousands of dollars",70,"62","   Health care and social assistance",0,0,0,0,0,0,0,0,0,0,0,0,0,-55844,-451342,-265232,-332855,-313940,-187453,-110097,(NA)
 "96000" ,"Southwest",6,SAGDP5N,"Subsidies","Thousands of dollars",71,"621","    Ambulatory health care services",0,0,0,0,0,0,0,0,0,0,0,0,0,0,0,0,0,0,0,0,(NA)
 "96000" ,"Southwest",6,SAGDP5N,"Subsidies","Thousands of dollars",72,"622","    Hospitals",0,0,0,0,0,0,0,0,0,0,0,0,0,-55844,-451342,-265232,-332855,-313940,-187453,-110097,(NA)
 "96000" ,"Southwest",6,SAGDP5N,"Subsidies","Thousands of dollars",73,"623","    Nursing and residential care facilities",0,0,0,0,0,0,0,0,0,0,0,0,0,0,0,0,0,0,0,0,(NA)
 "96000" ,"Southwest",6,SAGDP5N,"Subsidies","Thousands of dollars",74,"624","    Social assistance",0,0,0,0,0,0,0,0,0,0,0,0,0,0,0,0,0,0,0,0,(NA)
 "96000" ,"Southwest",6,SAGDP5N,"Subsidies","Thousands of dollars",75,"71, 72","  Arts, entertainment, recreation, accommodation, and food services",0,0,0,0,0,0,0,0,0,0,0,0,0,0,0,0,0,0,0,0,(NA)
 "96000" ,"Southwest",6,SAGDP5N,"Subsidies","Thousands of dollars",76,"71","   Arts, entertainment, and recreation",0,0,0,0,0,0,0,0,0,0,0,0,0,0,0,0,0,0,0,0,(NA)
 "96000" ,"Southwest",6,SAGDP5N,"Subsidies","Thousands of dollars",77,"711-712","    Performing arts, spectator sports, museums, and related activities",0,0,0,0,0,0,0,0,0,0,0,0,0,0,0,0,0,0,0,0,(NA)
 "96000" ,"Southwest",6,SAGDP5N,"Subsidies","Thousands of dollars",78,"713","    Amusement, gambling, and recreation industries",0,0,0,0,0,0,0,0,0,0,0,0,0,0,0,0,0,0,0,0,(NA)
 "96000" ,"Southwest",6,SAGDP5N,"Subsidies","Thousands of dollars",79,"72","   Accommodation and food services",0,0,0,0,0,0,0,0,0,0,0,0,0,0,0,0,0,0,0,0,(NA)
 "96000" ,"Southwest",6,SAGDP5N,"Subsidies","Thousands of dollars",80,"721","    Accommodation",0,0,0,0,0,0,0,0,0,0,0,0,0,0,0,0,0,0,0,0,(NA)
 "96000" ,"Southwest",6,SAGDP5N,"Subsidies","Thousands of dollars",81,"722","    Food services and drinking places",0,0,0,0,0,0,0,0,0,0,0,0,0,0,0,0,0,0,0,0,(NA)
 "96000" ,"Southwest",6,SAGDP5N,"Subsidies","Thousands of dollars",82,"81","  Other services (except government and government enterprises)",0,0,0,0,0,0,0,0,0,0,0,0,0,0,0,0,0,0,0,0,(NA)
 "96000" ,"Southwest",6,SAGDP5N,"Subsidies","Thousands of dollars",83,"..."," Government and government enterprises",-747269,-704975,-733360,-734212,-794105,-886014,-938541,-990139,-1035845,-1108613,-1162673,-1202670,-1534869,-1408101,-1643738,-1674188,-1895154,-1953158,-1803796,-1873969,(NA)
 "96000" ,"Southwest",6,SAGDP5N,"Subsidies","Thousands of dollars",84,"...","  Federal civilian",-147503,-151778,-161309,-200611,-239034,-234184,-235493,-240190,-245102,-267130,-286755,-365478,-500887,-364198,-552737,-665195,-888327,-933761,-770836,-767592,(NA)
 "96000" ,"Southwest",6,SAGDP5N,"Subsidies","Thousands of dollars",85,"...","  Military",0,0,0,0,0,0,0,0,0,0,0,0,0,0,0,0,0,0,0,0,(NA)
 "96000" ,"Southwest",6,SAGDP5N,"Subsidies","Thousands of dollars",86,"...","  State and local",-599766,-553197,-572052,-533602,-555071,-651831,-703048,-749949,-790744,-841482,-875918,-837192,-1033982,-1043903,-1091000,-1008993,-1006827,-1019397,-1032960,-1106377,(NA)
 "96000" ,"Southwest",6,SAGDP5N,"Subsidies","Thousands of dollars",87,"11, 21","Natural resources and mining",-638715,-1065941,-2277604,-2247802,-2212208,-1359885,-1689329,-1272936,-2369572,-1340026,-1025907,-784844,-686906,-1052256,-746751,-718927,-745885,-729931,-1000390,-1093651,(NA)
 "96000" ,"Southwest",6,SAGDP5N,"Subsidies","Thousands of dollars",88,"42, 44-45","Trade",0,0,0,0,0,0,0,0,0,0,0,0,-353952,-38110,-374,-11,1,0,0,0,(NA)
 "96000" ,"Southwest",6,SAGDP5N,"Subsidies","Thousands of dollars",89,"...","Transportation and utilities",-23821,-12046,-11561,-16958,-704954,-65900,-375428,-79817,-63542,-81860,-61744,-61215,-85591,-78846,-76485,-95108,-65328,-56347,-56775,-64207,(NA)
 "96000" ,"Southwest",6,SAGDP5N,"Subsidies","Thousands of dollars",90,"...","Private goods-producing industries 2/",-638715,-1065941,-2277604,-2247802,-2212208,-1359885,-1689329,-1272936,-2369572,-1340341,-1026049,-792161,-715214,-1149451,-848676,-849174,-790361,-783412,-1042206,-1134664,(NA)
 "96000" ,"Southwest",6,SAGDP5N,"Subsidies","Thousands of dollars",91,"...","Private services-providing industries 3/",-1042718,-1105419,-1162744,-1155828,-1767736,-1176815,-1609424,-1378300,-1767682,-1480160,-1805880,-1612038,-1976518,-1696269,-2130602,-2031440,-2093550,-1962792,-1866783,-1934316,(NA)
"Note: See the included footnote file."
"SAGDP5N: Subsidies 1/"
"Last updated: November 14, 2018; revised statistics for 1997-2017."
"Source: U.S. Department of Commerce / Bureau of Economic Analysis / Regional Economic Accounts"
