GeoFIPS,GeoName,Region,TableName,ComponentName,Unit,IndustryId,IndustryClassification,Description,1997,1998,1999,2000,2001,2002,2003,2004,2005,2006,2007,2008,2009,2010,2011,2012,2013,2014,2015,2016,2017
 "35000" ,"New Mexico",6,SAGDP2N,"Gross domestic product (GDP) by state","Millions of current dollars",1,"...","All industry total",52511.1,50682.3,53092.8,55232.9,55986.2,58055.5,62895.9,69740.7,73684.2,77426.1,80572.8,83724.2,82017.4,83989.2,86625.0,87601.6,88411.2,92495.9,90849.4,90880.0,94210.7
 "35000" ,"New Mexico",6,SAGDP2N,"Gross domestic product (GDP) by state","Millions of current dollars",2,"..."," Private industries",40793.2,38548.1,40568.8,42122.7,42097.2,43065.0,47043.0,52898.2,56142.4,59454.3,62189.8,64601.6,62247.2,63681.4,65960.1,66533.6,67093.9,70930.6,69057.6,68817.8,71846.6
 "35000" ,"New Mexico",6,SAGDP2N,"Gross domestic product (GDP) by state","Millions of current dollars",3,"11","  Agriculture, forestry, fishing, and hunting",885.6,871.9,910.6,841.5,1030.3,815.7,858.4,1239.2,1207.8,1000.2,1293.2,1183.6,853.4,1301.1,1571.7,1416.5,1424.0,1603.5,1298.0,1383.1,1421.4
 "35000" ,"New Mexico",6,SAGDP2N,"Gross domestic product (GDP) by state","Millions of current dollars",4,"111-112","   Farms",792.2,779.6,818.4,739.7,927.9,716.7,757.0,1134.0,1101.4,879.7,1182.4,1075.9,740.7,1186.7,1455.9,1293.3,1298.8,1462.3,1144.1,1216.5,(NA)
 "35000" ,"New Mexico",6,SAGDP2N,"Gross domestic product (GDP) by state","Millions of current dollars",5,"113-115","   Forestry, fishing, and related activities",93.4,92.3,92.1,101.8,102.4,99.0,101.4,105.2,106.4,120.5,110.8,107.8,112.7,114.4,115.8,123.2,125.2,141.3,153.9,166.6,(NA)
 "35000" ,"New Mexico",6,SAGDP2N,"Gross domestic product (GDP) by state","Millions of current dollars",6,"21","  Mining, quarrying, and oil and gas extraction",2646.2,2244.0,2232.6,3214.7,3753.6,3381.5,4439.1,5191.1,7115.2,7918.5,8657.8,10587.8,7166.3,8139.7,9493.8,9239.5,10184.6,11170.8,7345.9,5950.4,7644.9
 "35000" ,"New Mexico",6,SAGDP2N,"Gross domestic product (GDP) by state","Millions of current dollars",7,"211","   Oil and gas extraction",1476.9,1128.4,1294.2,2210.1,2665.9,2533.6,3494.7,4040.1,5542.2,5634.8,6138.7,7546.3,4887.4,5572.2,6263.9,5603.1,6454.9,6984.1,4085.6,3718.1,(NA)
 "35000" ,"New Mexico",6,SAGDP2N,"Gross domestic product (GDP) by state","Millions of current dollars",8,"212","   Mining (except oil and gas)",816.9,781.7,690.6,624.8,547.1,465.8,482.9,582.7,792.8,980.5,1081.2,1406.1,1258.5,1388.4,1695.3,1851.5,1826.3,1918.3,1626.3,1324.4,(NA)
 "35000" ,"New Mexico",6,SAGDP2N,"Gross domestic product (GDP) by state","Millions of current dollars",9,"213","   Support activities for mining",352.5,333.8,247.7,379.8,540.6,382.1,461.5,568.3,780.1,1303.2,1437.9,1635.4,1020.4,1179.1,1534.6,1784.9,1903.4,2268.4,1633.9,908.0,(NA)
 "35000" ,"New Mexico",6,SAGDP2N,"Gross domestic product (GDP) by state","Millions of current dollars",10,"22","  Utilities",944.7,892.1,971.1,948.3,994.5,880.9,906.5,981.3,994.1,1187.1,1187.3,1261.8,1368.9,1483.2,1559.9,1552.9,1594.5,1662.1,1623.6,1662.0,1762.6
 "35000" ,"New Mexico",6,SAGDP2N,"Gross domestic product (GDP) by state","Millions of current dollars",11,"23","  Construction",1829.2,1918.8,1944.3,2284.5,2511.7,2466.9,2731.6,3135.5,3676.5,4114.8,4416.7,4331.7,3689.2,3195.4,3009.5,2932.1,2970.5,3066.6,3239.8,3310.7,3467.2
 "35000" ,"New Mexico",6,SAGDP2N,"Gross domestic product (GDP) by state","Millions of current dollars",12,"31-33","  Manufacturing",10915.4,7910.3,8802.5,7576.2,5186.3,4522.4,6198.4,8617.7,7296.5,6324.8,4981.5,3518.6,5148.8,4425.4,3772.7,3758.6,3290.9,3666.1,4052.5,3822.0,3820.1
 "35000" ,"New Mexico",6,SAGDP2N,"Gross domestic product (GDP) by state","Millions of current dollars",13,"321,327-339","   Durable goods manufacturing",9991.8,6716.4,7530.8,6372.0,3838.9,3233.6,4952.5,7589.9,6337.9,5467.2,3994.9,2398.3,4109.5,3442.8,2780.0,2527.0,1935.5,2122.3,1990.0,2041.4,1982.4
 "35000" ,"New Mexico",6,SAGDP2N,"Gross domestic product (GDP) by state","Millions of current dollars",14,"321","    Wood product manufacturing",50.6,51.9,56.8,51.7,45.3,43.2,48.7,53.7,60.1,60.6,58.7,57.0,47.8,44.1,44.1,45.5,45.0,42.6,52.1,56.6,(NA)
 "35000" ,"New Mexico",6,SAGDP2N,"Gross domestic product (GDP) by state","Millions of current dollars",15,"327","    Nonmetallic mineral product manufacturing",144.0,163.2,204.5,171.0,139.3,149.6,152.8,196.2,236.0,262.1,237.6,205.3,182.9,150.3,128.2,173.6,176.7,200.1,216.2,257.6,(NA)
 "35000" ,"New Mexico",6,SAGDP2N,"Gross domestic product (GDP) by state","Millions of current dollars",16,"331","    Primary metal manufacturing",82.0,74.0,48.3,31.8,29.4,34.0,23.5,28.8,28.8,32.0,28.9,37.4,40.9,39.9,53.6,74.0,90.1,31.3,42.7,36.8,(NA)
 "35000" ,"New Mexico",6,SAGDP2N,"Gross domestic product (GDP) by state","Millions of current dollars",17,"332","    Fabricated metal product manufacturing",120.1,112.2,119.8,130.2,142.0,135.2,136.5,137.3,162.8,166.6,189.9,160.9,155.2,185.6,146.2,177.8,170.4,159.8,180.8,165.5,(NA)
 "35000" ,"New Mexico",6,SAGDP2N,"Gross domestic product (GDP) by state","Millions of current dollars",18,"333","    Machinery manufacturing",72.0,91.3,95.2,126.2,109.1,78.2,58.6,69.6,85.2,102.7,106.8,90.1,95.5,86.8,80.9,118.9,110.2,106.0,101.0,93.9,(NA)
 "35000" ,"New Mexico",6,SAGDP2N,"Gross domestic product (GDP) by state","Millions of current dollars",19,"334","    Computer and electronic product manufacturing",9067.1,5735.7,6476.8,5353.3,2952.9,2415.4,4213.2,6717.9,5316.0,4349.1,2884.9,1419.8,3278.4,2589.4,1956.7,1557.7,1019.1,1220.4,1041.4,1077.2,(NA)
 "35000" ,"New Mexico",6,SAGDP2N,"Gross domestic product (GDP) by state","Millions of current dollars",20,"335","    Electrical equipment, appliance, and component manufacturing",37.0,34.5,55.2,57.0,27.6,28.5,24.0,22.3,19.4,30.4,42.9,42.3,42.4,52.6,44.8,49.9,56.1,75.0,56.5,57.6,(NA)
 "35000" ,"New Mexico",6,SAGDP2N,"Gross domestic product (GDP) by state","Millions of current dollars",21,"3361-3363","    Motor vehicles, bodies and trailers, and parts manufacturing",123.1,117.2,171.2,148.8,119.1,78.9,48.9,71.0,125.4,64.2,37.1,20.8,16.1,44.2,85.1,97.4,33.5,23.4,30.8,23.1,(NA)
 "35000" ,"New Mexico",6,SAGDP2N,"Gross domestic product (GDP) by state","Millions of current dollars",22,"3364-3369","    Other transportation equipment manufacturing",108.3,103.6,113.4,126.7,102.9,101.7,87.9,116.9,150.0,229.6,233.4,182.5,102.8,95.2,103.6,98.7,101.9,114.7,116.2,108.0,(NA)
 "35000" ,"New Mexico",6,SAGDP2N,"Gross domestic product (GDP) by state","Millions of current dollars",23,"337","    Furniture and related product manufacturing",35.0,35.0,35.3,37.7,40.3,41.8,34.2,30.6,33.0,43.5,54.8,52.4,36.2,31.4,29.3,25.4,26.9,28.2,31.0,30.6,(NA)
 "35000" ,"New Mexico",6,SAGDP2N,"Gross domestic product (GDP) by state","Millions of current dollars",24,"339","    Miscellaneous manufacturing",152.6,197.8,154.3,137.7,131.0,127.2,124.0,145.5,121.2,126.3,119.9,129.8,111.2,123.4,107.5,108.2,105.6,121.0,121.3,134.4,(NA)
 "35000" ,"New Mexico",6,SAGDP2N,"Gross domestic product (GDP) by state","Millions of current dollars",25,"311-316,322-326","   Nondurable goods manufacturing",923.7,1193.9,1271.7,1204.1,1347.4,1288.7,1245.9,1027.8,958.7,857.7,986.6,1120.3,1039.4,982.6,992.7,1231.5,1355.4,1543.8,2062.6,1780.6,1837.7
 "35000" ,"New Mexico",6,SAGDP2N,"Gross domestic product (GDP) by state","Millions of current dollars",26,"311-312","    Food and beverage and tobacco products manufacturing",250.7,240.9,418.9,345.2,315.6,395.3,413.2,388.7,444.8,406.0,486.2,554.1,542.3,468.6,399.3,476.5,476.2,426.7,587.1,635.0,(NA)
 "35000" ,"New Mexico",6,SAGDP2N,"Gross domestic product (GDP) by state","Millions of current dollars",27,"313-314","    Textile mills and textile product mills",30.3,19.1,27.3,23.6,15.7,14.7,9.7,22.0,32.0,18.7,15.6,11.0,11.4,18.5,25.4,28.8,9.7,10.0,8.7,7.7,(NA)
 "35000" ,"New Mexico",6,SAGDP2N,"Gross domestic product (GDP) by state","Millions of current dollars",28,"315-316","    Apparel, leather, and allied product manufacturing",30.8,11.9,18.9,20.3,15.1,11.9,10.7,11.5,10.3,4.6,4.5,5.0,4.8,6.6,8.7,8.6,4.5,4.9,5.6,5.5,(NA)
 "35000" ,"New Mexico",6,SAGDP2N,"Gross domestic product (GDP) by state","Millions of current dollars",29,"322","    Paper manufacturing",30.4,31.7,35.0,35.4,28.4,28.2,34.9,46.5,58.9,77.7,96.0,86.5,86.7,77.3,70.0,67.0,77.8,81.5,94.5,105.4,(NA)
 "35000" ,"New Mexico",6,SAGDP2N,"Gross domestic product (GDP) by state","Millions of current dollars",30,"323","    Printing and related support activities",46.8,54.1,98.5,56.8,54.2,49.6,49.3,42.3,46.4,48.4,51.0,52.4,50.2,44.0,43.1,46.1,48.3,50.9,59.7,56.7,(NA)
 "35000" ,"New Mexico",6,SAGDP2N,"Gross domestic product (GDP) by state","Millions of current dollars",31,"324","    Petroleum and coal products manufacturing",447.1,604.7,427.8,477.0,624.6,574.5,563.4,362.4,199.0,136.5,123.2,99.1,119.5,113.1,148.0,243.9,299.7,607.6,886.6,600.2,(NA)
 "35000" ,"New Mexico",6,SAGDP2N,"Gross domestic product (GDP) by state","Millions of current dollars",32,"325","    Chemical manufacturing",48.8,55.4,77.8,99.5,113.8,94.7,92.1,96.7,123.6,122.6,162.7,270.4,173.8,196.4,231.2,279.9,354.5,274.1,303.8,253.7,(NA)
 "35000" ,"New Mexico",6,SAGDP2N,"Gross domestic product (GDP) by state","Millions of current dollars",33,"326","    Plastics and rubber products manufacturing",38.6,176.2,167.7,146.3,180.1,119.9,72.5,57.6,43.6,43.2,47.3,41.9,50.6,58.1,67.0,80.8,84.6,88.2,116.6,116.4,(NA)
 "35000" ,"New Mexico",6,SAGDP2N,"Gross domestic product (GDP) by state","Millions of current dollars",34,"42","  Wholesale trade",2087.1,2161.1,2094.7,2140.5,2135.7,2147.1,2196.2,2360.6,2497.6,2715.1,2802.5,2891.9,2574.1,2732.9,2738.7,2888.5,2970.1,3069.1,3124.0,3074.5,3080.4
 "35000" ,"New Mexico",6,SAGDP2N,"Gross domestic product (GDP) by state","Millions of current dollars",35,"44-45","  Retail trade",3322.9,3507.3,3612.4,3702.4,3855.6,4031.2,4220.1,4492.8,4539.4,4841.8,4950.3,4902.8,4918.4,4879.6,4843.1,5059.0,5126.5,5301.5,5424.4,5517.8,5487.1
 "35000" ,"New Mexico",6,SAGDP2N,"Gross domestic product (GDP) by state","Millions of current dollars",36,"48-49","  Transportation and warehousing",1108.7,1306.8,1313.3,1389.6,1319.7,1387.1,1483.8,1658.1,1807.1,2004.5,2010.1,2170.7,1908.1,1989.2,2217.0,2266.6,2304.1,2500.4,2546.1,2372.2,2436.6
 "35000" ,"New Mexico",6,SAGDP2N,"Gross domestic product (GDP) by state","Millions of current dollars",37,"481","   Air transportation",163.9,164.7,149.2,131.6,107.9,120.5,141.1,167.6,186.1,190.9,207.3,199.8,203.9,216.6,214.9,204.6,200.0,227.6,239.0,277.6,(NA)
 "35000" ,"New Mexico",6,SAGDP2N,"Gross domestic product (GDP) by state","Millions of current dollars",38,"482","   Rail transportation",253.6,302.3,302.5,347.7,316.7,305.2,350.9,395.7,469.9,580.7,531.6,659.8,570.2,603.7,738.8,707.6,744.7,779.0,767.1,688.9,(NA)
 "35000" ,"New Mexico",6,SAGDP2N,"Gross domestic product (GDP) by state","Millions of current dollars",39,"483","   Water transportation",7.7,7.3,6.9,7.7,2.3,0.3,0.7,0.5,0.4,0.5,0.8,0.3,0.2,1.9,3.5,6.1,26.5,30.6,38.0,12.8,(NA)
 "35000" ,"New Mexico",6,SAGDP2N,"Gross domestic product (GDP) by state","Millions of current dollars",40,"484","   Truck transportation",330.4,382.5,409.2,468.3,442.2,449.7,477.0,495.9,548.0,615.4,647.0,676.3,591.0,595.3,680.1,756.6,763.9,869.4,872.1,757.7,(NA)
 "35000" ,"New Mexico",6,SAGDP2N,"Gross domestic product (GDP) by state","Millions of current dollars",41,"485","   Transit and ground passenger transportation",82.0,86.3,91.4,95.5,101.1,109.1,111.8,118.0,114.0,118.8,113.2,118.0,119.1,124.3,120.3,120.6,119.5,130.5,132.2,119.3,(NA)
 "35000" ,"New Mexico",6,SAGDP2N,"Gross domestic product (GDP) by state","Millions of current dollars",42,"486","   Pipeline transportation",67.3,136.8,135.8,103.7,95.9,120.6,109.7,132.5,124.6,118.4,153.5,137.2,40.0,39.6,35.5,51.0,35.0,52.9,55.7,61.1,(NA)
 "35000" ,"New Mexico",6,SAGDP2N,"Gross domestic product (GDP) by state","Millions of current dollars",43,"487-488, 492","   Other transportation and support activities",176.5,189.4,172.6,188.8,206.1,231.4,239.1,289.5,300.9,311.7,286.7,304.0,307.0,330.8,342.0,325.5,327.4,327.6,349.8,363.8,(NA)
 "35000" ,"New Mexico",6,SAGDP2N,"Gross domestic product (GDP) by state","Millions of current dollars",44,"493","   Warehousing and storage",27.3,37.5,45.8,46.3,47.6,50.4,53.5,58.3,63.1,68.2,70.0,75.3,76.7,77.2,82.0,94.6,87.2,82.8,92.2,91.0,(NA)
 "35000" ,"New Mexico",6,SAGDP2N,"Gross domestic product (GDP) by state","Millions of current dollars",45,"51","  Information",1431.6,1476.6,1506.6,1565.2,1700.4,1827.1,1868.1,1934.8,1994.8,2156.8,2423.4,2978.8,2836.8,2890.5,2705.0,2724.4,2600.1,2525.4,2690.3,2875.0,2827.7
 "35000" ,"New Mexico",6,SAGDP2N,"Gross domestic product (GDP) by state","Millions of current dollars",46,"511","   Publishing industries (except Internet)",449.6,422.5,470.5,486.0,468.7,483.0,497.3,511.2,457.1,408.2,506.9,519.8,461.1,434.7,431.5,387.9,335.2,323.6,301.0,321.5,(NA)
 "35000" ,"New Mexico",6,SAGDP2N,"Gross domestic product (GDP) by state","Millions of current dollars",47,"512","   Motion picture and sound recording industries",44.6,58.5,72.9,73.7,71.5,169.0,135.3,167.4,275.1,347.8,475.2,893.3,729.7,874.7,737.0,881.0,719.3,683.9,847.8,1019.5,(NA)
 "35000" ,"New Mexico",6,SAGDP2N,"Gross domestic product (GDP) by state","Millions of current dollars",48,"515, 517","   Broadcasting (except Internet) and telecommunications",858.2,898.6,896.7,971.0,1077.8,1018.1,1073.1,1080.4,1105.2,1217.0,1365.9,1455.6,1545.6,1480.5,1425.5,1369.6,1465.5,1398.4,1433.0,1393.8,(NA)
 "35000" ,"New Mexico",6,SAGDP2N,"Gross domestic product (GDP) by state","Millions of current dollars",49,"518, 519","   Data processing, hosting, and other information services",79.2,97.0,66.5,34.5,82.4,157.0,162.4,175.7,157.4,184.0,75.4,110.1,100.4,100.5,110.9,85.9,80.2,119.5,108.6,140.3,(NA)
 "35000" ,"New Mexico",6,SAGDP2N,"Gross domestic product (GDP) by state","Millions of current dollars",50,"52, 53","  Finance, insurance, real estate, rental, and leasing",6211.7,6450.8,6867.4,7214.8,7744.2,8662.5,8358.5,8604.8,9556.6,10120.2,10973.3,11118.4,11663.1,12251.3,13427.4,13641.0,13536.3,14512.0,15219.2,15494.3,15920.0
 "35000" ,"New Mexico",6,SAGDP2N,"Gross domestic product (GDP) by state","Millions of current dollars",51,"52","   Finance and insurance",1486.0,1584.0,1616.3,1665.0,1675.2,1945.9,1929.5,2026.0,2208.2,2297.2,2296.1,2153.7,2235.4,2250.8,2400.8,2491.4,2306.1,2902.4,3152.5,3220.4,3220.5
 "35000" ,"New Mexico",6,SAGDP2N,"Gross domestic product (GDP) by state","Millions of current dollars",52,"521-522","    Monetary Authorities- central bank, credit intermediation, and related services",775.1,787.9,822.3,798.3,759.1,997.9,948.5,944.4,1004.2,1048.5,1029.6,990.3,900.5,879.4,991.2,1048.0,927.7,1104.3,1133.3,1196.1,(NA)
 "35000" ,"New Mexico",6,SAGDP2N,"Gross domestic product (GDP) by state","Millions of current dollars",53,"523","    Securities, commodity contracts, and other financial investments and related activities",147.0,146.7,131.5,131.4,173.3,170.8,150.6,156.7,190.8,219.8,209.3,102.0,223.7,245.3,237.0,336.3,391.4,333.8,332.8,382.0,(NA)
 "35000" ,"New Mexico",6,SAGDP2N,"Gross domestic product (GDP) by state","Millions of current dollars",54,"524","    Insurance carriers and related activities",558.4,639.9,649.9,723.3,725.6,749.8,794.6,832.6,917.4,945.1,1037.2,1042.3,1095.4,1098.2,1145.8,1085.7,949.8,1375.8,1513.5,1585.2,(NA)
 "35000" ,"New Mexico",6,SAGDP2N,"Gross domestic product (GDP) by state","Millions of current dollars",55,"525","    Funds, trusts, and other financial vehicles",5.5,9.5,12.6,11.9,17.2,27.4,35.8,92.4,95.7,83.8,20.0,19.1,16.0,28.0,26.8,21.4,37.1,88.5,172.9,57.1,(NA)
 "35000" ,"New Mexico",6,SAGDP2N,"Gross domestic product (GDP) by state","Millions of current dollars",56,"53","   Real estate and rental and leasing",4725.7,4866.7,5251.1,5549.9,6069.0,6716.6,6429.0,6578.8,7348.4,7823.1,8677.2,8964.7,9427.6,10000.5,11026.6,11149.6,11230.2,11609.5,12066.7,12273.9,12699.5
 "35000" ,"New Mexico",6,SAGDP2N,"Gross domestic product (GDP) by state","Millions of current dollars",57,"531","    Real estate",4404.2,4517.0,4874.8,5147.1,5592.7,6226.0,5951.8,6108.6,6815.4,7124.8,7941.8,8211.7,8799.1,9361.5,10245.8,10206.9,10161.6,10557.5,10975.7,11345.2,(NA)
 "35000" ,"New Mexico",6,SAGDP2N,"Gross domestic product (GDP) by state","Millions of current dollars",58,"532-533","    Rental and leasing services and lessors of nonfinancial intangible assets",321.4,349.8,376.3,402.7,476.3,490.5,477.2,470.2,533.0,698.3,735.4,753.1,628.6,639.0,780.9,942.8,1068.6,1052.1,1091.0,928.8,(NA)
 "35000" ,"New Mexico",6,SAGDP2N,"Gross domestic product (GDP) by state","Millions of current dollars",59,"54, 55, 56","  Professional and business services",3852.3,3972.4,4187.3,4619.5,5063.1,5451.3,5780.4,6111.7,6498.3,7490.0,8419.7,8956.1,8893.1,9029.2,9133.0,9095.0,8993.9,9253.4,9468.4,9711.7,10160.9
 "35000" ,"New Mexico",6,SAGDP2N,"Gross domestic product (GDP) by state","Millions of current dollars",60,"54","   Professional, scientific, and technical services",2617.6,2681.5,2777.2,3002.6,3205.9,3520.9,3786.2,4022.7,4198.4,5045.8,5778.6,6157.6,6161.0,6262.3,6278.0,6264.5,6163.9,6410.7,6596.1,6784.1,7113.1
 "35000" ,"New Mexico",6,SAGDP2N,"Gross domestic product (GDP) by state","Millions of current dollars",61,"5411","    Legal services",331.1,349.5,353.4,385.6,412.2,427.8,463.8,485.6,501.3,523.3,557.4,613.2,597.8,577.4,604.2,608.2,598.4,652.4,654.1,674.1,(NA)
 "35000" ,"New Mexico",6,SAGDP2N,"Gross domestic product (GDP) by state","Millions of current dollars",62,"5415","    Computer systems design and related services",192.6,217.8,201.0,237.4,221.7,191.7,234.7,225.1,258.7,288.1,369.1,401.0,425.2,451.7,472.4,510.5,508.2,522.9,527.6,535.5,(NA)
 "35000" ,"New Mexico",6,SAGDP2N,"Gross domestic product (GDP) by state","Millions of current dollars",63,"5412-5414, 5416-5419","    Miscellaneous professional, scientific, and technical services",2093.9,2114.2,2222.8,2379.6,2572.1,2901.4,3087.7,3311.9,3438.4,4234.3,4852.2,5143.4,5138.1,5233.2,5201.4,5145.8,5057.3,5235.4,5414.4,5574.5,(NA)
 "35000" ,"New Mexico",6,SAGDP2N,"Gross domestic product (GDP) by state","Millions of current dollars",64,"55","   Management of companies and enterprises",263.8,302.5,299.4,330.0,371.6,375.0,353.9,371.8,443.8,443.3,455.7,432.9,435.1,448.2,456.1,475.2,475.9,486.4,496.2,501.7,446.9
 "35000" ,"New Mexico",6,SAGDP2N,"Gross domestic product (GDP) by state","Millions of current dollars",65,"56","   Administrative and support and waste management and remediation services",970.9,988.4,1110.8,1286.9,1485.6,1555.5,1640.3,1717.3,1856.1,2000.9,2185.4,2365.6,2297.0,2318.8,2398.9,2355.3,2354.2,2356.3,2376.1,2425.8,2600.9
 "35000" ,"New Mexico",6,SAGDP2N,"Gross domestic product (GDP) by state","Millions of current dollars",66,"561","    Administrative and support services",857.2,869.5,978.5,1137.0,1318.1,1374.4,1446.6,1536.4,1668.7,1812.3,1961.3,2100.5,1990.8,1960.8,2076.7,2054.8,2049.6,2031.5,1995.5,2022.8,(NA)
 "35000" ,"New Mexico",6,SAGDP2N,"Gross domestic product (GDP) by state","Millions of current dollars",67,"562","    Waste management and remediation services",113.7,118.9,132.3,150.0,167.5,181.1,193.7,180.9,187.4,188.6,224.0,265.1,306.2,358.0,322.2,300.5,304.6,324.8,380.6,403.0,(NA)
 "35000" ,"New Mexico",6,SAGDP2N,"Gross domestic product (GDP) by state","Millions of current dollars",68,"61, 62","  Educational services, health care, and social assistance",2541.0,2751.4,2864.7,3083.9,3306.0,3697.6,4069.9,4444.1,4701.2,5011.5,5281.2,5802.5,6229.2,6430.1,6634.6,6884.1,6901.7,7037.4,7372.7,7842.6,7965.8
 "35000" ,"New Mexico",6,SAGDP2N,"Gross domestic product (GDP) by state","Millions of current dollars",69,"61","   Educational services",215.0,220.8,252.3,264.1,285.2,287.6,328.2,390.2,405.7,420.5,441.7,493.4,536.5,568.5,569.4,581.1,566.7,569.6,562.4,591.4,584.7
 "35000" ,"New Mexico",6,SAGDP2N,"Gross domestic product (GDP) by state","Millions of current dollars",70,"62","   Health care and social assistance",2326.0,2530.6,2612.4,2819.8,3020.8,3410.0,3741.7,4053.9,4295.5,4591.0,4839.5,5309.1,5692.7,5861.5,6065.2,6303.1,6335.0,6467.8,6810.3,7251.2,7381.1
 "35000" ,"New Mexico",6,SAGDP2N,"Gross domestic product (GDP) by state","Millions of current dollars",71,"621","    Ambulatory health care services",1131.9,1177.3,1237.7,1372.8,1512.2,1699.2,1866.0,2194.5,2320.8,2446.8,2534.5,2691.7,2913.7,3020.3,3180.8,3298.7,3306.6,3356.8,3484.7,3725.3,(NA)
 "35000" ,"New Mexico",6,SAGDP2N,"Gross domestic product (GDP) by state","Millions of current dollars",72,"622","    Hospitals",619.9,743.9,736.3,750.4,820.7,938.7,1033.1,988.7,1061.0,1175.7,1278.7,1495.0,1601.5,1631.8,1668.3,1741.8,1742.9,1790.7,1911.4,2044.1,(NA)
 "35000" ,"New Mexico",6,SAGDP2N,"Gross domestic product (GDP) by state","Millions of current dollars",73,"623","    Nursing and residential care facilities",249.8,268.9,263.0,279.6,302.4,338.0,353.0,366.3,378.6,387.4,386.1,420.6,444.4,462.5,499.9,515.2,525.5,526.0,554.2,584.4,(NA)
 "35000" ,"New Mexico",6,SAGDP2N,"Gross domestic product (GDP) by state","Millions of current dollars",74,"624","    Social assistance",324.4,340.4,375.4,417.0,385.5,434.0,489.7,504.4,535.1,581.1,640.2,701.7,733.1,746.9,716.2,747.4,760.0,794.3,860.0,897.4,(NA)
 "35000" ,"New Mexico",6,SAGDP2N,"Gross domestic product (GDP) by state","Millions of current dollars",75,"71, 72","  Arts, entertainment, recreation, accommodation, and food services",1666.2,1704.9,1832.6,2051.5,2080.7,2258.1,2404.1,2506.1,2602.0,2746.9,2904.7,2971.6,3109.9,3110.7,3052.2,3178.8,3332.5,3575.0,3670.9,3810.1,3817.7
 "35000" ,"New Mexico",6,SAGDP2N,"Gross domestic product (GDP) by state","Millions of current dollars",76,"71","   Arts, entertainment, and recreation",250.9,287.5,303.2,362.6,328.7,361.9,444.8,467.7,511.3,508.3,590.3,580.5,633.0,639.7,632.5,668.3,673.1,695.6,660.2,683.3,668.7
 "35000" ,"New Mexico",6,SAGDP2N,"Gross domestic product (GDP) by state","Millions of current dollars",77,"711-712","    Performing arts, spectator sports, museums, and related activities",120.3,155.6,155.4,192.1,204.3,232.0,275.2,276.7,280.7,273.5,279.6,274.3,264.3,255.0,232.1,266.7,230.2,288.7,273.7,312.9,(NA)
 "35000" ,"New Mexico",6,SAGDP2N,"Gross domestic product (GDP) by state","Millions of current dollars",78,"713","    Amusement, gambling, and recreation industries",130.6,131.9,147.8,170.5,124.4,129.9,169.6,191.0,230.7,234.7,310.6,306.2,368.7,384.6,400.4,401.6,442.9,406.9,386.5,370.3,(NA)
 "35000" ,"New Mexico",6,SAGDP2N,"Gross domestic product (GDP) by state","Millions of current dollars",79,"72","   Accommodation and food services",1415.3,1417.4,1529.4,1688.9,1752.1,1896.2,1959.3,2038.4,2090.6,2238.6,2314.4,2391.2,2476.9,2471.0,2419.6,2510.5,2659.4,2879.4,3010.7,3126.9,3149.0
 "35000" ,"New Mexico",6,SAGDP2N,"Gross domestic product (GDP) by state","Millions of current dollars",80,"721","    Accommodation",371.9,379.8,417.5,447.4,454.0,485.4,489.3,534.8,553.4,574.7,615.4,627.7,589.7,586.5,595.2,613.9,702.6,772.1,793.1,794.6,(NA)
 "35000" ,"New Mexico",6,SAGDP2N,"Gross domestic product (GDP) by state","Millions of current dollars",81,"722","    Food services and drinking places",1043.4,1037.6,1111.9,1241.5,1298.1,1410.8,1470.0,1503.6,1537.3,1664.0,1699.0,1763.5,1887.2,1884.5,1824.4,1896.6,1956.8,2107.2,2217.6,2332.3,(NA)
 "35000" ,"New Mexico",6,SAGDP2N,"Gross domestic product (GDP) by state","Millions of current dollars",82,"81","  Other services (except government and government enterprises)",1350.4,1379.7,1428.8,1490.0,1415.5,1535.6,1527.8,1620.4,1655.3,1821.9,1888.0,1925.2,1887.9,1823.0,1801.6,1896.6,1864.3,1987.4,1981.9,1991.4,2034.3
 "35000" ,"New Mexico",6,SAGDP2N,"Gross domestic product (GDP) by state","Millions of current dollars",83,"..."," Government and government enterprises",11717.9,12134.2,12524.0,13110.2,13888.9,14990.5,15852.9,16842.5,17541.7,17971.9,18383.0,19122.6,19770.2,20307.7,20665.0,21068.0,21317.2,21565.2,21791.8,22062.2,22364.1
 "35000" ,"New Mexico",6,SAGDP2N,"Gross domestic product (GDP) by state","Millions of current dollars",84,"...","  Federal civilian",3916.1,4008.2,4023.9,4191.2,4390.3,4604.5,4798.4,5021.1,5204.0,5441.4,5679.2,5900.6,6110.5,6434.8,6637.3,6612.8,6531.2,6690.5,6806.7,6926.7,(NA)
 "35000" ,"New Mexico",6,SAGDP2N,"Gross domestic product (GDP) by state","Millions of current dollars",85,"...","  Military",1982.9,1927.1,1897.1,1918.1,1980.7,2192.7,2388.1,2539.2,2670.3,2773.5,2857.1,2871.9,2991.8,3270.4,3437.4,3569.0,3579.4,3570.5,3498.9,3504.9,(NA)
 "35000" ,"New Mexico",6,SAGDP2N,"Gross domestic product (GDP) by state","Millions of current dollars",86,"...","  State and local",5818.9,6198.9,6603.0,7000.9,7517.9,8193.3,8666.4,9282.1,9667.5,9757.0,9846.7,10350.1,10667.9,10602.5,10590.3,10886.1,11206.6,11304.2,11486.2,11630.6,(NA)
 "35000" ,"New Mexico",6,SAGDP2N,"Gross domestic product (GDP) by state","Millions of current dollars",87,"11, 21","Natural resources and mining",3531.9,3115.9,3143.2,4056.1,4783.9,4197.2,5297.6,6430.4,8323.0,8918.6,9951.0,11771.5,8019.7,9440.8,11065.5,10656.0,11608.6,12774.3,8643.9,7333.5,9066.3
 "35000" ,"New Mexico",6,SAGDP2N,"Gross domestic product (GDP) by state","Millions of current dollars",88,"42, 44-45","Trade",5410.0,5668.4,5707.1,5842.9,5991.3,6178.2,6416.3,6853.4,7037.0,7556.9,7752.8,7794.7,7492.5,7612.5,7581.7,7947.5,8096.5,8370.6,8548.4,8592.3,8567.4
 "35000" ,"New Mexico",6,SAGDP2N,"Gross domestic product (GDP) by state","Millions of current dollars",89,"...","Transportation and utilities",2053.4,2198.9,2284.3,2337.9,2314.1,2268.0,2390.4,2639.4,2801.2,3191.6,3197.5,3432.5,3277.0,3472.5,3776.9,3819.4,3898.6,4162.6,4169.7,4034.3,4199.2
 "35000" ,"New Mexico",6,SAGDP2N,"Gross domestic product (GDP) by state","Millions of current dollars",90,"...","Private goods-producing industries 2/",16276.5,12945.0,13889.9,13916.8,12482.0,11186.5,14227.6,18183.5,19296.0,19358.3,19349.2,19621.8,16857.7,17061.6,17847.7,17346.7,17870.0,19507.0,15936.2,14466.2,16353.6
 "35000" ,"New Mexico",6,SAGDP2N,"Gross domestic product (GDP) by state","Millions of current dollars",91,"...","Private services-providing industries 3/",24516.7,25603.2,26678.9,28205.8,29615.3,31878.5,32815.5,34714.7,36846.4,40096.0,42840.6,44979.8,45389.5,46619.8,48112.4,49186.9,49224.0,51423.6,53121.5,54351.7,55493.0
"Note: See the included footnote file."
"SAGDP2N: Gross domestic product (GDP) by state 1/"
"Last updated: November 14, 2018; revised statistics for 1997-2017."
"Source: U.S. Department of Commerce / Bureau of Economic Analysis / Regional Economic Accounts"
