GeoFIPS,GeoName,Region,TableName,ComponentName,Unit,IndustryId,IndustryClassification,Description,1997,1998,1999,2000,2001,2002,2003,2004,2005,2006,2007,2008,2009,2010,2011,2012,2013,2014,2015,2016,2017
 "92000" ,"Mideast",2,SAGDP4N,"Compensation of employees","Thousands of dollars",1,"...","All industry total",902381767,966315717,1022223181,1107527813,1144257505,1158279901,1194450503,1262438880,1323300411,1399814820,1484047929,1520824136,1468868158,1512906171,1563550557,1608129930,1650518274,1718925903,1787135971,1818125876,(NA)
 "92000" ,"Mideast",2,SAGDP4N,"Compensation of employees","Thousands of dollars",2,"..."," Private industries",724261688,781637060,828098479,903358109,930096869,930391300,954602549,1009023251,1058870610,1125683283,1197183552,1221097389,1157498582,1189734672,1240436697,1286718437,1316194693,1379178990,1440378655,1466807637,(NA)
 "92000" ,"Mideast",2,SAGDP4N,"Compensation of employees","Thousands of dollars",3,"11","  Agriculture, forestry, fishing, and hunting",1595118,1608226,1543716,1746647,1787377,(D),1969420,2027552,1753114,2044936,2386589,(D),(D),(D),(D),(D),(D),(D),(D),(D),(NA)
 "92000" ,"Mideast",2,SAGDP4N,"Compensation of employees","Thousands of dollars",4,"111-112","   Farms",1271916,1267310,1164426,1350998,1410493,1728833,1579054,1575569,1306918,1475722,1824096,1750435,1631420,1590414,1388742,1933277,1961602,2058907,1771244,1987315,(NA)
 "92000" ,"Mideast",2,SAGDP4N,"Compensation of employees","Thousands of dollars",5,"113-115","   Forestry, fishing, and related activities",323202,340916,379290,395648,376884,(D),390366,451983,446196,569214,562493,(D),(D),(D),(D),(D),(D),(D),(D),(D),(NA)
 "92000" ,"Mideast",2,SAGDP4N,"Compensation of employees","Thousands of dollars",6,"21","  Mining, quarrying, and oil and gas extraction",1459374,1571227,1506540,1497252,1561035,(D),1471275,1617245,1740066,1921980,2007950,(D),(D),(D),(D),(D),(D),(D),(D),(D),(NA)
 "92000" ,"Mideast",2,SAGDP4N,"Compensation of employees","Thousands of dollars",7,"211","   Oil and gas extraction",124232,139494,141005,146423,159840,(D),(D),(D),148428,(D),(D),(D),(D),479355,(D),(D),884490,(D),(D),815168,(NA)
 "92000" ,"Mideast",2,SAGDP4N,"Compensation of employees","Thousands of dollars",8,"212","   Mining (except oil and gas)",1223720,1309563,1238348,1210292,(D),1133253,(D),(D),1349066,(D),(D),(D),(D),(D),(D),(D),(D),(D),(D),(D),(NA)
 "92000" ,"Mideast",2,SAGDP4N,"Compensation of employees","Thousands of dollars",9,"213","   Support activities for mining",111421,122170,127188,140537,(D),160047,170283,201226,242572,(D),377287,450995,(D),(D),(D),(D),(D),1771941,(D),882575,(NA)
 "92000" ,"Mideast",2,SAGDP4N,"Compensation of employees","Thousands of dollars",10,"22","  Utilities",8298904,8630249,9199723,9830639,(D),(D),10267320,10301485,10254882,10822408,11151533,11507676,11250670,11922954,12541268,12255706,12410039,12945643,13740400,14220364,(NA)
 "92000" ,"Mideast",2,SAGDP4N,"Compensation of employees","Thousands of dollars",11,"23","  Construction",35405156,38922344,42795714,47946973,51365968,52127105,53446893,55916896,58558969,62744803,66632203,68488485,61463780,58928231,60496699,62460065,65301582,69796461,74676655,78789567,(NA)
 "92000" ,"Mideast",2,SAGDP4N,"Compensation of employees","Thousands of dollars",12,"31-33","  Manufacturing",110581668,115555861,117341031,123067575,120059743,(D),113738974,115152946,116699369,118523159,120130676,119637583,108706482,108948778,110286035,111368285,111125361,113689844,116051910,114564634,(NA)
 "92000" ,"Mideast",2,SAGDP4N,"Compensation of employees","Thousands of dollars",13,"321,327-339","   Durable goods manufacturing",60896827,64550407,65645580,69380936,67669706,(D),62949226,64375026,65473307,67079363,68231366,68189991,61167482,60577692,62757402,63690989,63337361,63939623,66653328,65285717,(NA)
 "92000" ,"Mideast",2,SAGDP4N,"Compensation of employees","Thousands of dollars",14,"321","    Wood product manufacturing",1436221,1564700,1702223,1802537,(D),(D),(D),(D),(D),(D),(D),(D),(D),(D),1399550,1417214,(D),1701673,1838668,1851632,(NA)
 "92000" ,"Mideast",2,SAGDP4N,"Compensation of employees","Thousands of dollars",15,"327","    Nonmetallic mineral product manufacturing",3795277,4004273,3909842,4223023,4180304,4024732,3999751,3984001,4154483,(D),4012642,3908226,3279492,3229908,3261818,3348273,3325566,3465938,3592945,3686515,(NA)
 "92000" ,"Mideast",2,SAGDP4N,"Compensation of employees","Thousands of dollars",16,"331","    Primary metal manufacturing",5186045,5286499,5276853,5492512,5090225,4670222,4467434,(D),(D),(D),(D),(D),(D),(D),(D),(D),(D),(D),(D),4178886,(NA)
 "92000" ,"Mideast",2,SAGDP4N,"Compensation of employees","Thousands of dollars",17,"332","    Fabricated metal product manufacturing",9351239,9802268,10000808,10575726,10135327,9641316,9448864,9664979,10078749,10414417,(D),(D),(D),9768588,10185711,10598687,10626199,10751483,11045173,10978450,(NA)
 "92000" ,"Mideast",2,SAGDP4N,"Compensation of employees","Thousands of dollars",18,"333","    Machinery manufacturing",10296800,10557494,10412873,10408234,9971851,9147547,8649833,8876321,8947881,9172300,9432801,9592158,8505121,8474206,9078732,(D),(D),(D),(D),(D),(NA)
 "92000" ,"Mideast",2,SAGDP4N,"Compensation of employees","Thousands of dollars",19,"334","    Computer and electronic product manufacturing",12120437,13220119,13666495,15589813,(D),15386455,14758522,15031629,15327249,15692572,15576517,15618768,14942863,14833898,14930008,15062762,14493573,14309213,(D),(D),(NA)
 "92000" ,"Mideast",2,SAGDP4N,"Compensation of employees","Thousands of dollars",20,"335","    Electrical equipment, appliance, and component manufacturing",3435815,3667369,3653112,3759750,(D),(D),(D),(D),(D),(D),(D),(D),(D),(D),(D),(D),(D),(D),(D),(D),(NA)
 "92000" ,"Mideast",2,SAGDP4N,"Compensation of employees","Thousands of dollars",21,"3361-3363","    Motor vehicles, bodies and trailers, and parts manufacturing",4501002,5051552,4991605,5261658,4571830,4530157,4488002,4260327,4029315,4078391,3811113,3114664,2277737,2041636,2090251,1987128,1967458,2105390,2346476,2372809,(NA)
 "92000" ,"Mideast",2,SAGDP4N,"Compensation of employees","Thousands of dollars",22,"3364-3369","    Other transportation equipment manufacturing",3170377,3273466,3583368,3357541,2995236,3015722,3073528,3418473,3507368,3712929,4037465,4346415,4270052,4220148,4364816,(D),4312782,4102101,4039394,3666700,(NA)
 "92000" ,"Mideast",2,SAGDP4N,"Compensation of employees","Thousands of dollars",23,"337","    Furniture and related product manufacturing",2033026,2193792,2367247,2542033,2457142,2365473,2360149,2420541,2427013,2529986,2564963,(D),(D),(D),(D),(D),(D),(D),(D),(D),(NA)
 "92000" ,"Mideast",2,SAGDP4N,"Compensation of employees","Thousands of dollars",24,"339","    Miscellaneous manufacturing",5570587,5928876,6081154,6368108,6241665,6197783,6435767,6623885,6781003,6953090,7240492,(D),(D),(D),(D),6923605,(D),(D),(D),7547501,(NA)
 "92000" ,"Mideast",2,SAGDP4N,"Compensation of employees","Thousands of dollars",25,"311-316,322-326","   Nondurable goods manufacturing",49684841,51005454,51695451,53686639,52390037,(D),50789749,50777921,51226062,51443795,51899310,51447592,47539000,48371086,47528634,47677296,47787999,49750222,49398582,49278917,(NA)
 "92000" ,"Mideast",2,SAGDP4N,"Compensation of employees","Thousands of dollars",26,"311-312","    Food and beverage and tobacco products manufacturing",8900444,9297809,9503438,9886385,9913214,9878222,10226447,10250329,10349391,10237961,10621576,(D),(D),(D),(D),(D),(D),(D),(D),(D),(NA)
 "92000" ,"Mideast",2,SAGDP4N,"Compensation of employees","Thousands of dollars",27,"313-314","    Textile mills and textile product mills",2453445,2559035,2508477,2510961,(D),2125553,2007366,1884044,1783340,1658131,(D),(D),(D),(D),1240073,1242715,(D),(D),(D),(D),(NA)
 "92000" ,"Mideast",2,SAGDP4N,"Compensation of employees","Thousands of dollars",28,"315-316","    Apparel, leather, and allied product manufacturing",4525971,4508830,4218250,4066676,(D),(D),(D),3044242,2910351,(D),(D),2566653,(D),(D),(D),(D),(D),2000518,(D),(D),(NA)
 "92000" ,"Mideast",2,SAGDP4N,"Compensation of employees","Thousands of dollars",29,"322","    Paper manufacturing",4734315,4639760,4760970,4876345,4684469,4571573,4482679,(D),(D),(D),(D),4487560,(D),(D),(D),(D),(D),(D),(D),(D),(NA)
 "92000" ,"Mideast",2,SAGDP4N,"Compensation of employees","Thousands of dollars",30,"323","    Printing and related support activities",6083213,6364417,6586213,6756294,6549616,6178802,6016867,6048218,6096196,6064309,6059206,5790860,4839934,4553206,(D),4357819,4250013,4197863,4191155,4173863,(NA)
 "92000" ,"Mideast",2,SAGDP4N,"Compensation of employees","Thousands of dollars",31,"324","    Petroleum and coal products manufacturing",1423837,1519273,1534748,1562200,1664824,1424015,(D),(D),(D),(D),(D),1642384,1661482,(D),(D),1529038,1651137,1758177,1831846,1879423,(NA)
 "92000" ,"Mideast",2,SAGDP4N,"Compensation of employees","Thousands of dollars",32,"325","    Chemical manufacturing",16900347,17250668,17564286,18896609,(D),(D),(D),(D),19262935,19716664,19837923,19987075,18754175,19431415,18613800,18469658,18495428,19062690,18364263,17896716,(NA)
 "92000" ,"Mideast",2,SAGDP4N,"Compensation of employees","Thousands of dollars",33,"326","    Plastics and rubber products manufacturing",4663270,4865663,5019069,5131169,(D),(D),(D),(D),(D),(D),(D),(D),(D),(D),(D),(D),(D),(D),(D),(D),(NA)
 "92000" ,"Mideast",2,SAGDP4N,"Compensation of employees","Thousands of dollars",34,"42","  Wholesale trade",49560220,53508443,55329051,60773741,59969820,59657470,61901226,64750942,67549210,70767211,74686360,74804805,70560633,71920617,75720242,78979111,79207685,82673477,85414072,83974819,(NA)
 "92000" ,"Mideast",2,SAGDP4N,"Compensation of employees","Thousands of dollars",35,"44-45","  Retail trade",55771891,59395001,61817362,66236929,67754742,69804499,72883267,74702874,77233373,79098227,81532864,81038566,77485075,78867579,81697797,83401631,85806140,88164558,91653339,92545507,(NA)
 "92000" ,"Mideast",2,SAGDP4N,"Compensation of employees","Thousands of dollars",36,"48-49","  Transportation and warehousing",26810704,28544214,29767912,31776505,(D),(D),32243198,34134524,35299149,36295627,38369008,38502927,37177351,37740778,39428502,40753393,41568754,43188199,46886189,49120175,(NA)
 "92000" ,"Mideast",2,SAGDP4N,"Compensation of employees","Thousands of dollars",37,"481","   Air transportation",4588142,5084320,5634026,6004713,6139382,5572149,5361851,5323274,5056447,5161914,5617198,5402497,5065102,5267279,5673064,5815069,6163017,6313314,7048107,7856089,(NA)
 "92000" ,"Mideast",2,SAGDP4N,"Compensation of employees","Thousands of dollars",38,"482","   Rail transportation",1770746,1943145,2020137,1965262,1944769,1851929,1868243,1892553,1943488,1972749,(D),(D),(D),(D),(D),2482432,2398490,2600387,2751239,2554307,(NA)
 "92000" ,"Mideast",2,SAGDP4N,"Compensation of employees","Thousands of dollars",39,"483","   Water transportation",684140,609138,579642,566932,558292,565843,593661,(D),712423,679872,724471,(D),(D),(D),(D),(D),(D),(D),(D),(D),(NA)
 "92000" ,"Mideast",2,SAGDP4N,"Compensation of employees","Thousands of dollars",40,"484","   Truck transportation",6416994,6814840,7453535,7776976,7911973,7944416,8094703,8404260,8712493,9086576,9255324,8999212,8224092,8308367,8915813,9244007,9602271,9862996,10515927,10599620,(NA)
 "92000" ,"Mideast",2,SAGDP4N,"Compensation of employees","Thousands of dollars",41,"485","   Transit and ground passenger transportation",2982198,3133657,3411867,3558195,3532978,3636201,3807758,4086317,4244097,4506342,4704597,4859414,5005046,5149868,5353071,5534294,5609874,5860885,6042500,6139912,(NA)
 "92000" ,"Mideast",2,SAGDP4N,"Compensation of employees","Thousands of dollars",42,"486","   Pipeline transportation",239111,221331,235496,250531,(D),212880,217121,(D),(D),229173,(D),267970,297266,283310,316171,(D),342829,369821,394232,415270,(NA)
 "92000" ,"Mideast",2,SAGDP4N,"Compensation of employees","Thousands of dollars",43,"487-488, 492","   Other transportation and support activities",6958555,7482923,7517848,8174688,(D),8174940,(D),(D),(D),(D),10164226,10090124,(D),9573182,(D),(D),(D),10590351,11471067,(D),(NA)
 "92000" ,"Mideast",2,SAGDP4N,"Compensation of employees","Thousands of dollars",44,"493","   Warehousing and storage",3170817,3254859,2915360,3479208,3677415,(D),(D),(D),(D),(D),(D),(D),(D),(D),(D),6427623,(D),(D),(D),(D),(NA)
 "92000" ,"Mideast",2,SAGDP4N,"Compensation of employees","Thousands of dollars",45,"51","  Information",37004879,39994820,43402576,48999779,(D),46353679,46803146,47521475,48320859,50097276,52391680,52019887,50977280,49925950,52122176,54346081,55310945,58386049,59933604,60616868,(NA)
 "92000" ,"Mideast",2,SAGDP4N,"Compensation of employees","Thousands of dollars",46,"511","   Publishing industries (except Internet)",11547990,12659613,13222000,14641332,15124796,(D),14526128,14836880,15312371,15860226,17119179,17177078,16082181,15184533,16078551,16413061,17360940,18175613,19205460,19097786,(NA)
 "92000" ,"Mideast",2,SAGDP4N,"Compensation of employees","Thousands of dollars",47,"512","   Motion picture and sound recording industries",3646940,3960160,4238125,4701295,4634043,4413583,4540264,4687382,4904284,5123521,5494394,5647547,5708607,6213899,6818780,7259314,7264334,8123339,7911758,7918547,(NA)
 "92000" ,"Mideast",2,SAGDP4N,"Compensation of employees","Thousands of dollars",48,"515, 517","   Broadcasting (except Internet) and telecommunications",17097362,18082336,19892338,21815441,22161502,20999965,20978686,21059187,20997192,21499652,23168430,22798481,23069334,22379683,22662744,23609361,23542428,23627635,23076749,23301478,(NA)
 "92000" ,"Mideast",2,SAGDP4N,"Compensation of employees","Thousands of dollars",49,"518, 519","   Data processing, hosting, and other information services",4712587,5292711,6050114,7841711,(D),(D),6758068,6938027,7107013,7613876,6609677,6396781,6117158,6147835,6562101,7064345,7143244,8459461,9739637,10299056,(NA)
 "92000" ,"Mideast",2,SAGDP4N,"Compensation of employees","Thousands of dollars",50,"52, 53","  Finance, insurance, real estate, rental, and leasing",111181991,120602676,129946456,144646464,153779708,145323985,145346862,161299751,174046642,195126176,216759501,214856520,181292070,194269061,204003649,207225358,207981762,224542726,231134034,232501550,(NA)
 "92000" ,"Mideast",2,SAGDP4N,"Compensation of employees","Thousands of dollars",51,"52","   Finance and insurance",97761534,105927403,114344932,127935821,136745588,127458243,127111216,141367675,153253951,173189559,193396258,191610211,159344468,171928195,181357303,183066028,183383519,198246342,202137687,202493731,(NA)
 "92000" ,"Mideast",2,SAGDP4N,"Compensation of employees","Thousands of dollars",52,"521-522","    Monetary Authorities- central bank, credit intermediation, and related services",26284302,28410824,30518061,30951248,33558821,33689229,35525744,37368558,39560063,43149415,44361427,41994182,37961754,39129481,42068016,43334137,44870508,46814345,49761744,50935878,(NA)
 "92000" ,"Mideast",2,SAGDP4N,"Compensation of employees","Thousands of dollars",53,"523","    Securities, commodity contracts, and other financial investments and related activities",46093604,50527692,55678054,67197420,72278869,62250974,58873527,69348854,77856861,92171479,109608568,109169022,82454449,92463658,96279911,94603528,92290625,102766471,102089938,101307447,(NA)
 "92000" ,"Mideast",2,SAGDP4N,"Compensation of employees","Thousands of dollars",54,"524","    Insurance carriers and related activities",25147572,26717204,27879967,29515228,30621670,31223579,32394506,34227996,35530668,37527155,39286978,40288761,38784033,40206463,42862421,44969696,46022383,48361236,49920710,49831446,(NA)
 "92000" ,"Mideast",2,SAGDP4N,"Compensation of employees","Thousands of dollars",55,"525","    Funds, trusts, and other financial vehicles",236056,271682,268849,271926,286228,294461,317440,422267,306360,341510,139286,158246,144232,128593,146955,158667,200002,304290,365295,418959,(NA)
 "92000" ,"Mideast",2,SAGDP4N,"Compensation of employees","Thousands of dollars",56,"53","   Real estate and rental and leasing",13420457,14675273,15601524,16710643,17034119,17865742,18235646,19932076,20792691,21936617,23363243,23246309,21947603,22340866,22646345,24159330,24598243,26296384,28996347,30007819,(NA)
 "92000" ,"Mideast",2,SAGDP4N,"Compensation of employees","Thousands of dollars",57,"531","    Real estate",10007704,10994076,11741096,12630730,12974840,(D),14110666,15631674,(D),17359818,18508235,18500731,17539279,17929079,18198690,19429853,19749322,21273965,23069766,23995494,(NA)
 "92000" ,"Mideast",2,SAGDP4N,"Compensation of employees","Thousands of dollars",58,"532-533","    Rental and leasing services and lessors of nonfinancial intangible assets",3412754,3681197,3860428,4079912,4059280,(D),4124980,4300402,(D),4576799,4855007,4745578,4408324,4411787,4447655,4729476,4848921,5022418,5926580,6012325,(NA)
 "92000" ,"Mideast",2,SAGDP4N,"Compensation of employees","Thousands of dollars",59,"54, 55, 56","  Professional and business services",124945595,140401827,151990984,171905077,176981727,177975939,182799789,195436265,210892280,227184144,246084471,255264447,245680776,256964155,270801000,286119910,295960520,308072729,325981459,330743168,(NA)
 "92000" ,"Mideast",2,SAGDP4N,"Compensation of employees","Thousands of dollars",60,"54","   Professional, scientific, and technical services",76526143,86554935,94486636,105971679,109383665,107858324,109727909,116796961,126027987,135839924,146037633,153814268,149922818,152130899,161834388,171279067,176705234,186142596,197312309,202274462,(NA)
 "92000" ,"Mideast",2,SAGDP4N,"Compensation of employees","Thousands of dollars",61,"5411","    Legal services",16498490,18003370,19051412,21094486,22462253,23415432,24712261,26087199,27349805,29163182,31527115,32623559,31316829,30626232,31772291,32510001,32838079,33639550,33911622,34887609,(NA)
 "92000" ,"Mideast",2,SAGDP4N,"Compensation of employees","Thousands of dollars",62,"5415","    Computer systems design and related services",13683853,16606923,19323680,22038145,22076712,20104619,19768099,21135852,22989378,25279967,27464899,29393182,29534481,31150763,34482427,36977033,38433438,41372183,43548361,44764394,(NA)
 "92000" ,"Mideast",2,SAGDP4N,"Compensation of employees","Thousands of dollars",63,"5412-5414, 5416-5419","    Miscellaneous professional, scientific, and technical services",46343799,51944643,56111544,62839047,64844700,64338273,65247549,69573909,75688805,81396775,87045619,91797527,89071508,90353903,95579670,101792033,105433717,111130863,119852326,122622458,(NA)
 "92000" ,"Mideast",2,SAGDP4N,"Compensation of employees","Thousands of dollars",64,"55","   Management of companies and enterprises",20419790,22845751,24138002,28033630,28907587,30789742,32864676,35807700,39002939,43756858,49459012,49242733,46896663,52795393,54944344,58138575,60806925,60834243,63260386,61958453,(NA)
 "92000" ,"Mideast",2,SAGDP4N,"Compensation of employees","Thousands of dollars",65,"56","   Administrative and support and waste management and remediation services",27999662,31001141,33366346,37899768,38690474,39327874,40207204,42831604,45861353,47587362,50587826,52207446,48861295,52037863,54022268,56702268,58448362,61095889,65408764,66510254,(NA)
 "92000" ,"Mideast",2,SAGDP4N,"Compensation of employees","Thousands of dollars",66,"561","    Administrative and support services",25904525,28771858,31043837,35475398,36162387,36733401,37499035,40024068,42882543,44399520,47222750,48640541,45354295,47364138,50043630,52521445,54264534,56774656,61007327,62136816,(NA)
 "92000" ,"Mideast",2,SAGDP4N,"Compensation of employees","Thousands of dollars",67,"562","    Waste management and remediation services",2095137,2229283,2322509,2424370,2528087,2594473,2708169,2807536,2978810,3187842,3365077,3566905,3507000,4673724,3978637,4180823,4183828,4321233,4401437,4373438,(NA)
 "92000" ,"Mideast",2,SAGDP4N,"Compensation of employees","Thousands of dollars",68,"61, 62","  Educational services, health care, and social assistance",104888538,110924768,117134306,123320764,131194126,141042510,150855663,161018917,168773124,178861114,187749290,198698516,208635608,214465369,222419708,231439847,238855916,247833176,259613005,269883687,(NA)
 "92000" ,"Mideast",2,SAGDP4N,"Compensation of employees","Thousands of dollars",69,"61","   Educational services",17987864,19907313,21037888,22290456,23711491,26253815,27955100,29695499,30719643,32573169,34466894,36618832,39457534,40630563,42608569,45158290,46525819,49334256,52668699,54987602,(NA)
 "92000" ,"Mideast",2,SAGDP4N,"Compensation of employees","Thousands of dollars",70,"62","   Health care and social assistance",86900674,91017455,96096418,101030307,107482635,114788695,122900564,131323419,138053480,146287945,153282396,162079684,169178074,173834807,179811139,186281557,192330097,198498920,206944306,214896085,(NA)
 "92000" ,"Mideast",2,SAGDP4N,"Compensation of employees","Thousands of dollars",71,"621","    Ambulatory health care services",33217442,34870076,36708138,38757745,41300194,43781484,46623975,50448859,53048220,56454052,59584608,62948696,65632138,68063945,71111192,74016758,77348604,80453194,84206451,88131540,(NA)
 "92000" ,"Mideast",2,SAGDP4N,"Compensation of employees","Thousands of dollars",72,"622","    Hospitals",33363275,34438739,35521613,36769322,39428806,41779028,44857968,47663330,50048390,53346717,55723570,59119216,62020601,62811331,65859647,68318287,69957900,71732757,74616219,76650841,(NA)
 "92000" ,"Mideast",2,SAGDP4N,"Compensation of employees","Thousands of dollars",73,"623","    Nursing and residential care facilities",11817488,12691764,13665888,14568854,15394465,16714977,17754588,18874459,19505764,20420714,21203027,22450358,23315930,24244486,24427471,24596611,25078428,25493239,26225634,26877728,(NA)
 "92000" ,"Mideast",2,SAGDP4N,"Compensation of employees","Thousands of dollars",74,"624","    Social assistance",8502469,9016876,10200778,10934386,11359170,12513206,13664033,14336770,15451107,16066462,16771192,17561415,18209404,18715044,18412829,19349901,19945164,20819730,21896001,23235977,(NA)
 "92000" ,"Mideast",2,SAGDP4N,"Compensation of employees","Thousands of dollars",75,"71, 72","  Arts, entertainment, recreation, accommodation, and food services",29646904,32712882,35658885,38698126,(D),40975194,43004725,45294374,46802421,49683897,52596756,54818194,53440813,55222449,58195854,62404274,65495442,69729157,73199468,77120111,(NA)
 "92000" ,"Mideast",2,SAGDP4N,"Compensation of employees","Thousands of dollars",76,"71","   Arts, entertainment, and recreation",7597875,8438295,9137241,10055374,10462157,11068896,11559876,12204214,12436175,13685884,14307942,15299909,15168099,15496125,16013000,16938180,17711552,19062494,20002608,21068661,(NA)
 "92000" ,"Mideast",2,SAGDP4N,"Compensation of employees","Thousands of dollars",77,"711-712","    Performing arts, spectator sports, museums, and related activities",4674236,5131463,5618864,6162627,6392113,6602102,6884811,7260200,7408283,8377881,8648343,9266326,9176419,9199782,9328533,9856239,10388840,11133562,11898545,12573090,(NA)
 "92000" ,"Mideast",2,SAGDP4N,"Compensation of employees","Thousands of dollars",78,"713","    Amusement, gambling, and recreation industries",2923638,3306832,3518377,3892747,4070044,4466795,4675065,4944015,5027892,5308003,5659599,6033583,5991680,6296343,6684467,7081941,7322711,7928932,8104064,8495571,(NA)
 "92000" ,"Mideast",2,SAGDP4N,"Compensation of employees","Thousands of dollars",79,"72","   Accommodation and food services",22049029,24274586,26521644,28642753,(D),29906297,31444849,33090160,34366246,35998013,38288814,39518285,38272714,39726324,42182855,45466094,47783890,50666663,53196860,56051450,(NA)
 "92000" ,"Mideast",2,SAGDP4N,"Compensation of employees","Thousands of dollars",80,"721","    Accommodation",6609842,7244790,8019707,8778469,(D),8387137,8587513,8742684,8890884,9172061,9621614,10386269,9595635,9936944,10461430,10989651,11509011,12141644,12113215,12360994,(NA)
 "92000" ,"Mideast",2,SAGDP4N,"Compensation of employees","Thousands of dollars",81,"722","    Food services and drinking places",15439187,17029797,18501936,19864284,20504572,21519161,22857336,24347476,25475362,26825952,28667200,29132016,28677079,29789380,31721425,34476443,36274879,38525019,41083644,43690456,(NA)
 "92000" ,"Mideast",2,SAGDP4N,"Compensation of employees","Thousands of dollars",82,"81","  Other services (except government and government enterprises)",27110745,29264522,30664224,32911640,33750981,36295556,37870789,39848006,40947153,42512325,44704671,46897230,46408177,45657704,47289764,49457970,50649943,53098637,55641640,56900033,(NA)
 "92000" ,"Mideast",2,SAGDP4N,"Compensation of employees","Thousands of dollars",83,"..."," Government and government enterprises",178120079,184678657,194124702,204169704,214160636,227888601,239847954,253415629,264429801,274131537,286864377,299726747,311369575,323171499,323113860,321411493,334323581,339746913,346757316,351318239,(NA)
 "92000" ,"Mideast",2,SAGDP4N,"Compensation of employees","Thousands of dollars",84,"...","  Federal civilian",41225151,41744892,43534925,45563036,46996125,51496726,54808563,58202761,61070434,63016177,65443184,67869632,71856187,77105798,79358341,78614999,77618973,79872562,82832460,85798501,(NA)
 "92000" ,"Mideast",2,SAGDP4N,"Compensation of employees","Thousands of dollars",85,"...","  Military",5354563,5408415,5606658,5827632,6251016,7385469,8923464,9382245,10350787,10667735,10766858,11499260,12221123,12529560,12477645,12277470,11890018,11562871,11426856,11402396,(NA)
 "92000" ,"Mideast",2,SAGDP4N,"Compensation of employees","Thousands of dollars",86,"...","  State and local",131540365,137525350,144983119,152779036,160913495,169006406,176115927,185830623,193008580,200447625,210654335,220357855,227292265,233536141,231277874,230519024,244814590,248311480,252498000,254117342,(NA)
 "92000" ,"Mideast",2,SAGDP4N,"Compensation of employees","Thousands of dollars",87,"11, 21","Natural resources and mining",3054492,3179453,3050256,3243899,3348413,3545288,3440696,3644797,3493180,3966917,4394538,4562554,4419866,4901046,5434003,6506805,6520603,7058336,6452881,5827153,(NA)
 "92000" ,"Mideast",2,SAGDP4N,"Compensation of employees","Thousands of dollars",88,"42, 44-45","Trade",105332112,112903444,117146412,127010670,127724562,129461969,134784493,139453816,144782584,149865438,156219224,155843370,148045708,150788196,157418039,162380742,165013826,170838035,177067411,176520326,(NA)
 "92000" ,"Mideast",2,SAGDP4N,"Compensation of employees","Thousands of dollars",89,"...","Transportation and utilities",35109608,37174463,38967635,41607144,42306868,(D),42510518,44436009,45554031,47118034,49520541,50010603,48428021,49663732,51969770,53009099,53978793,56133842,60626589,63340539,(NA)
 "92000" ,"Mideast",2,SAGDP4N,"Compensation of employees","Thousands of dollars",90,"...","Private goods-producing industries 2/",149041316,157657658,163187001,174258447,174774123,170535262,170626562,174714640,178751517,185234879,191157417,192688622,174590128,172778055,176216737,180335155,182947546,190544641,197181446,199181355,(NA)
 "92000" ,"Mideast",2,SAGDP4N,"Compensation of employees","Thousands of dollars",91,"...","Private services-providing industries 3/",575220372,623979402,664911479,729099662,755322746,759856038,783975986,834308612,880119093,940448405,1006026135,1028408767,982908454,1016956617,1064219960,1106383281,1133247147,1188634350,1243197209,1267626282,(NA)
"Note: See the included footnote file."
"SAGDP4N: Compensation of employees 1/"
"Last updated: November 14, 2018; revised statistics for 1997-2017."
"Source: U.S. Department of Commerce / Bureau of Economic Analysis / Regional Economic Accounts"
