GeoFIPS,GeoName,Region,TableName,ComponentName,Unit,IndustryId,IndustryClassification,Description,1997,1998,1999,2000,2001,2002,2003,2004,2005,2006,2007,2008,2009,2010,2011,2012,2013,2014,2015,2016,2017
 "56000" ,"Wyoming",7,SAGDP2N,"Gross domestic product (GDP) by state","Millions of current dollars",1,"...","All industry total",14724.3,14928.2,15710.9,17205.4,18660.7,19115.6,21027.5,23186.7,27177.6,32405.1,36602.5,42540.4,36042.2,37401.2,39370.7,38431.7,38922.5,39372.3,37764.1,35984.2,38036.8
 "56000" ,"Wyoming",7,SAGDP2N,"Gross domestic product (GDP) by state","Millions of current dollars",2,"..."," Private industries",12365.6,12471.3,13115.7,14466.0,15706.0,15933.2,17596.4,19574.6,23390.8,28368.2,32105.4,37679.3,30979.3,32174.9,34072.0,32894.2,33044.2,33335.2,31661.5,29785.5,31785.0
 "56000" ,"Wyoming",7,SAGDP2N,"Gross domestic product (GDP) by state","Millions of current dollars",3,"11","  Agriculture, forestry, fishing, and hunting",426.5,317.5,377.8,361.9,412.3,307.6,421.6,447.6,423.2,421.0,355.4,451.6,440.9,519.8,794.4,562.4,720.1,758.6,699.1,623.3,(D)
 "56000" ,"Wyoming",7,SAGDP2N,"Gross domestic product (GDP) by state","Millions of current dollars",4,"111-112","   Farms",384.9,276.7,332.8,316.2,358.1,252.5,359.4,396.4,378.3,350.2,297.6,402.6,371.5,436.3,724.3,500.7,654.2,689.0,630.3,551.2,(NA)
 "56000" ,"Wyoming",7,SAGDP2N,"Gross domestic product (GDP) by state","Millions of current dollars",5,"113-115","   Forestry, fishing, and related activities",41.5,40.8,44.9,45.7,54.2,55.1,62.2,51.3,44.9,70.8,57.8,49.0,69.4,83.5,70.1,61.7,65.9,69.6,68.8,72.2,(NA)
 "56000" ,"Wyoming",7,SAGDP2N,"Gross domestic product (GDP) by state","Millions of current dollars",6,"21","  Mining, quarrying, and oil and gas extraction",2933.0,2560.0,2601.4,3272.8,3807.5,3719.1,4811.7,6013.6,8641.9,11416.5,12630.2,16170.0,11667.7,12246.7,13016.7,10146.9,10203.7,9586.9,6714.6,6116.5,7550.4
 "56000" ,"Wyoming",7,SAGDP2N,"Gross domestic product (GDP) by state","Millions of current dollars",7,"211","   Oil and gas extraction",1208.2,678.6,721.1,1231.2,1430.3,1417.7,2197.4,3160.9,5068.8,6218.3,6473.4,9608.1,5583.1,5602.6,5237.3,3572.9,3904.2,4318.0,2368.0,1891.9,(NA)
 "56000" ,"Wyoming",7,SAGDP2N,"Gross domestic product (GDP) by state","Millions of current dollars",8,"212","   Mining (except oil and gas)",1408.9,1552.0,1607.4,1623.4,1711.0,1779.4,1991.4,1997.7,2378.9,3105.1,3873.0,4032.0,4523.6,5062.6,5845.5,4682.1,4554.3,3320.2,3166.9,3630.7,(NA)
 "56000" ,"Wyoming",7,SAGDP2N,"Gross domestic product (GDP) by state","Millions of current dollars",9,"213","   Support activities for mining",315.9,329.4,272.9,418.1,666.2,522.0,622.8,855.0,1194.1,2093.1,2283.8,2529.9,1561.0,1581.5,1933.9,1891.8,1745.1,1948.6,1179.6,593.9,(NA)
 "56000" ,"Wyoming",7,SAGDP2N,"Gross domestic product (GDP) by state","Millions of current dollars",10,"22","  Utilities",502.4,481.7,506.2,482.8,498.7,508.8,530.2,565.9,570.0,649.2,689.7,736.8,831.7,917.3,951.7,959.7,978.6,988.7,1010.9,1064.8,1125.3
 "56000" ,"Wyoming",7,SAGDP2N,"Gross domestic product (GDP) by state","Millions of current dollars",11,"23","  Construction",773.9,834.5,962.1,1061.0,1168.5,1221.7,1238.3,1238.8,1408.3,1711.5,2036.6,2247.4,1994.1,1934.7,1836.4,2031.5,2095.9,2285.8,2196.2,1999.4,2021.3
 "56000" ,"Wyoming",7,SAGDP2N,"Gross domestic product (GDP) by state","Millions of current dollars",12,"31-33","  Manufacturing",856.9,931.5,880.8,974.2,1328.8,955.6,1146.0,1306.2,1510.2,1891.2,2867.8,3408.1,1556.8,1693.8,2037.8,2491.5,1897.6,1746.7,2341.3,1774.8,(D)
 "56000" ,"Wyoming",7,SAGDP2N,"Gross domestic product (GDP) by state","Millions of current dollars",13,"321,327-339","   Durable goods manufacturing",247.4,239.0,252.1,254.2,261.5,261.5,259.2,297.2,314.9,323.6,365.2,404.0,385.6,375.5,410.0,442.6,432.7,465.9,496.3,421.7,(D)
 "56000" ,"Wyoming",7,SAGDP2N,"Gross domestic product (GDP) by state","Millions of current dollars",14,"321","    Wood product manufacturing",36.4,33.7,32.9,33.7,32.3,35.7,31.7,31.6,33.0,31.8,31.0,27.7,20.9,18.7,21.7,23.5,33.2,30.4,35.6,33.6,(NA)
 "56000" ,"Wyoming",7,SAGDP2N,"Gross domestic product (GDP) by state","Millions of current dollars",15,"327","    Nonmetallic mineral product manufacturing",66.7,64.6,73.7,70.5,72.8,71.7,75.6,76.5,80.7,79.2,84.2,97.3,105.2,101.6,103.7,113.3,114.7,105.8,125.4,134.8,(NA)
 "56000" ,"Wyoming",7,SAGDP2N,"Gross domestic product (GDP) by state","Millions of current dollars",16,"331","    Primary metal manufacturing",7.0,6.2,7.2,8.2,7.0,5.2,4.6,5.2,5.4,5.7,7.4,6.6,5.4,4.6,5.9,6.6,8.1,10.0,9.3,8.5,(NA)
 "56000" ,"Wyoming",7,SAGDP2N,"Gross domestic product (GDP) by state","Millions of current dollars",17,"332","    Fabricated metal product manufacturing",54.7,55.2,60.9,52.6,64.6,60.0,63.6,99.3,102.1,99.7,130.9,144.3,138.4,124.9,143.9,164.0,148.1,166.9,156.7,123.5,(NA)
 "56000" ,"Wyoming",7,SAGDP2N,"Gross domestic product (GDP) by state","Millions of current dollars",18,"333","    Machinery manufacturing",20.1,18.9,16.8,19.3,23.4,27.5,13.8,16.3,20.1,25.8,37.2,43.5,43.7,52.1,55.4,60.8,54.0,54.5,62.4,47.2,(NA)
 "56000" ,"Wyoming",7,SAGDP2N,"Gross domestic product (GDP) by state","Millions of current dollars",19,"334","    Computer and electronic product manufacturing",16.6,16.3,13.2,15.0,10.7,14.2,17.5,13.4,15.2,13.2,14.1,18.7,16.9,14.1,15.3,16.4,16.1,36.5,32.5,22.0,(NA)
 "56000" ,"Wyoming",7,SAGDP2N,"Gross domestic product (GDP) by state","Millions of current dollars",20,"335","    Electrical equipment, appliance, and component manufacturing",13.7,10.3,10.1,9.9,12.8,8.9,10.2,9.8,11.8,15.3,14.4,22.0,23.0,22.0,21.8,21.3,22.0,24.8,32.7,18.9,(NA)
 "56000" ,"Wyoming",7,SAGDP2N,"Gross domestic product (GDP) by state","Millions of current dollars",21,"3361-3363","    Motor vehicles, bodies and trailers, and parts manufacturing",10.7,12.3,13.6,17.6,8.5,9.7,16.0,18.8,21.1,27.1,19.1,17.2,7.4,15.5,21.5,16.3,15.3,13.2,16.6,8.9,(NA)
 "56000" ,"Wyoming",7,SAGDP2N,"Gross domestic product (GDP) by state","Millions of current dollars",22,"3364-3369","    Other transportation equipment manufacturing",6.7,6.5,7.5,10.3,11.6,10.2,8.4,8.4,9.0,8.3,9.5,9.9,9.4,8.8,7.9,8.7,8.3,8.6,8.7,8.0,(NA)
 "56000" ,"Wyoming",7,SAGDP2N,"Gross domestic product (GDP) by state","Millions of current dollars",23,"337","    Furniture and related product manufacturing",6.3,6.3,7.0,7.5,10.7,10.6,10.0,10.4,11.3,12.2,12.4,11.4,9.7,8.0,7.1,6.2,6.8,7.4,7.5,7.5,(NA)
 "56000" ,"Wyoming",7,SAGDP2N,"Gross domestic product (GDP) by state","Millions of current dollars",24,"339","    Miscellaneous manufacturing",8.4,8.6,9.3,9.4,7.1,7.7,7.9,7.4,5.3,5.3,5.0,5.3,5.6,5.3,5.9,5.5,6.2,7.6,8.9,8.8,(NA)
 "56000" ,"Wyoming",7,SAGDP2N,"Gross domestic product (GDP) by state","Millions of current dollars",25,"311-316,322-326","   Nondurable goods manufacturing",609.5,692.5,628.7,720.0,1067.3,694.1,886.8,1009.1,1195.4,1567.6,2502.6,3004.0,1171.2,1318.3,1627.8,2048.9,1464.9,1280.8,1845.0,1353.1,(D)
 "56000" ,"Wyoming",7,SAGDP2N,"Gross domestic product (GDP) by state","Millions of current dollars",26,"311-312","    Food and beverage and tobacco products manufacturing",92.8,92.9,107.8,108.0,100.3,78.8,70.8,62.7,56.1,57.9,49.7,54.8,65.6,59.4,56.2,66.3,78.6,80.6,93.1,90.7,(NA)
 "56000" ,"Wyoming",7,SAGDP2N,"Gross domestic product (GDP) by state","Millions of current dollars",27,"313-314","    Textile mills and textile product mills",4.1,3.9,6.0,8.1,6.5,6.2,4.5,5.8,7.0,8.4,9.7,13.2,7.8,8.7,6.8,8.4,7.5,7.8,9.6,9.6,(NA)
 "56000" ,"Wyoming",7,SAGDP2N,"Gross domestic product (GDP) by state","Millions of current dollars",28,"315-316","    Apparel, leather, and allied product manufacturing",1.0,0.9,1.0,1.2,1.8,1.2,0.8,0.8,0.5,0.5,0.4,0.5,0.4,0.3,0.3,0.3,0.3,0.3,0.3,0.4,(NA)
 "56000" ,"Wyoming",7,SAGDP2N,"Gross domestic product (GDP) by state","Millions of current dollars",29,"322","    Paper manufacturing",0.0,(L),(L),(L),(L),0.2,0.7,1.4,0.7,1.0,0.8,0.5,3.4,0.6,0.1,1.9,4.1,3.2,1.7,0.0,(NA)
 "56000" ,"Wyoming",7,SAGDP2N,"Gross domestic product (GDP) by state","Millions of current dollars",30,"323","    Printing and related support activities",11.8,12.7,13.1,13.0,12.9,11.4,12.3,12.9,13.7,14.1,13.4,14.5,12.7,13.1,14.2,14.8,15.5,14.1,14.2,16.0,(NA)
 "56000" ,"Wyoming",7,SAGDP2N,"Gross domestic product (GDP) by state","Millions of current dollars",31,"324","    Petroleum and coal products manufacturing",161.2,205.1,139.8,159.5,203.7,191.5,390.4,604.5,776.4,1107.7,2070.8,2510.9,530.1,671.9,1002.5,1415.6,807.6,629.6,1136.8,577.6,(NA)
 "56000" ,"Wyoming",7,SAGDP2N,"Gross domestic product (GDP) by state","Millions of current dollars",32,"325","    Chemical manufacturing",327.7,362.4,344.3,412.1,725.5,388.3,376.7,286.6,301.0,334.5,309.0,362.3,503.8,519.7,498.7,502.2,509.5,511.3,552.7,617.2,(NA)
 "56000" ,"Wyoming",7,SAGDP2N,"Gross domestic product (GDP) by state","Millions of current dollars",33,"326","    Plastics and rubber products manufacturing",11.0,14.6,16.8,18.3,16.6,16.5,30.6,34.3,40.1,43.4,48.8,47.5,47.4,44.5,49.0,39.4,41.7,33.9,36.6,41.6,(NA)
 "56000" ,"Wyoming",7,SAGDP2N,"Gross domestic product (GDP) by state","Millions of current dollars",34,"42","  Wholesale trade",604.0,630.7,688.7,730.7,743.7,762.8,792.2,863.5,947.7,1113.0,1227.4,1356.9,1240.5,1308.7,1378.0,1599.1,1675.0,1825.7,1748.6,1575.6,1574.2
 "56000" ,"Wyoming",7,SAGDP2N,"Gross domestic product (GDP) by state","Millions of current dollars",35,"44-45","  Retail trade",1089.4,1179.3,1216.9,1329.5,1329.9,1421.3,1450.3,1409.0,1561.7,1714.6,1876.5,1977.8,1932.7,1814.8,1900.2,2011.4,2043.7,2054.9,2124.9,2109.4,2076.2
 "56000" ,"Wyoming",7,SAGDP2N,"Gross domestic product (GDP) by state","Millions of current dollars",36,"48-49","  Transportation and warehousing",836.6,951.2,971.8,1036.6,1019.1,1039.7,1146.7,1295.2,1498.3,1841.4,1965.2,2277.1,2117.6,2265.5,2263.6,2511.1,2682.6,2950.9,3239.8,3053.3,3194.0
 "56000" ,"Wyoming",7,SAGDP2N,"Gross domestic product (GDP) by state","Millions of current dollars",37,"481","   Air transportation",16.6,14.1,12.5,19.3,19.8,28.9,27.5,33.7,42.6,37.2,36.8,48.2,54.6,69.0,59.2,60.2,51.1,53.8,51.1,66.2,(NA)
 "56000" ,"Wyoming",7,SAGDP2N,"Gross domestic product (GDP) by state","Millions of current dollars",38,"482","   Rail transportation",519.6,586.5,587.8,630.0,605.5,586.4,662.8,767.8,890.6,1114.4,1146.1,1369.2,1262.7,1309.1,1291.9,1377.9,1319.2,1391.7,1343.6,1190.8,(NA)
 "56000" ,"Wyoming",7,SAGDP2N,"Gross domestic product (GDP) by state","Millions of current dollars",39,"483","   Water transportation",2.3,2.8,2.9,5.1,2.2,2.4,3.0,2.8,1.9,2.5,3.1,3.4,3.9,6.0,2.5,4.0,3.6,5.1,5.5,3.9,(NA)
 "56000" ,"Wyoming",7,SAGDP2N,"Gross domestic product (GDP) by state","Millions of current dollars",40,"484","   Truck transportation",172.0,189.5,203.4,222.4,228.5,230.9,241.3,269.0,310.5,386.8,430.5,461.2,394.5,403.7,447.3,477.2,480.3,531.7,486.6,377.3,(NA)
 "56000" ,"Wyoming",7,SAGDP2N,"Gross domestic product (GDP) by state","Millions of current dollars",41,"485","   Transit and ground passenger transportation",18.5,20.1,23.2,24.8,24.4,25.5,28.5,26.6,31.2,39.2,41.9,42.0,44.4,44.7,42.8,40.0,37.1,38.5,40.3,32.8,(NA)
 "56000" ,"Wyoming",7,SAGDP2N,"Gross domestic product (GDP) by state","Millions of current dollars",42,"486","   Pipeline transportation",34.4,66.3,76.1,63.3,60.3,81.9,88.4,83.0,92.0,111.3,128.7,161.3,175.1,243.8,225.4,355.5,585.9,693.7,1063.6,1127.8,(NA)
 "56000" ,"Wyoming",7,SAGDP2N,"Gross domestic product (GDP) by state","Millions of current dollars",43,"487-488, 492","   Other transportation and support activities",70.6,67.3,60.2,66.4,73.6,79.5,79.7,88.7,96.1,104.0,109.4,119.5,113.1,119.7,125.9,129.2,135.5,152.6,166.3,168.1,(NA)
 "56000" ,"Wyoming",7,SAGDP2N,"Gross domestic product (GDP) by state","Millions of current dollars",44,"493","   Warehousing and storage",2.5,4.6,5.6,5.2,4.8,4.2,15.6,23.7,33.4,46.0,68.8,72.3,69.4,69.4,68.6,67.1,69.8,83.9,82.8,86.3,(NA)
 "56000" ,"Wyoming",7,SAGDP2N,"Gross domestic product (GDP) by state","Millions of current dollars",45,"51","  Information",263.1,266.3,313.0,281.8,286.0,331.5,360.8,398.6,409.2,440.5,484.1,528.5,567.3,575.0,570.1,556.3,590.6,565.7,626.3,644.2,665.9
 "56000" ,"Wyoming",7,SAGDP2N,"Gross domestic product (GDP) by state","Millions of current dollars",46,"511","   Publishing industries (except Internet)",49.9,51.9,66.9,54.1,58.1,71.2,75.9,80.5,84.4,82.8,98.0,95.8,90.9,94.9,102.2,104.4,97.1,94.8,95.8,93.7,(NA)
 "56000" ,"Wyoming",7,SAGDP2N,"Gross domestic product (GDP) by state","Millions of current dollars",47,"512","   Motion picture and sound recording industries",7.6,7.9,10.1,9.4,10.9,16.4,13.1,12.5,13.6,15.0,23.0,18.2,32.1,32.2,32.2,32.1,35.4,31.5,39.8,40.9,(NA)
 "56000" ,"Wyoming",7,SAGDP2N,"Gross domestic product (GDP) by state","Millions of current dollars",48,"515, 517","   Broadcasting (except Internet) and telecommunications",198.2,199.4,231.9,216.2,206.7,210.1,230.4,265.4,273.3,297.5,335.8,365.2,386.4,380.9,366.9,372.4,399.5,381.7,414.2,418.8,(NA)
 "56000" ,"Wyoming",7,SAGDP2N,"Gross domestic product (GDP) by state","Millions of current dollars",49,"518, 519","   Data processing, hosting, and other information services",7.5,7.1,4.1,2.1,10.3,33.9,41.4,40.2,38.0,45.2,27.3,49.3,57.9,67.0,68.7,47.4,58.6,57.7,76.5,90.8,(NA)
 "56000" ,"Wyoming",7,SAGDP2N,"Gross domestic product (GDP) by state","Millions of current dollars",50,"52, 53","  Finance, insurance, real estate, rental, and leasing",1910.3,2052.0,2090.2,2242.0,2339.0,2608.5,2555.9,2742.6,2961.3,3167.7,3575.2,3761.6,3819.1,4020.4,4248.1,4649.6,4702.4,4996.5,5259.7,5210.4,5336.8
 "56000" ,"Wyoming",7,SAGDP2N,"Gross domestic product (GDP) by state","Millions of current dollars",51,"52","   Finance and insurance",630.1,686.3,589.6,682.0,640.1,697.6,653.8,644.8,705.0,765.8,855.2,864.1,808.3,796.4,835.0,933.5,863.1,1003.0,995.5,1005.6,1015.8
 "56000" ,"Wyoming",7,SAGDP2N,"Gross domestic product (GDP) by state","Millions of current dollars",52,"521-522","    Monetary Authorities- central bank, credit intermediation, and related services",423.9,478.7,392.9,473.3,397.8,453.5,395.5,387.2,417.3,446.1,513.4,547.4,487.7,456.5,443.6,466.9,405.6,474.2,490.6,472.6,(NA)
 "56000" ,"Wyoming",7,SAGDP2N,"Gross domestic product (GDP) by state","Millions of current dollars",53,"523","    Securities, commodity contracts, and other financial investments and related activities",55.4,61.1,50.0,47.5,81.3,60.8,54.6,44.0,56.3,64.4,49.8,20.5,57.3,55.6,48.6,80.7,83.7,71.7,76.9,86.5,(NA)
 "56000" ,"Wyoming",7,SAGDP2N,"Gross domestic product (GDP) by state","Millions of current dollars",54,"524","    Insurance carriers and related activities",148.3,140.6,139.5,154.7,155.5,175.1,188.8,198.7,217.5,233.8,244.6,241.8,245.4,240.2,254.1,265.7,273.0,297.6,337.6,362.2,(NA)
 "56000" ,"Wyoming",7,SAGDP2N,"Gross domestic product (GDP) by state","Millions of current dollars",55,"525","    Funds, trusts, and other financial vehicles",2.4,5.8,7.2,6.6,5.5,8.2,14.9,15.0,13.9,21.5,47.4,54.3,17.9,44.0,88.7,120.2,100.9,159.5,90.4,84.4,(NA)
 "56000" ,"Wyoming",7,SAGDP2N,"Gross domestic product (GDP) by state","Millions of current dollars",56,"53","   Real estate and rental and leasing",1280.2,1365.7,1500.6,1559.9,1698.8,1910.9,1902.1,2097.8,2256.3,2401.8,2720.0,2897.5,3010.8,3224.1,3413.0,3716.0,3839.3,3993.5,4264.2,4204.8,4321.0
 "56000" ,"Wyoming",7,SAGDP2N,"Gross domestic product (GDP) by state","Millions of current dollars",57,"531","    Real estate",1137.3,1216.4,1327.3,1373.5,1487.0,1656.1,1628.3,1697.2,1813.6,1904.8,2190.2,2367.1,2552.1,2769.3,2908.5,3113.9,3077.1,3135.4,3381.9,3527.6,(NA)
 "56000" ,"Wyoming",7,SAGDP2N,"Gross domestic product (GDP) by state","Millions of current dollars",58,"532-533","    Rental and leasing services and lessors of nonfinancial intangible assets",143.0,149.3,173.3,186.4,211.8,254.8,273.8,400.7,442.8,497.0,529.8,530.4,458.7,454.8,504.5,602.2,762.2,858.0,882.3,677.2,(NA)
 "56000" ,"Wyoming",7,SAGDP2N,"Gross domestic product (GDP) by state","Millions of current dollars",59,"54, 55, 56","  Professional and business services",630.5,650.5,732.6,746.9,851.0,934.8,934.9,932.7,960.9,1108.0,1320.1,1476.0,1506.0,1504.6,1573.6,1675.0,1726.6,1795.4,1806.4,1709.4,1802.0
 "56000" ,"Wyoming",7,SAGDP2N,"Gross domestic product (GDP) by state","Millions of current dollars",60,"54","   Professional, scientific, and technical services",451.4,457.6,497.9,524.3,589.3,660.0,641.4,651.1,690.6,777.2,873.7,1001.0,945.4,969.2,1006.6,1070.3,1073.7,1148.6,1133.6,1065.5,1118.8
 "56000" ,"Wyoming",7,SAGDP2N,"Gross domestic product (GDP) by state","Millions of current dollars",61,"5411","    Legal services",96.2,96.3,103.7,104.5,118.7,125.2,118.7,130.4,125.9,135.4,147.6,174.2,172.0,162.6,175.0,179.8,172.9,173.5,173.8,181.9,(NA)
 "56000" ,"Wyoming",7,SAGDP2N,"Gross domestic product (GDP) by state","Millions of current dollars",62,"5415","    Computer systems design and related services",15.0,15.8,18.0,22.5,27.0,28.6,36.8,38.3,42.8,49.3,55.4,61.0,59.2,56.5,63.3,71.4,84.1,86.5,87.1,97.0,(NA)
 "56000" ,"Wyoming",7,SAGDP2N,"Gross domestic product (GDP) by state","Millions of current dollars",63,"5412-5414, 5416-5419","    Miscellaneous professional, scientific, and technical services",340.2,345.5,376.2,397.3,443.7,506.3,485.8,482.5,521.9,592.5,670.7,765.8,714.1,750.0,768.3,819.0,816.7,888.6,872.7,786.7,(NA)
 "56000" ,"Wyoming",7,SAGDP2N,"Gross domestic product (GDP) by state","Millions of current dollars",64,"55","   Management of companies and enterprises",54.9,65.0,81.7,54.0,50.9,71.5,76.9,86.7,91.4,109.0,108.3,108.9,103.0,125.3,125.0,148.4,160.2,137.8,142.1,124.0,115.2
 "56000" ,"Wyoming",7,SAGDP2N,"Gross domestic product (GDP) by state","Millions of current dollars",65,"56","   Administrative and support and waste management and remediation services",124.2,128.0,152.9,168.5,210.8,203.3,216.7,194.9,178.9,221.8,338.0,366.0,457.6,410.1,442.0,456.2,492.7,509.0,530.7,520.0,568.0
 "56000" ,"Wyoming",7,SAGDP2N,"Gross domestic product (GDP) by state","Millions of current dollars",66,"561","    Administrative and support services",108.4,111.7,130.6,146.4,184.6,175.8,188.1,165.6,143.1,167.7,266.9,255.8,328.3,290.6,343.3,364.2,402.2,405.7,421.4,425.3,(NA)
 "56000" ,"Wyoming",7,SAGDP2N,"Gross domestic product (GDP) by state","Millions of current dollars",67,"562","    Waste management and remediation services",15.8,16.2,22.3,22.1,26.2,27.6,28.5,29.3,35.8,54.1,71.1,110.2,129.3,119.5,98.7,92.0,90.4,103.3,109.3,94.7,(NA)
 "56000" ,"Wyoming",7,SAGDP2N,"Gross domestic product (GDP) by state","Millions of current dollars",68,"61, 62","  Educational services, health care, and social assistance",589.1,620.0,676.1,740.9,798.4,879.2,942.7,1018.4,1075.7,1163.1,1258.0,1416.5,1494.3,1560.5,1603.0,1663.4,1679.2,1693.4,1718.7,1753.8,1784.4
 "56000" ,"Wyoming",7,SAGDP2N,"Gross domestic product (GDP) by state","Millions of current dollars",69,"61","   Educational services",32.1,31.0,33.7,38.6,45.1,54.7,53.9,61.7,63.2,70.5,74.9,80.7,93.1,99.5,104.7,104.8,111.1,110.4,106.7,111.0,109.8
 "56000" ,"Wyoming",7,SAGDP2N,"Gross domestic product (GDP) by state","Millions of current dollars",70,"62","   Health care and social assistance",557.0,589.1,642.4,702.3,753.3,824.5,888.8,956.7,1012.5,1092.6,1183.1,1335.8,1401.1,1461.0,1498.3,1558.5,1568.1,1583.1,1612.0,1642.8,1674.6
 "56000" ,"Wyoming",7,SAGDP2N,"Gross domestic product (GDP) by state","Millions of current dollars",71,"621","    Ambulatory health care services",301.6,317.9,346.9,375.3,416.3,450.8,488.2,529.7,554.6,603.9,646.2,728.5,762.3,819.8,857.7,895.4,883.0,902.5,932.4,956.9,(NA)
 "56000" ,"Wyoming",7,SAGDP2N,"Gross domestic product (GDP) by state","Millions of current dollars",72,"622","    Hospitals",88.0,97.7,108.0,123.1,129.7,141.7,139.4,154.1,166.0,170.7,189.3,223.9,243.3,246.0,248.4,257.9,271.7,267.4,265.1,244.9,(NA)
 "56000" ,"Wyoming",7,SAGDP2N,"Gross domestic product (GDP) by state","Millions of current dollars",73,"623","    Nursing and residential care facilities",83.9,84.7,89.7,96.2,104.6,117.7,126.7,131.6,136.9,152.3,159.9,172.2,179.0,182.3,184.0,190.6,192.4,191.8,189.4,201.9,(NA)
 "56000" ,"Wyoming",7,SAGDP2N,"Gross domestic product (GDP) by state","Millions of current dollars",74,"624","    Social assistance",83.6,88.9,97.8,107.7,102.7,114.3,134.5,141.4,154.9,165.7,187.7,211.1,216.5,212.9,208.2,214.6,221.0,221.3,225.1,239.1,(NA)
 "56000" ,"Wyoming",7,SAGDP2N,"Gross domestic product (GDP) by state","Millions of current dollars",75,"71, 72","  Arts, entertainment, recreation, accommodation, and food services",572.2,595.0,669.7,738.3,713.5,784.7,829.8,907.0,960.7,1178.4,1208.8,1262.4,1214.2,1213.0,1288.7,1393.4,1421.4,1480.2,1564.0,1563.3,1599.5
 "56000" ,"Wyoming",7,SAGDP2N,"Gross domestic product (GDP) by state","Millions of current dollars",76,"71","   Arts, entertainment, and recreation",125.5,129.1,148.1,169.9,148.0,130.3,140.0,144.4,146.3,163.8,182.2,192.4,197.8,216.9,232.0,255.1,247.3,279.8,260.0,262.0,291.5
 "56000" ,"Wyoming",7,SAGDP2N,"Gross domestic product (GDP) by state","Millions of current dollars",77,"711-712","    Performing arts, spectator sports, museums, and related activities",29.0,32.3,36.4,42.0,40.3,49.8,58.7,53.8,53.1,57.7,58.3,59.9,68.7,84.8,91.4,94.7,82.6,105.6,85.3,82.4,(NA)
 "56000" ,"Wyoming",7,SAGDP2N,"Gross domestic product (GDP) by state","Millions of current dollars",78,"713","    Amusement, gambling, and recreation industries",96.6,96.8,111.8,127.8,107.7,80.6,81.3,90.6,93.2,106.1,123.9,132.5,129.0,132.1,140.7,160.4,164.7,174.2,174.6,179.7,(NA)
 "56000" ,"Wyoming",7,SAGDP2N,"Gross domestic product (GDP) by state","Millions of current dollars",79,"72","   Accommodation and food services",446.7,465.8,521.6,568.5,565.6,654.4,689.8,762.6,814.4,1014.5,1026.6,1070.0,1016.5,996.2,1056.7,1138.3,1174.1,1200.4,1304.0,1301.3,1308.0
 "56000" ,"Wyoming",7,SAGDP2N,"Gross domestic product (GDP) by state","Millions of current dollars",80,"721","    Accommodation",213.8,220.6,250.9,275.2,270.9,335.1,357.3,425.1,456.2,595.0,564.6,580.9,523.2,511.0,551.3,588.8,616.7,620.6,708.9,712.7,(NA)
 "56000" ,"Wyoming",7,SAGDP2N,"Gross domestic product (GDP) by state","Millions of current dollars",81,"722","    Food services and drinking places",232.8,245.2,270.7,293.3,294.7,319.3,332.6,337.6,358.2,419.5,462.0,489.1,493.2,485.1,505.4,549.5,557.4,579.8,595.1,588.6,(NA)
 "56000" ,"Wyoming",7,SAGDP2N,"Gross domestic product (GDP) by state","Millions of current dollars",82,"81","  Other services (except government and government enterprises)",377.5,401.0,428.5,466.5,409.7,457.8,435.4,435.3,461.6,552.3,610.4,608.6,596.3,600.0,609.7,643.2,626.8,605.8,611.1,587.4,591.5
 "56000" ,"Wyoming",7,SAGDP2N,"Gross domestic product (GDP) by state","Millions of current dollars",83,"..."," Government and government enterprises",2358.7,2456.8,2595.2,2739.4,2954.7,3182.4,3431.1,3612.1,3786.9,4036.9,4497.1,4861.1,5063.0,5226.3,5298.7,5537.5,5878.3,6037.1,6102.6,6198.7,6251.8
 "56000" ,"Wyoming",7,SAGDP2N,"Gross domestic product (GDP) by state","Millions of current dollars",84,"...","  Federal civilian",430.6,447.3,463.5,501.4,520.8,542.5,582.1,625.4,635.3,659.3,689.7,714.4,745.3,757.2,762.2,764.3,753.3,775.2,818.0,858.4,(NA)
 "56000" ,"Wyoming",7,SAGDP2N,"Gross domestic product (GDP) by state","Millions of current dollars",85,"...","  Military",190.8,198.1,205.2,213.5,226.2,263.0,299.7,318.2,340.6,339.3,347.3,363.4,390.2,403.4,402.5,402.0,399.1,390.2,379.6,387.6,(NA)
 "56000" ,"Wyoming",7,SAGDP2N,"Gross domestic product (GDP) by state","Millions of current dollars",86,"...","  State and local",1737.3,1811.5,1926.5,2024.5,2207.7,2376.8,2549.3,2668.5,2810.9,3038.4,3460.1,3783.3,3927.4,4065.7,4134.0,4371.3,4725.9,4871.6,4905.0,4952.7,(NA)
 "56000" ,"Wyoming",7,SAGDP2N,"Gross domestic product (GDP) by state","Millions of current dollars",87,"11, 21","Natural resources and mining",3359.5,2877.5,2979.2,3634.7,4219.7,4026.7,5233.3,6461.2,9065.1,11837.4,12985.6,16621.6,12108.6,12766.5,13811.0,10709.3,10923.8,10345.5,7413.7,6739.8,(D)
 "56000" ,"Wyoming",7,SAGDP2N,"Gross domestic product (GDP) by state","Millions of current dollars",88,"42, 44-45","Trade",1693.4,1810.0,1905.5,2060.3,2073.6,2184.1,2242.5,2272.6,2509.5,2827.6,3104.0,3334.7,3173.2,3123.5,3278.2,3610.5,3718.7,3880.6,3873.4,3684.9,3650.5
 "56000" ,"Wyoming",7,SAGDP2N,"Gross domestic product (GDP) by state","Millions of current dollars",89,"...","Transportation and utilities",1339.0,1432.9,1478.0,1519.4,1517.8,1548.5,1676.9,1861.1,2068.3,2490.6,2654.9,3013.9,2949.3,3182.8,3215.2,3470.8,3661.2,3939.6,4250.7,4118.1,4319.3
 "56000" ,"Wyoming",7,SAGDP2N,"Gross domestic product (GDP) by state","Millions of current dollars",90,"...","Private goods-producing industries 2/",4990.3,4643.6,4822.0,5669.9,6717.0,6204.1,7617.5,9006.2,11983.6,15440.1,17890.0,22277.1,15659.5,16395.0,17685.3,15232.3,14917.3,14378.0,11951.2,10514.0,12035.1
 "56000" ,"Wyoming",7,SAGDP2N,"Gross domestic product (GDP) by state","Millions of current dollars",91,"...","Private services-providing industries 3/",7375.3,7827.8,8293.6,8796.1,8989.0,9729.2,9978.9,10568.4,11407.1,12928.1,14215.4,15402.2,15319.7,15779.9,16386.7,17661.9,18126.9,18957.2,19710.2,19271.6,19749.9
"Note: See the included footnote file."
"SAGDP2N: Gross domestic product (GDP) by state 1/"
"Last updated: November 14, 2018; revised statistics for 1997-2017."
"Source: U.S. Department of Commerce / Bureau of Economic Analysis / Regional Economic Accounts"
