GeoFIPS,GeoName,Region,TableName,ComponentName,Unit,IndustryId,IndustryClassification,Description,1997,1998,1999,2000,2001,2002,2003,2004,2005,2006,2007,2008,2009,2010,2011,2012,2013,2014,2015,2016,2017
 "32000" ,"Nevada",8,SAGDP5N,"Subsidies","Thousands of dollars",1,"...","All industry total",-164342,-175327,-203312,-208167,-346024,-225214,-311847,-265517,-344025,-288194,-338643,-311913,-339444,-298736,-323675,-291503,-273217,-339965,-339743,-375916,(NA)
 "32000" ,"Nevada",8,SAGDP5N,"Subsidies","Thousands of dollars",2,"..."," Private industries",-109161,-126041,-150232,-154709,-280573,-138269,-222008,-173628,-259947,-221725,-256818,-217693,-234466,-212574,-225936,-213148,-192571,-229802,-225615,-253644,(NA)
 "32000" ,"Nevada",8,SAGDP5N,"Subsidies","Thousands of dollars",3,"11","  Agriculture, forestry, fishing, and hunting",-9913,-21052,-39119,-47052,-47183,-22075,-25443,-20000,-43941,-31585,-17394,-22113,-22541,-22402,-19312,-14909,-13131,-17863,-18366,-20015,(NA)
 "32000" ,"Nevada",8,SAGDP5N,"Subsidies","Thousands of dollars",4,"111-112","   Farms",-9913,-21052,-39119,-47052,-47183,-22075,-25443,-20000,-43941,-31585,-17394,-22113,-22541,-22402,-19312,-14909,-13131,-17863,-18366,-20015,(NA)
 "32000" ,"Nevada",8,SAGDP5N,"Subsidies","Thousands of dollars",5,"113-115","   Forestry, fishing, and related activities",0,0,0,0,0,0,0,0,0,0,0,0,0,0,0,0,0,0,0,0,(NA)
 "32000" ,"Nevada",8,SAGDP5N,"Subsidies","Thousands of dollars",6,"21","  Mining, quarrying, and oil and gas extraction",0,0,0,0,0,0,0,0,0,0,0,0,0,0,0,0,0,0,0,0,(NA)
 "32000" ,"Nevada",8,SAGDP5N,"Subsidies","Thousands of dollars",7,"211","   Oil and gas extraction",0,0,0,0,0,0,0,0,0,0,0,0,0,0,0,0,0,0,0,0,(NA)
 "32000" ,"Nevada",8,SAGDP5N,"Subsidies","Thousands of dollars",8,"212","   Mining (except oil and gas)",0,0,0,0,0,0,0,0,0,0,0,0,0,0,0,0,0,0,0,0,(NA)
 "32000" ,"Nevada",8,SAGDP5N,"Subsidies","Thousands of dollars",9,"213","   Support activities for mining",0,0,0,0,0,0,0,0,0,0,0,0,0,0,0,0,0,0,0,0,(NA)
 "32000" ,"Nevada",8,SAGDP5N,"Subsidies","Thousands of dollars",10,"22","  Utilities",0,0,0,0,0,0,0,0,0,0,0,0,0,0,0,0,0,0,0,0,(NA)
 "32000" ,"Nevada",8,SAGDP5N,"Subsidies","Thousands of dollars",11,"23","  Construction",0,0,0,0,0,0,0,0,0,0,0,0,0,0,0,0,0,0,0,0,(NA)
 "32000" ,"Nevada",8,SAGDP5N,"Subsidies","Thousands of dollars",12,"31-33","  Manufacturing",0,0,0,0,0,0,0,0,0,-18,-11,-174,-440,-988,-1755,-1042,-977,-1038,-867,-847,(NA)
 "32000" ,"Nevada",8,SAGDP5N,"Subsidies","Thousands of dollars",13,"321,327-339","   Durable goods manufacturing",0,0,0,0,0,0,0,0,0,0,0,-162,-402,-900,-1608,-869,-902,-871,-759,-742,(NA)
 "32000" ,"Nevada",8,SAGDP5N,"Subsidies","Thousands of dollars",14,"321","    Wood product manufacturing",0,0,0,0,0,0,0,0,0,0,0,0,0,0,0,0,0,0,0,0,(NA)
 "32000" ,"Nevada",8,SAGDP5N,"Subsidies","Thousands of dollars",15,"327","    Nonmetallic mineral product manufacturing",0,0,0,0,0,0,0,0,0,0,0,0,0,0,0,0,0,0,0,0,(NA)
 "32000" ,"Nevada",8,SAGDP5N,"Subsidies","Thousands of dollars",16,"331","    Primary metal manufacturing",0,0,0,0,0,0,0,0,0,0,0,0,0,0,0,0,0,0,0,0,(NA)
 "32000" ,"Nevada",8,SAGDP5N,"Subsidies","Thousands of dollars",17,"332","    Fabricated metal product manufacturing",0,0,0,0,0,0,0,0,0,0,0,0,0,0,0,0,0,0,0,0,(NA)
 "32000" ,"Nevada",8,SAGDP5N,"Subsidies","Thousands of dollars",18,"333","    Machinery manufacturing",0,0,0,0,0,0,0,0,0,0,0,0,0,0,0,0,0,0,0,0,(NA)
 "32000" ,"Nevada",8,SAGDP5N,"Subsidies","Thousands of dollars",19,"334","    Computer and electronic product manufacturing",0,0,0,0,0,0,0,0,0,0,0,0,0,0,0,0,0,0,0,0,(NA)
 "32000" ,"Nevada",8,SAGDP5N,"Subsidies","Thousands of dollars",20,"335","    Electrical equipment, appliance, and component manufacturing",0,0,0,0,0,0,0,0,0,0,0,-162,-402,-900,-1608,-869,-902,-871,-759,-742,(NA)
 "32000" ,"Nevada",8,SAGDP5N,"Subsidies","Thousands of dollars",21,"3361-3363","    Motor vehicles, bodies and trailers, and parts manufacturing",0,0,0,0,0,0,0,0,0,0,0,0,0,0,0,0,0,0,0,0,(NA)
 "32000" ,"Nevada",8,SAGDP5N,"Subsidies","Thousands of dollars",22,"3364-3369","    Other transportation equipment manufacturing",0,0,0,0,0,0,0,0,0,0,0,0,0,0,0,0,0,0,0,0,(NA)
 "32000" ,"Nevada",8,SAGDP5N,"Subsidies","Thousands of dollars",23,"337","    Furniture and related product manufacturing",0,0,0,0,0,0,0,0,0,0,0,0,0,0,0,0,0,0,0,0,(NA)
 "32000" ,"Nevada",8,SAGDP5N,"Subsidies","Thousands of dollars",24,"339","    Miscellaneous manufacturing",0,0,0,0,0,0,0,0,0,0,0,0,0,0,0,0,0,0,0,0,(NA)
 "32000" ,"Nevada",8,SAGDP5N,"Subsidies","Thousands of dollars",25,"311-316,322-326","   Nondurable goods manufacturing",0,0,0,0,0,0,0,0,0,-18,-11,-13,-38,-88,-148,-173,-74,-167,-108,-105,(NA)
 "32000" ,"Nevada",8,SAGDP5N,"Subsidies","Thousands of dollars",26,"311-312","    Food and beverage and tobacco products manufacturing",0,0,0,0,0,0,0,0,0,0,0,0,0,0,0,0,0,0,0,0,(NA)
 "32000" ,"Nevada",8,SAGDP5N,"Subsidies","Thousands of dollars",27,"313-314","    Textile mills and textile product mills",0,0,0,0,0,0,0,0,0,-18,-11,-13,-14,-11,-10,-11,-12,-14,-32,0,(NA)
 "32000" ,"Nevada",8,SAGDP5N,"Subsidies","Thousands of dollars",28,"315-316","    Apparel, leather, and allied product manufacturing",0,0,0,0,0,0,0,0,0,0,0,0,0,0,0,0,0,0,0,0,(NA)
 "32000" ,"Nevada",8,SAGDP5N,"Subsidies","Thousands of dollars",29,"322","    Paper manufacturing",0,0,0,0,0,0,0,0,0,0,0,0,0,0,0,0,0,0,0,0,(NA)
 "32000" ,"Nevada",8,SAGDP5N,"Subsidies","Thousands of dollars",30,"323","    Printing and related support activities",0,0,0,0,0,0,0,0,0,0,0,0,0,0,0,0,0,0,0,0,(NA)
 "32000" ,"Nevada",8,SAGDP5N,"Subsidies","Thousands of dollars",31,"324","    Petroleum and coal products manufacturing",0,0,0,0,0,0,0,0,0,0,0,0,-12,-65,-22,-127,-19,-106,-62,-88,(NA)
 "32000" ,"Nevada",8,SAGDP5N,"Subsidies","Thousands of dollars",32,"325","    Chemical manufacturing",0,0,0,0,0,0,0,0,0,0,0,0,-12,-13,-116,-35,-44,-47,-13,-17,(NA)
 "32000" ,"Nevada",8,SAGDP5N,"Subsidies","Thousands of dollars",33,"326","    Plastics and rubber products manufacturing",0,0,0,0,0,0,0,0,0,0,0,0,0,0,0,0,0,0,0,0,(NA)
 "32000" ,"Nevada",8,SAGDP5N,"Subsidies","Thousands of dollars",34,"42","  Wholesale trade",0,0,0,0,0,0,0,0,0,0,0,0,0,0,0,0,0,0,0,0,(NA)
 "32000" ,"Nevada",8,SAGDP5N,"Subsidies","Thousands of dollars",35,"44-45","  Retail trade",0,0,0,0,0,0,0,0,0,0,0,0,-25051,-2660,-26,-1,0,0,0,0,(NA)
 "32000" ,"Nevada",8,SAGDP5N,"Subsidies","Thousands of dollars",36,"48-49","  Transportation and warehousing",-1768,-1625,-2024,-1920,-130910,-6701,-66848,-3364,-4381,-5376,-4342,-5819,-7284,-9130,-8953,-9184,-8574,-7789,-8299,-8972,(NA)
 "32000" ,"Nevada",8,SAGDP5N,"Subsidies","Thousands of dollars",37,"481","   Air transportation",-512,26,0,-26,-128704,-4096,-64378,-435,-1568,-2381,-2400,-3609,-4371,-5260,-6039,-6618,-5995,-5611,-6147,-6281,(NA)
 "32000" ,"Nevada",8,SAGDP5N,"Subsidies","Thousands of dollars",38,"482","   Rail transportation",-1250,-1643,-2019,-1884,-2171,-2530,-2379,-2595,-2613,-2567,-1757,-2096,-2815,-3612,-2657,-2186,-2471,-2125,-2123,-2587,(NA)
 "32000" ,"Nevada",8,SAGDP5N,"Subsidies","Thousands of dollars",39,"483","   Water transportation",-5,-8,-4,-10,-35,-75,-77,-234,-100,-152,-115,-41,-67,-258,-257,-381,-108,-53,-30,-103,(NA)
 "32000" ,"Nevada",8,SAGDP5N,"Subsidies","Thousands of dollars",40,"484","   Truck transportation",0,0,0,0,0,0,-14,-100,-100,-276,-70,-73,-30,0,0,0,0,0,0,0,(NA)
 "32000" ,"Nevada",8,SAGDP5N,"Subsidies","Thousands of dollars",41,"485","   Transit and ground passenger transportation",0,0,0,0,0,0,0,0,0,0,0,0,0,0,0,0,0,0,0,0,(NA)
 "32000" ,"Nevada",8,SAGDP5N,"Subsidies","Thousands of dollars",42,"486","   Pipeline transportation",0,0,0,0,0,0,0,0,0,0,0,0,0,0,0,0,0,0,0,0,(NA)
 "32000" ,"Nevada",8,SAGDP5N,"Subsidies","Thousands of dollars",43,"487-488, 492","   Other transportation and support activities",0,0,0,0,0,0,0,0,0,0,0,0,0,0,0,0,0,0,0,0,(NA)
 "32000" ,"Nevada",8,SAGDP5N,"Subsidies","Thousands of dollars",44,"493","   Warehousing and storage",0,0,0,0,0,0,0,0,0,0,0,0,0,0,0,0,0,0,0,0,(NA)
 "32000" ,"Nevada",8,SAGDP5N,"Subsidies","Thousands of dollars",45,"51","  Information",0,0,0,0,0,0,0,0,0,0,0,0,-185,-526,-2248,-3232,-1583,-381,-386,22,(NA)
 "32000" ,"Nevada",8,SAGDP5N,"Subsidies","Thousands of dollars",46,"511","   Publishing industries (except Internet)",0,0,0,0,0,0,0,0,0,0,0,0,0,0,0,0,0,0,0,0,(NA)
 "32000" ,"Nevada",8,SAGDP5N,"Subsidies","Thousands of dollars",47,"512","   Motion picture and sound recording industries",0,0,0,0,0,0,0,0,0,0,0,0,0,0,0,0,0,0,0,0,(NA)
 "32000" ,"Nevada",8,SAGDP5N,"Subsidies","Thousands of dollars",48,"515, 517","   Broadcasting (except Internet) and telecommunications",0,0,0,0,0,0,0,0,0,0,0,0,-185,-526,-2248,-3232,-1583,-381,-386,22,(NA)
 "32000" ,"Nevada",8,SAGDP5N,"Subsidies","Thousands of dollars",49,"518, 519","   Data processing, hosting, and other information services",0,0,0,0,0,0,0,0,0,0,0,0,0,0,0,0,0,0,0,0,(NA)
 "32000" ,"Nevada",8,SAGDP5N,"Subsidies","Thousands of dollars",50,"52, 53","  Finance, insurance, real estate, rental, and leasing",-97480,-103365,-109089,-105738,-102480,-109494,-129717,-150263,-211626,-184746,-235070,-189587,-178965,-173480,-166306,-169019,-148943,-184100,-186456,-217036,(NA)
 "32000" ,"Nevada",8,SAGDP5N,"Subsidies","Thousands of dollars",51,"52","   Finance and insurance",-129,-340,-641,-826,-1180,-1636,-715,-748,-1078,-2123,-1034,-999,-3130,-12092,-13804,-21710,-3888,-41905,-30179,-45045,(NA)
 "32000" ,"Nevada",8,SAGDP5N,"Subsidies","Thousands of dollars",52,"521-522","    Monetary Authorities- central bank, credit intermediation, and related services",-129,-340,-641,-826,-1180,-1636,-715,-748,-1078,-2123,-1034,-999,-3130,-12092,-13804,-21710,-3888,-41905,-30179,-45045,(NA)
 "32000" ,"Nevada",8,SAGDP5N,"Subsidies","Thousands of dollars",53,"523","    Securities, commodity contracts, and other financial investments and related activities",0,0,0,0,0,0,0,0,0,0,0,0,0,0,0,0,0,0,0,0,(NA)
 "32000" ,"Nevada",8,SAGDP5N,"Subsidies","Thousands of dollars",54,"524","    Insurance carriers and related activities",0,0,0,0,0,0,0,0,0,0,0,0,0,0,0,0,0,0,0,0,(NA)
 "32000" ,"Nevada",8,SAGDP5N,"Subsidies","Thousands of dollars",55,"525","    Funds, trusts, and other financial vehicles",0,0,0,0,0,0,0,0,0,0,0,0,0,0,0,0,0,0,0,0,(NA)
 "32000" ,"Nevada",8,SAGDP5N,"Subsidies","Thousands of dollars",56,"53","   Real estate and rental and leasing",-97351,-103025,-108448,-104912,-101301,-107858,-129002,-149515,-210548,-182623,-234036,-188588,-175835,-161388,-152502,-147308,-145055,-142195,-156277,-171991,(NA)
 "32000" ,"Nevada",8,SAGDP5N,"Subsidies","Thousands of dollars",57,"531","    Real estate",-97351,-103025,-108448,-104912,-101301,-107858,-129002,-149515,-210548,-182623,-234036,-188588,-175835,-161388,-152502,-147308,-145055,-142195,-156277,-171991,(NA)
 "32000" ,"Nevada",8,SAGDP5N,"Subsidies","Thousands of dollars",58,"532-533","    Rental and leasing services and lessors of nonfinancial intangible assets",0,0,0,0,0,0,0,0,0,0,0,0,0,0,0,0,0,0,0,0,(NA)
 "32000" ,"Nevada",8,SAGDP5N,"Subsidies","Thousands of dollars",59,"54, 55, 56","  Professional and business services",0,0,0,0,0,0,0,0,0,0,0,0,0,0,0,0,0,0,0,0,(NA)
 "32000" ,"Nevada",8,SAGDP5N,"Subsidies","Thousands of dollars",60,"54","   Professional, scientific, and technical services",0,0,0,0,0,0,0,0,0,0,0,0,0,0,0,0,0,0,0,0,(NA)
 "32000" ,"Nevada",8,SAGDP5N,"Subsidies","Thousands of dollars",61,"5411","    Legal services",0,0,0,0,0,0,0,0,0,0,0,0,0,0,0,0,0,0,0,0,(NA)
 "32000" ,"Nevada",8,SAGDP5N,"Subsidies","Thousands of dollars",62,"5415","    Computer systems design and related services",0,0,0,0,0,0,0,0,0,0,0,0,0,0,0,0,0,0,0,0,(NA)
 "32000" ,"Nevada",8,SAGDP5N,"Subsidies","Thousands of dollars",63,"5412-5414, 5416-5419","    Miscellaneous professional, scientific, and technical services",0,0,0,0,0,0,0,0,0,0,0,0,0,0,0,0,0,0,0,0,(NA)
 "32000" ,"Nevada",8,SAGDP5N,"Subsidies","Thousands of dollars",64,"55","   Management of companies and enterprises",0,0,0,0,0,0,0,0,0,0,0,0,0,0,0,0,0,0,0,0,(NA)
 "32000" ,"Nevada",8,SAGDP5N,"Subsidies","Thousands of dollars",65,"56","   Administrative and support and waste management and remediation services",0,0,0,0,0,0,0,0,0,0,0,0,0,0,0,0,0,0,0,0,(NA)
 "32000" ,"Nevada",8,SAGDP5N,"Subsidies","Thousands of dollars",66,"561","    Administrative and support services",0,0,0,0,0,0,0,0,0,0,0,0,0,0,0,0,0,0,0,0,(NA)
 "32000" ,"Nevada",8,SAGDP5N,"Subsidies","Thousands of dollars",67,"562","    Waste management and remediation services",0,0,0,0,0,0,0,0,0,0,0,0,0,0,0,0,0,0,0,0,(NA)
 "32000" ,"Nevada",8,SAGDP5N,"Subsidies","Thousands of dollars",68,"61, 62","  Educational services, health care, and social assistance",0,0,0,0,0,0,0,0,0,0,0,0,0,-3388,-27336,-15760,-19363,-18631,-11239,-6797,(NA)
 "32000" ,"Nevada",8,SAGDP5N,"Subsidies","Thousands of dollars",69,"61","   Educational services",0,0,0,0,0,0,0,0,0,0,0,0,0,0,0,0,0,0,0,0,(NA)
 "32000" ,"Nevada",8,SAGDP5N,"Subsidies","Thousands of dollars",70,"62","   Health care and social assistance",0,0,0,0,0,0,0,0,0,0,0,0,0,-3388,-27336,-15760,-19363,-18631,-11239,-6797,(NA)
 "32000" ,"Nevada",8,SAGDP5N,"Subsidies","Thousands of dollars",71,"621","    Ambulatory health care services",0,0,0,0,0,0,0,0,0,0,0,0,0,0,0,0,0,0,0,0,(NA)
 "32000" ,"Nevada",8,SAGDP5N,"Subsidies","Thousands of dollars",72,"622","    Hospitals",0,0,0,0,0,0,0,0,0,0,0,0,0,-3388,-27336,-15760,-19363,-18631,-11239,-6797,(NA)
 "32000" ,"Nevada",8,SAGDP5N,"Subsidies","Thousands of dollars",73,"623","    Nursing and residential care facilities",0,0,0,0,0,0,0,0,0,0,0,0,0,0,0,0,0,0,0,0,(NA)
 "32000" ,"Nevada",8,SAGDP5N,"Subsidies","Thousands of dollars",74,"624","    Social assistance",0,0,0,0,0,0,0,0,0,0,0,0,0,0,0,0,0,0,0,0,(NA)
 "32000" ,"Nevada",8,SAGDP5N,"Subsidies","Thousands of dollars",75,"71, 72","  Arts, entertainment, recreation, accommodation, and food services",0,0,0,0,0,0,0,0,0,0,0,0,0,0,0,0,0,0,0,0,(NA)
 "32000" ,"Nevada",8,SAGDP5N,"Subsidies","Thousands of dollars",76,"71","   Arts, entertainment, and recreation",0,0,0,0,0,0,0,0,0,0,0,0,0,0,0,0,0,0,0,0,(NA)
 "32000" ,"Nevada",8,SAGDP5N,"Subsidies","Thousands of dollars",77,"711-712","    Performing arts, spectator sports, museums, and related activities",0,0,0,0,0,0,0,0,0,0,0,0,0,0,0,0,0,0,0,0,(NA)
 "32000" ,"Nevada",8,SAGDP5N,"Subsidies","Thousands of dollars",78,"713","    Amusement, gambling, and recreation industries",0,0,0,0,0,0,0,0,0,0,0,0,0,0,0,0,0,0,0,0,(NA)
 "32000" ,"Nevada",8,SAGDP5N,"Subsidies","Thousands of dollars",79,"72","   Accommodation and food services",0,0,0,0,0,0,0,0,0,0,0,0,0,0,0,0,0,0,0,0,(NA)
 "32000" ,"Nevada",8,SAGDP5N,"Subsidies","Thousands of dollars",80,"721","    Accommodation",0,0,0,0,0,0,0,0,0,0,0,0,0,0,0,0,0,0,0,0,(NA)
 "32000" ,"Nevada",8,SAGDP5N,"Subsidies","Thousands of dollars",81,"722","    Food services and drinking places",0,0,0,0,0,0,0,0,0,0,0,0,0,0,0,0,0,0,0,0,(NA)
 "32000" ,"Nevada",8,SAGDP5N,"Subsidies","Thousands of dollars",82,"81","  Other services (except government and government enterprises)",0,0,0,0,0,0,0,0,0,0,0,0,0,0,0,0,0,0,0,0,(NA)
 "32000" ,"Nevada",8,SAGDP5N,"Subsidies","Thousands of dollars",83,"..."," Government and government enterprises",-55182,-49286,-53080,-53458,-65451,-86945,-89839,-91889,-84077,-66469,-81825,-94220,-104978,-86162,-97739,-78355,-80646,-110163,-114128,-122272,(NA)
 "32000" ,"Nevada",8,SAGDP5N,"Subsidies","Thousands of dollars",84,"...","  Federal civilian",-93,-52,-45,-51,-100,-793,-1164,-959,-580,-465,-412,-433,-1436,-1142,-1211,-1432,-3114,-5450,-6026,-6435,(NA)
 "32000" ,"Nevada",8,SAGDP5N,"Subsidies","Thousands of dollars",85,"...","  Military",0,0,0,0,0,0,0,0,0,0,0,0,0,0,0,0,0,0,0,0,(NA)
 "32000" ,"Nevada",8,SAGDP5N,"Subsidies","Thousands of dollars",86,"...","  State and local",-55088,-49233,-53035,-53407,-65351,-86151,-88675,-90930,-83497,-66004,-81413,-93787,-103542,-85021,-96528,-76923,-77532,-104714,-108102,-115837,(NA)
 "32000" ,"Nevada",8,SAGDP5N,"Subsidies","Thousands of dollars",87,"11, 21","Natural resources and mining",-9913,-21052,-39119,-47052,-47183,-22075,-25443,-20000,-43941,-31585,-17394,-22113,-22541,-22402,-19312,-14909,-13131,-17863,-18366,-20015,(NA)
 "32000" ,"Nevada",8,SAGDP5N,"Subsidies","Thousands of dollars",88,"42, 44-45","Trade",0,0,0,0,0,0,0,0,0,0,0,0,-25051,-2660,-26,-1,0,0,0,0,(NA)
 "32000" ,"Nevada",8,SAGDP5N,"Subsidies","Thousands of dollars",89,"...","Transportation and utilities",-1768,-1625,-2024,-1920,-130910,-6701,-66848,-3364,-4381,-5376,-4342,-5819,-7284,-9130,-8953,-9184,-8574,-7789,-8299,-8972,(NA)
 "32000" ,"Nevada",8,SAGDP5N,"Subsidies","Thousands of dollars",90,"...","Private goods-producing industries 2/",-9913,-21052,-39119,-47052,-47183,-22075,-25443,-20000,-43941,-31602,-17405,-22287,-22981,-23390,-21067,-15951,-14108,-18901,-19234,-20862,(NA)
 "32000" ,"Nevada",8,SAGDP5N,"Subsidies","Thousands of dollars",91,"...","Private services-providing industries 3/",-99247,-104989,-111112,-107657,-233390,-116194,-196565,-153627,-216007,-190122,-239412,-195406,-211485,-189184,-204869,-197196,-178463,-210901,-206381,-232782,(NA)
"Note: See the included footnote file."
"SAGDP5N: Subsidies 1/"
"Last updated: November 14, 2018; revised statistics for 1997-2017."
"Source: U.S. Department of Commerce / Bureau of Economic Analysis / Regional Economic Accounts"
