GeoFIPS,GeoName,Region,TableName,ComponentName,Unit,IndustryId,IndustryClassification,Description,1997,1998,1999,2000,2001,2002,2003,2004,2005,2006,2007,2008,2009,2010,2011,2012,2013,2014,2015,2016,2017
 "05000" ,"Arkansas",5,SAGDP4N,"Compensation of employees","Thousands of dollars",1,"...","All industry total",32715617,34880969,36740868,38766851,40397095,41661974,43485646,46064219,48480285,51110162,53637638,54778210,54260135,55258155,56870085,59196258,60546249,62574335,64417815,66128619,(NA)
 "05000" ,"Arkansas",5,SAGDP4N,"Compensation of employees","Thousands of dollars",2,"..."," Private industries",26570617,28469059,30008583,31673797,32715040,33600418,34901283,36898000,38600955,40628697,42789505,43542349,42608126,43273321,44692843,47014910,47992610,49830027,51594521,53187796,(NA)
 "05000" ,"Arkansas",5,SAGDP4N,"Compensation of employees","Thousands of dollars",3,"11","  Agriculture, forestry, fishing, and hunting",459483,474527,499238,492660,515285,518212,513411,563999,502906,557243,590293,597819,551175,583052,551226,639811,658696,645453,696708,744846,(NA)
 "05000" ,"Arkansas",5,SAGDP4N,"Compensation of employees","Thousands of dollars",4,"111-112","   Farms",254198,264683,271835,269558,291599,287135,288481,310462,258156,256369,292490,303450,263924,279749,243842,304311,328519,290400,332300,357299,(NA)
 "05000" ,"Arkansas",5,SAGDP4N,"Compensation of employees","Thousands of dollars",5,"113-115","   Forestry, fishing, and related activities",205285,209844,227403,223102,223687,231077,224930,253537,244750,300874,297802,294369,287251,303303,307384,335500,330177,355053,364408,387546,(NA)
 "05000" ,"Arkansas",5,SAGDP4N,"Compensation of employees","Thousands of dollars",6,"21","  Mining, quarrying, and oil and gas extraction",149215,152717,146045,149533,180197,164533,178386,203133,227512,309994,440326,594161,619525,644083,705036,703390,622630,570978,497956,337843,(NA)
 "05000" ,"Arkansas",5,SAGDP4N,"Compensation of employees","Thousands of dollars",7,"211","   Oil and gas extraction",18872,18890,17277,18475,22256,20472,22645,24018,26408,32107,55364,84434,123858,136113,157732,188451,175724,161376,149373,110543,(NA)
 "05000" ,"Arkansas",5,SAGDP4N,"Compensation of employees","Thousands of dollars",8,"212","   Mining (except oil and gas)",81237,87686,89575,83521,91252,90242,92632,101896,102810,113117,117403,130009,114205,125132,132358,129244,119746,111268,111764,111424,(NA)
 "05000" ,"Arkansas",5,SAGDP4N,"Compensation of employees","Thousands of dollars",9,"213","   Support activities for mining",49107,46141,39192,47537,66688,53820,63109,77219,98294,164771,267559,379718,381463,382838,414945,385695,327160,298335,236819,115877,(NA)
 "05000" ,"Arkansas",5,SAGDP4N,"Compensation of employees","Thousands of dollars",10,"22","  Utilities",410101,439792,462317,469541,500358,516879,523173,552354,569813,610860,644457,689110,694344,719441,738096,791270,880611,899947,902477,930895,(NA)
 "05000" ,"Arkansas",5,SAGDP4N,"Compensation of employees","Thousands of dollars",11,"23","  Construction",1463149,1549129,1679701,1850446,1938324,2054309,1939150,2052599,2253669,2412623,2536777,2714923,2584153,2435990,2367828,2481040,2352412,2499569,2753048,2876290,(NA)
 "05000" ,"Arkansas",5,SAGDP4N,"Compensation of employees","Thousands of dollars",12,"31-33","  Manufacturing",7713671,8134396,8428326,8686039,8567999,8389865,8529321,8804185,8981538,9071572,9010731,8836598,7935595,8145455,8275567,8495988,8494270,8884413,8997519,9112332,(NA)
 "05000" ,"Arkansas",5,SAGDP4N,"Compensation of employees","Thousands of dollars",13,"321,327-339","   Durable goods manufacturing",4265838,4594215,4773924,4961263,4775718,4643504,4675877,4824088,4964662,5071368,4998088,4837353,4118045,4174814,4320620,4442944,4427444,4611378,4627561,4590861,(NA)
 "05000" ,"Arkansas",5,SAGDP4N,"Compensation of employees","Thousands of dollars",14,"321","    Wood product manufacturing",466467,496409,526750,528192,508148,509196,522024,533838,549513,556872,512968,470743,410081,(D),(D),(D),435060,460389,475384,486225,(NA)
 "05000" ,"Arkansas",5,SAGDP4N,"Compensation of employees","Thousands of dollars",15,"327","    Nonmetallic mineral product manufacturing",165195,184984,183108,188175,194160,193988,199210,195647,214548,228212,229508,212111,174683,176448,174210,183323,190237,212002,207524,209296,(NA)
 "05000" ,"Arkansas",5,SAGDP4N,"Compensation of employees","Thousands of dollars",16,"331","    Primary metal manufacturing",403824,415332,428449,457315,450356,442780,439663,475906,493226,547817,571563,596165,475846,522511,624489,748252,753547,755233,676906,641202,(NA)
 "05000" ,"Arkansas",5,SAGDP4N,"Compensation of employees","Thousands of dollars",17,"332","    Fabricated metal product manufacturing",731048,782005,806770,831396,771666,755386,761786,788963,826796,844027,856571,861280,788278,776708,748041,797507,807383,875613,898473,924811,(NA)
 "05000" ,"Arkansas",5,SAGDP4N,"Compensation of employees","Thousands of dollars",18,"333","    Machinery manufacturing",583202,615098,634236,665890,634659,606618,598455,610564,631600,671300,655983,651743,539880,566172,617652,626742,608998,647802,657690,651386,(NA)
 "05000" ,"Arkansas",5,SAGDP4N,"Compensation of employees","Thousands of dollars",19,"334","    Computer and electronic product manufacturing",199329,229857,246869,258793,274670,244284,259286,276945,266718,258984,224017,201442,170775,167843,166300,168818,187019,157922,161083,154434,(NA)
 "05000" ,"Arkansas",5,SAGDP4N,"Compensation of employees","Thousands of dollars",20,"335","    Electrical equipment, appliance, and component manufacturing",567474,581169,593263,609434,617741,618803,640367,664801,689855,656292,611080,525311,446984,503331,488512,453484,395842,386360,382350,360856,(NA)
 "05000" ,"Arkansas",5,SAGDP4N,"Compensation of employees","Thousands of dollars",21,"3361-3363","    Motor vehicles, bodies and trailers, and parts manufacturing",385746,437354,425832,450795,392753,390316,(D),(D),(D),(D),451030,(D),(D),(D),(D),(D),(D),(D),(D),(D),(NA)
 "05000" ,"Arkansas",5,SAGDP4N,"Compensation of employees","Thousands of dollars",22,"3364-3369","    Other transportation equipment manufacturing",220201,252889,305885,330200,329637,295755,(D),(D),(D),(D),408575,(D),(D),345587,368950,408349,(D),(D),(D),(D),(NA)
 "05000" ,"Arkansas",5,SAGDP4N,"Compensation of employees","Thousands of dollars",23,"337","    Furniture and related product manufacturing",299537,343465,348134,353369,318605,306255,297042,277828,253187,244161,233875,217519,197887,177715,153180,145714,146102,151570,145782,153349,(NA)
 "05000" ,"Arkansas",5,SAGDP4N,"Compensation of employees","Thousands of dollars",24,"339","    Miscellaneous manufacturing",243815,255654,274628,287704,283322,280122,269047,265126,254821,246427,242918,242316,198343,180585,178069,180259,181279,187313,192285,197209,(NA)
 "05000" ,"Arkansas",5,SAGDP4N,"Compensation of employees","Thousands of dollars",25,"311-316,322-326","   Nondurable goods manufacturing",3447833,3540181,3654403,3724776,3792281,3746360,3853444,3980098,4016876,4000204,4012643,3999245,3817549,3970642,3954947,4053044,4066826,4273035,4369958,4521471,(NA)
 "05000" ,"Arkansas",5,SAGDP4N,"Compensation of employees","Thousands of dollars",26,"311-312","    Food and beverage and tobacco products manufacturing",1440731,1486056,1558703,1563607,1632189,1676863,1760013,1842740,1852351,1859788,1898151,1893885,1836644,1914534,1833079,1892291,1917290,2024770,2049968,2177925,(NA)
 "05000" ,"Arkansas",5,SAGDP4N,"Compensation of employees","Thousands of dollars",27,"313-314","    Textile mills and textile product mills",76674,83783,84597,89955,86861,83042,84457,86033,82184,63613,63659,63096,54079,51980,52757,52508,51664,56245,51971,63380,(NA)
 "05000" ,"Arkansas",5,SAGDP4N,"Compensation of employees","Thousands of dollars",28,"315-316","    Apparel, leather, and allied product manufacturing",229042,213928,180206,165861,156715,116225,119272,128871,123448,111844,106614,108933,93523,79599,78154,82320,74652,70232,70710,73926,(NA)
 "05000" ,"Arkansas",5,SAGDP4N,"Compensation of employees","Thousands of dollars",29,"322","    Paper manufacturing",678967,705180,737015,767203,763988,731538,737604,739401,755402,756901,745785,739842,725596,739561,746056,759512,760754,769479,750281,758369,(NA)
 "05000" ,"Arkansas",5,SAGDP4N,"Compensation of employees","Thousands of dollars",30,"323","    Printing and related support activities",179718,189084,193896,197878,186702,183682,184760,195932,197113,204439,217721,210771,189530,194510,206035,186464,153492,155284,199492,211012,(NA)
 "05000" ,"Arkansas",5,SAGDP4N,"Compensation of employees","Thousands of dollars",31,"324","    Petroleum and coal products manufacturing",56540,52819,52549,53908,58838,60831,65355,70689,68969,80774,76371,82737,92973,80429,78368,84925,94871,113411,124574,125960,(NA)
 "05000" ,"Arkansas",5,SAGDP4N,"Compensation of employees","Thousands of dollars",32,"325","    Chemical manufacturing",318151,315106,324115,328011,345686,324863,326062,330105,335908,312106,307121,324884,321353,355528,371759,385639,401763,428669,438511,440223,(NA)
 "05000" ,"Arkansas",5,SAGDP4N,"Compensation of employees","Thousands of dollars",33,"326","    Plastics and rubber products manufacturing",468010,494225,523320,558354,561302,569318,575921,586328,601501,610742,597221,575097,503852,554501,588739,609385,612341,654946,684450,670675,(NA)
 "05000" ,"Arkansas",5,SAGDP4N,"Compensation of employees","Thousands of dollars",34,"42","  Wholesale trade",1646791,1789687,1839040,1963937,2030575,2099912,2180002,2400164,2597191,2767151,2913625,3062964,2958539,3033990,3138464,3305344,3355149,3474436,3645768,3622519,(NA)
 "05000" ,"Arkansas",5,SAGDP4N,"Compensation of employees","Thousands of dollars",35,"44-45","  Retail trade",2455080,2592442,2693993,2777693,2835736,2931827,3097236,3202823,3342632,3494026,3624125,3708808,3636470,3697069,3819662,3960953,4051172,4205311,4384056,4589675,(NA)
 "05000" ,"Arkansas",5,SAGDP4N,"Compensation of employees","Thousands of dollars",36,"48-49","  Transportation and warehousing",1990019,2132548,2260779,2302700,2406450,2540639,2577256,2659501,2822687,2926318,2991133,2930177,2644457,2675640,2918513,3066467,3103502,3198020,3361356,3308523,(NA)
 "05000" ,"Arkansas",5,SAGDP4N,"Compensation of employees","Thousands of dollars",37,"481","   Air transportation",64382,65138,72938,81070,78756,83096,84294,72648,68923,69181,64891,72134,58910,61029,73456,64152,62303,32831,33922,36353,(NA)
 "05000" ,"Arkansas",5,SAGDP4N,"Compensation of employees","Thousands of dollars",38,"482","   Rail transportation",275339,296381,294352,285639,(D),268798,(D),(D),(D),(D),(D),(D),(D),265376,294719,334478,335092,353674,366491,330567,(NA)
 "05000" ,"Arkansas",5,SAGDP4N,"Compensation of employees","Thousands of dollars",39,"483","   Water transportation",(T),(T),(T),(T),(D),(D),(D),6212,6811,8027,7035,7014,6597,6941,7480,3219,(D),1746,1802,1682,(NA)
 "05000" ,"Arkansas",5,SAGDP4N,"Compensation of employees","Thousands of dollars",40,"484","   Truck transportation",1053208,1127431,1242124,1250068,1348633,1487491,1471973,1508502,1647817,1726261,1779625,1709074,1518217,1605778,1764368,1837221,1856497,1924670,1999184,1932204,(NA)
 "05000" ,"Arkansas",5,SAGDP4N,"Compensation of employees","Thousands of dollars",41,"485","   Transit and ground passenger transportation",20203,19695,21948,23128,20627,(D),21580,21184,22164,24697,30182,28452,28338,30978,34996,39526,44513,50260,51637,54523,(NA)
 "05000" ,"Arkansas",5,SAGDP4N,"Compensation of employees","Thousands of dollars",42,"486","   Pipeline transportation",51653,55352,54198,52010,58934,58683,61780,61565,61291,60383,48603,47049,48739,30987,46160,45262,55266,64991,67001,51074,(NA)
 "05000" ,"Arkansas",5,SAGDP4N,"Compensation of employees","Thousands of dollars",43,"487-488, 492","   Other transportation and support activities",212737,242717,257112,274771,297597,(D),331604,(D),(D),(D),(D),(D),(D),369332,384013,422932,(D),454202,507459,507161,(NA)
 "05000" ,"Arkansas",5,SAGDP4N,"Compensation of employees","Thousands of dollars",44,"493","   Warehousing and storage",306671,320252,311819,330013,318205,317624,337508,357020,365045,356752,359851,372199,338150,305219,313320,319677,314132,315646,333860,394959,(NA)
 "05000" ,"Arkansas",5,SAGDP4N,"Compensation of employees","Thousands of dollars",45,"51","  Information",696555,746665,810457,857849,910397,911703,983880,1033751,1075179,1108690,1801842,1156868,1414713,1007392,1021449,1001233,1017794,1038089,942245,936429,(NA)
 "05000" ,"Arkansas",5,SAGDP4N,"Compensation of employees","Thousands of dollars",46,"511","   Publishing industries (except Internet)",195372,202959,211659,226935,(D),(D),(D),(D),(D),277017,291217,290497,281415,259791,267665,273014,283532,289933,236019,233777,(NA)
 "05000" ,"Arkansas",5,SAGDP4N,"Compensation of employees","Thousands of dollars",47,"512","   Motion picture and sound recording industries",16184,19385,20928,20446,22320,23475,26254,27823,27510,30668,31767,32705,34945,34001,37639,36279,34497,32991,32882,31602,(NA)
 "05000" ,"Arkansas",5,SAGDP4N,"Compensation of employees","Thousands of dollars",48,"515, 517","   Broadcasting (except Internet) and telecommunications",425695,447879,475494,515264,557337,570455,612910,644998,687633,717891,1410580,760313,1025769,632948,637910,601957,608822,620516,582795,573705,(NA)
 "05000" ,"Arkansas",5,SAGDP4N,"Compensation of employees","Thousands of dollars",49,"518, 519","   Data processing, hosting, and other information services",59303,76442,102376,95203,(D),(D),(D),(D),(D),83113,68279,73354,72584,80652,78235,89982,90943,94650,90549,97345,(NA)
 "05000" ,"Arkansas",5,SAGDP4N,"Compensation of employees","Thousands of dollars",50,"52, 53","  Finance, insurance, real estate, rental, and leasing",1595962,1735721,1814857,1893223,2005398,2102108,2214880,2336085,2452843,2613376,2744553,2822617,2738617,2804501,2956809,3092527,3117502,3216620,3379156,3555574,(NA)
 "05000" ,"Arkansas",5,SAGDP4N,"Compensation of employees","Thousands of dollars",51,"52","   Finance and insurance",1317664,1423334,1482165,1553317,1661688,1732730,1844191,1927721,2008741,2138362,2240911,2308193,2220307,2288837,2440102,2543943,2567436,2659657,2771464,2929945,(NA)
 "05000" ,"Arkansas",5,SAGDP4N,"Compensation of employees","Thousands of dollars",52,"521-522","    Monetary Authorities- central bank, credit intermediation, and related services",620933,689143,697070,723931,(D),(D),(D),(D),(D),(D),(D),(D),(D),(D),(D),(D),(D),(D),(D),(D),(NA)
 "05000" ,"Arkansas",5,SAGDP4N,"Compensation of employees","Thousands of dollars",53,"523","    Securities, commodity contracts, and other financial investments and related activities",213612,230724,254798,278338,292038,278105,306384,325977,331115,347657,376168,411495,380786,404116,416522,459682,415221,473970,478085,484360,(NA)
 "05000" ,"Arkansas",5,SAGDP4N,"Compensation of employees","Thousands of dollars",54,"524","    Insurance carriers and related activities",480662,500804,527820,548503,581949,603134,657926,671318,681863,742665,764407,819178,808709,857519,957180,1003186,995000,1029315,1083235,1155081,(NA)
 "05000" ,"Arkansas",5,SAGDP4N,"Compensation of employees","Thousands of dollars",55,"525","    Funds, trusts, and other financial vehicles",2457,(T),(T),(T),(D),(D),(D),(D),(D),(D),(D),(D),(D),(D),(D),(D),(D),(D),(D),(D),(NA)
 "05000" ,"Arkansas",5,SAGDP4N,"Compensation of employees","Thousands of dollars",56,"53","   Real estate and rental and leasing",278298,312388,332693,339905,343710,369378,370689,408364,444103,475014,503642,514424,518310,515664,516706,548583,550067,556963,607693,625629,(NA)
 "05000" ,"Arkansas",5,SAGDP4N,"Compensation of employees","Thousands of dollars",57,"531","    Real estate",167153,192752,202319,207971,214609,233365,238492,261714,290586,308914,319760,318958,329192,326810,322957,339436,352074,352968,379298,406921,(NA)
 "05000" ,"Arkansas",5,SAGDP4N,"Compensation of employees","Thousands of dollars",58,"532-533","    Rental and leasing services and lessors of nonfinancial intangible assets",111145,119635,130373,131934,129101,136013,132197,146649,153516,166100,183883,195467,189118,188854,193749,209148,197992,203996,228395,218708,(NA)
 "05000" ,"Arkansas",5,SAGDP4N,"Compensation of employees","Thousands of dollars",59,"54, 55, 56","  Professional and business services",2622462,2979761,3312129,3823176,4077479,4171997,4467713,4857170,5193029,5625151,5926793,6328053,6411858,6924881,7214430,7814866,8407658,8829553,9196084,9559471,(NA)
 "05000" ,"Arkansas",5,SAGDP4N,"Compensation of employees","Thousands of dollars",60,"54","   Professional, scientific, and technical services",1005696,1114940,1209980,1326345,1436734,1534915,1656120,1791838,1944467,2101517,2262037,2342331,2324970,2413025,2604953,2546377,2710251,2810287,2920522,3019338,(NA)
 "05000" ,"Arkansas",5,SAGDP4N,"Compensation of employees","Thousands of dollars",61,"5411","    Legal services",220029,231938,239674,260967,299379,308800,324145,353379,362953,377680,390075,400576,398726,390777,400151,405906,404606,435317,404294,399224,(NA)
 "05000" ,"Arkansas",5,SAGDP4N,"Compensation of employees","Thousands of dollars",62,"5415","    Computer systems design and related services",286340,347690,393220,440234,455528,511136,529746,554796,591606,622062,636291,631514,615455,642878,754124,733184,806914,804627,869034,929319,(NA)
 "05000" ,"Arkansas",5,SAGDP4N,"Compensation of employees","Thousands of dollars",63,"5412-5414, 5416-5419","    Miscellaneous professional, scientific, and technical services",499326,535313,577087,625144,681827,714979,802229,883663,989908,1101775,1235670,1310242,1310789,1379371,1450678,1407287,1498731,1570343,1647195,1690795,(NA)
 "05000" ,"Arkansas",5,SAGDP4N,"Compensation of employees","Thousands of dollars",64,"55","   Management of companies and enterprises",875116,1061683,1241400,1520398,1644281,1610436,1683719,1895153,1958893,2161221,2223433,2436973,2579726,2846726,2826223,3495001,3830487,3982060,4118372,4306914,(NA)
 "05000" ,"Arkansas",5,SAGDP4N,"Compensation of employees","Thousands of dollars",65,"56","   Administrative and support and waste management and remediation services",741650,803139,860749,976433,996464,1026645,1127875,1170179,1289668,1362413,1441323,1548748,1507162,1665130,1783254,1773489,1866919,2037205,2157189,2233219,(NA)
 "05000" ,"Arkansas",5,SAGDP4N,"Compensation of employees","Thousands of dollars",66,"561","    Administrative and support services",682643,740226,791910,895376,895793,905467,999713,1075617,1186515,1253876,1314645,1411308,1370781,1494759,1639538,1622254,1719967,1880998,1996885,2071290,(NA)
 "05000" ,"Arkansas",5,SAGDP4N,"Compensation of employees","Thousands of dollars",67,"562","    Waste management and remediation services",59008,62913,68838,81057,100671,121178,128162,94562,103153,108538,126678,137440,136381,170371,143716,151235,146952,156207,160304,161928,(NA)
 "05000" ,"Arkansas",5,SAGDP4N,"Compensation of employees","Thousands of dollars",68,"61, 62","  Educational services, health care, and social assistance",3507130,3700629,3892538,4132429,4387882,4711614,5078172,5448219,5759116,6116851,6403478,6798143,7122824,7280405,7535003,7999851,8192493,8419879,8701302,9256803,(NA)
 "05000" ,"Arkansas",5,SAGDP4N,"Compensation of employees","Thousands of dollars",69,"61","   Educational services",181790,196247,211418,226159,235349,282413,305246,319127,331325,362622,385075,410158,462072,483942,512509,532263,564200,593643,592907,633042,(NA)
 "05000" ,"Arkansas",5,SAGDP4N,"Compensation of employees","Thousands of dollars",70,"62","   Health care and social assistance",3325340,3504381,3681120,3906270,4152533,4429202,4772926,5129093,5427790,5754229,6018403,6387985,6660752,6796463,7022494,7467588,7628294,7826236,8108396,8623761,(NA)
 "05000" ,"Arkansas",5,SAGDP4N,"Compensation of employees","Thousands of dollars",71,"621","    Ambulatory health care services",1542602,1599984,1668296,1753576,1893783,1984586,2102823,2257336,2412214,2544503,2676911,2812166,2891399,2942755,3081487,3266934,3373042,3534932,3695894,4013116,(NA)
 "05000" ,"Arkansas",5,SAGDP4N,"Compensation of employees","Thousands of dollars",72,"622","    Hospitals",1161526,1234943,1285701,1364200,1449838,1543993,1673246,1795095,1855342,1920383,1974268,2079530,2162368,2124737,2186164,2302669,2318640,2312432,2398894,2488106,(NA)
 "05000" ,"Arkansas",5,SAGDP4N,"Compensation of employees","Thousands of dollars",73,"623","    Nursing and residential care facilities",370384,383287,403272,421806,453490,513129,564389,601793,634078,686107,722173,791988,842751,895606,914583,955329,976655,980776,983116,1047995,(NA)
 "05000" ,"Arkansas",5,SAGDP4N,"Compensation of employees","Thousands of dollars",74,"624","    Social assistance",250827,286167,323851,366689,355422,387493,432468,474869,526156,603235,645051,704301,764234,833365,840261,942656,959956,998095,1030491,1074545,(NA)
 "05000" ,"Arkansas",5,SAGDP4N,"Compensation of employees","Thousands of dollars",75,"71, 72","  Arts, entertainment, recreation, accommodation, and food services",920381,1007753,1086635,1136579,1189147,1228585,1297628,1382987,1446975,1546236,1645764,1716080,1720815,1737255,1816130,1957901,2017327,2135240,2267055,2419785,(NA)
 "05000" ,"Arkansas",5,SAGDP4N,"Compensation of employees","Thousands of dollars",76,"71","   Arts, entertainment, and recreation",127868,141400,150225,160650,160876,167209,174443,180138,186696,203616,218363,236853,236432,229329,237625,247842,259808,282321,288900,316791,(NA)
 "05000" ,"Arkansas",5,SAGDP4N,"Compensation of employees","Thousands of dollars",77,"711-712","    Performing arts, spectator sports, museums, and related activities",42208,44852,47922,50283,45211,47155,48057,50034,51846,60157,69825,74816,79799,71589,81507,85975,90203,100015,103818,120084,(NA)
 "05000" ,"Arkansas",5,SAGDP4N,"Compensation of employees","Thousands of dollars",78,"713","    Amusement, gambling, and recreation industries",85660,96548,102303,110367,115665,120054,126386,130104,134850,143459,148539,162037,156632,157740,156118,161867,169605,182306,185082,196707,(NA)
 "05000" ,"Arkansas",5,SAGDP4N,"Compensation of employees","Thousands of dollars",79,"72","   Accommodation and food services",792513,866352,936410,975929,1028271,1061376,1123185,1202848,1260280,1342620,1427400,1479227,1484384,1507926,1578506,1710059,1757519,1852919,1978154,2102994,(NA)
 "05000" ,"Arkansas",5,SAGDP4N,"Compensation of employees","Thousands of dollars",80,"721","    Accommodation",148313,160752,173362,179506,181599,183892,188400,206813,210591,216682,228444,250156,238050,239441,243423,252665,259960,265531,277228,282395,(NA)
 "05000" ,"Arkansas",5,SAGDP4N,"Compensation of employees","Thousands of dollars",81,"722","    Food services and drinking places",644200,705600,763048,796423,846672,877485,934785,996035,1049689,1125938,1198956,1229070,1246334,1268485,1335083,1457394,1497559,1587387,1700926,1820599,(NA)
 "05000" ,"Arkansas",5,SAGDP4N,"Compensation of employees","Thousands of dollars",82,"81","  Other services (except government and government enterprises)",940619,1033292,1082526,1137992,1169814,1258235,1321073,1401029,1375864,1468608,1515610,1586028,1575040,1584165,1634632,1704269,1721392,1812519,1869790,1936812,(NA)
 "05000" ,"Arkansas",5,SAGDP4N,"Compensation of employees","Thousands of dollars",83,"..."," Government and government enterprises",6145000,6411910,6732285,7093054,7682055,8061555,8584363,9166219,9879330,10481465,10848132,11235862,11652008,11984834,12177242,12181347,12553640,12744308,12823294,12940823,(NA)
 "05000" ,"Arkansas",5,SAGDP4N,"Compensation of employees","Thousands of dollars",84,"...","  Federal civilian",1047886,1083393,1109255,1207271,1231349,1269055,1377427,1476744,1563833,1641633,1679268,1785312,1867592,1852106,1840593,1818995,1807057,1856653,1922192,1948066,(NA)
 "05000" ,"Arkansas",5,SAGDP4N,"Compensation of employees","Thousands of dollars",85,"...","  Military",366947,379076,386636,401734,431892,540499,688325,720276,881148,851864,868452,866069,947008,925357,903893,901630,901890,842181,757262,717121,(NA)
 "05000" ,"Arkansas",5,SAGDP4N,"Compensation of employees","Thousands of dollars",86,"...","  State and local",4730167,4949441,5236394,5484049,6018814,6252001,6518611,6969199,7434349,7987968,8300412,8584481,8837408,9207371,9432756,9460722,9844693,10045474,10143840,10275636,(NA)
 "05000" ,"Arkansas",5,SAGDP4N,"Compensation of employees","Thousands of dollars",87,"11, 21","Natural resources and mining",608698,627244,645283,642192,695482,682745,691797,767132,730418,867237,1030619,1191980,1170700,1227136,1256261,1343201,1281326,1216432,1194665,1082689,(NA)
 "05000" ,"Arkansas",5,SAGDP4N,"Compensation of employees","Thousands of dollars",88,"42, 44-45","Trade",4101871,4382129,4533033,4741630,4866311,5031739,5277238,5602987,5939823,6261176,6537750,6771772,6595009,6731059,6958126,7266297,7406321,7679747,8029823,8212194,(NA)
 "05000" ,"Arkansas",5,SAGDP4N,"Compensation of employees","Thousands of dollars",89,"...","Transportation and utilities",2400120,2572340,2723096,2772241,2906808,3057518,3100429,3211855,3392500,3537178,3635590,3619287,3338801,3395081,3656609,3857737,3984114,4097967,4263834,4239418,(NA)
 "05000" ,"Arkansas",5,SAGDP4N,"Compensation of employees","Thousands of dollars",90,"...","Private goods-producing industries 2/",9785517,10310769,10753311,11178678,11201805,11126919,11160269,11623917,11965625,12351432,12578127,12743501,11690449,11808581,11899656,12320230,12128009,12600414,12945232,13071311,(NA)
 "05000" ,"Arkansas",5,SAGDP4N,"Compensation of employees","Thousands of dollars",91,"...","Private services-providing industries 3/",16785100,18158290,19255272,20495119,21513235,22473500,23741014,25274083,26635330,28277265,30211378,30798847,30917678,31464740,32793186,34694681,35864601,37229613,38649289,40116485,(NA)
"Note: See the included footnote file."
"SAGDP4N: Compensation of employees 1/"
"Last updated: November 14, 2018; revised statistics for 1997-2017."
"Source: U.S. Department of Commerce / Bureau of Economic Analysis / Regional Economic Accounts"
