GeoFIPS,GeoName,Region,TableName,ComponentName,Unit,IndustryId,IndustryClassification,Description,1997,1998,1999,2000,2001,2002,2003,2004,2005,2006,2007,2008,2009,2010,2011,2012,2013,2014,2015,2016,2017
 "37000" ,"North Carolina",5,SAGDP5N,"Subsidies","Thousands of dollars",1,"...","All industry total",-727259,-833664,-1143735,-1384869,-1528483,-862633,-1013756,-980494,-1454692,-1170856,-1117735,-1098717,-1296185,-1259542,-1287596,-1333574,-1314639,-1299255,-1276032,-1368931,(NA)
 "37000" ,"North Carolina",5,SAGDP5N,"Subsidies","Thousands of dollars",2,"..."," Private industries",-562338,-684709,-978352,-1210657,-1331646,-628762,-759998,-708177,-1174854,-892378,-830839,-796071,-970003,-952666,-943734,-920755,-876981,-842357,-836461,-896347,(NA)
 "37000" ,"North Carolina",5,SAGDP5N,"Subsidies","Thousands of dollars",3,"11","  Agriculture, forestry, fishing, and hunting",-273284,-383372,-659257,-899018,-913479,-295557,-360592,-336813,-706973,-460307,-295251,-285120,-323093,-302363,-179842,-223471,-213304,-224329,-252281,-307297,(NA)
 "37000" ,"North Carolina",5,SAGDP5N,"Subsidies","Thousands of dollars",4,"111-112","   Farms",-273284,-383372,-659257,-899018,-913479,-295557,-360592,-336813,-706973,-460307,-295251,-285120,-323093,-302363,-179842,-223471,-213304,-224329,-252281,-307297,(NA)
 "37000" ,"North Carolina",5,SAGDP5N,"Subsidies","Thousands of dollars",5,"113-115","   Forestry, fishing, and related activities",0,0,0,0,0,0,0,0,0,0,0,0,0,0,0,0,0,0,0,0,(NA)
 "37000" ,"North Carolina",5,SAGDP5N,"Subsidies","Thousands of dollars",6,"21","  Mining, quarrying, and oil and gas extraction",0,0,0,0,0,0,0,0,0,0,0,0,0,0,0,0,0,0,0,0,(NA)
 "37000" ,"North Carolina",5,SAGDP5N,"Subsidies","Thousands of dollars",7,"211","   Oil and gas extraction",0,0,0,0,0,0,0,0,0,0,0,0,0,0,0,0,0,0,0,0,(NA)
 "37000" ,"North Carolina",5,SAGDP5N,"Subsidies","Thousands of dollars",8,"212","   Mining (except oil and gas)",0,0,0,0,0,0,0,0,0,0,0,0,0,0,0,0,0,0,0,0,(NA)
 "37000" ,"North Carolina",5,SAGDP5N,"Subsidies","Thousands of dollars",9,"213","   Support activities for mining",0,0,0,0,0,0,0,0,0,0,0,0,0,0,0,0,0,0,0,0,(NA)
 "37000" ,"North Carolina",5,SAGDP5N,"Subsidies","Thousands of dollars",10,"22","  Utilities",0,0,0,0,0,0,0,0,0,0,0,0,0,0,0,0,0,0,0,0,(NA)
 "37000" ,"North Carolina",5,SAGDP5N,"Subsidies","Thousands of dollars",11,"23","  Construction",0,0,0,0,0,0,0,0,0,0,0,0,0,0,0,0,0,0,0,0,(NA)
 "37000" ,"North Carolina",5,SAGDP5N,"Subsidies","Thousands of dollars",12,"31-33","  Manufacturing",0,0,0,0,0,0,0,0,0,-1681,-734,-8289,-24851,-74605,-102921,-63340,-31948,-25210,-22229,-18059,(NA)
 "37000" ,"North Carolina",5,SAGDP5N,"Subsidies","Thousands of dollars",13,"321,327-339","   Durable goods manufacturing",0,0,0,0,0,0,0,0,0,0,0,-7584,-22609,-72059,-89909,-58848,-27091,-20266,-19325,-16674,(NA)
 "37000" ,"North Carolina",5,SAGDP5N,"Subsidies","Thousands of dollars",14,"321","    Wood product manufacturing",0,0,0,0,0,0,0,0,0,0,0,0,0,0,0,0,0,0,0,0,(NA)
 "37000" ,"North Carolina",5,SAGDP5N,"Subsidies","Thousands of dollars",15,"327","    Nonmetallic mineral product manufacturing",0,0,0,0,0,0,0,0,0,0,0,0,0,0,0,0,0,0,0,0,(NA)
 "37000" ,"North Carolina",5,SAGDP5N,"Subsidies","Thousands of dollars",16,"331","    Primary metal manufacturing",0,0,0,0,0,0,0,0,0,0,0,0,0,0,0,0,0,0,0,0,(NA)
 "37000" ,"North Carolina",5,SAGDP5N,"Subsidies","Thousands of dollars",17,"332","    Fabricated metal product manufacturing",0,0,0,0,0,0,0,0,0,0,0,0,0,0,0,0,0,0,0,0,(NA)
 "37000" ,"North Carolina",5,SAGDP5N,"Subsidies","Thousands of dollars",18,"333","    Machinery manufacturing",0,0,0,0,0,0,0,0,0,0,0,0,0,0,0,0,0,0,0,0,(NA)
 "37000" ,"North Carolina",5,SAGDP5N,"Subsidies","Thousands of dollars",19,"334","    Computer and electronic product manufacturing",0,0,0,0,0,0,0,0,0,0,0,0,0,0,0,0,0,0,0,0,(NA)
 "37000" ,"North Carolina",5,SAGDP5N,"Subsidies","Thousands of dollars",20,"335","    Electrical equipment, appliance, and component manufacturing",0,0,0,0,0,0,0,0,0,0,0,-7584,-22609,-72059,-89909,-58848,-27091,-20266,-19325,-16674,(NA)
 "37000" ,"North Carolina",5,SAGDP5N,"Subsidies","Thousands of dollars",21,"3361-3363","    Motor vehicles, bodies and trailers, and parts manufacturing",0,0,0,0,0,0,0,0,0,0,0,0,0,0,0,0,0,0,0,0,(NA)
 "37000" ,"North Carolina",5,SAGDP5N,"Subsidies","Thousands of dollars",22,"3364-3369","    Other transportation equipment manufacturing",0,0,0,0,0,0,0,0,0,0,0,0,0,0,0,0,0,0,0,0,(NA)
 "37000" ,"North Carolina",5,SAGDP5N,"Subsidies","Thousands of dollars",23,"337","    Furniture and related product manufacturing",0,0,0,0,0,0,0,0,0,0,0,0,0,0,0,0,0,0,0,0,(NA)
 "37000" ,"North Carolina",5,SAGDP5N,"Subsidies","Thousands of dollars",24,"339","    Miscellaneous manufacturing",0,0,0,0,0,0,0,0,0,0,0,0,0,0,0,0,0,0,0,0,(NA)
 "37000" ,"North Carolina",5,SAGDP5N,"Subsidies","Thousands of dollars",25,"311-316,322-326","   Nondurable goods manufacturing",0,0,0,0,0,0,0,0,0,-1681,-734,-704,-2241,-2546,-13012,-4492,-4857,-4944,-2903,-1384,(NA)
 "37000" ,"North Carolina",5,SAGDP5N,"Subsidies","Thousands of dollars",26,"311-312","    Food and beverage and tobacco products manufacturing",0,0,0,0,0,0,0,0,0,0,0,0,0,0,0,0,0,0,0,0,(NA)
 "37000" ,"North Carolina",5,SAGDP5N,"Subsidies","Thousands of dollars",27,"313-314","    Textile mills and textile product mills",0,0,0,0,0,0,0,0,0,-1681,-734,-704,-950,-878,-779,-837,-773,-738,-1487,0,(NA)
 "37000" ,"North Carolina",5,SAGDP5N,"Subsidies","Thousands of dollars",28,"315-316","    Apparel, leather, and allied product manufacturing",0,0,0,0,0,0,0,0,0,0,0,0,0,0,0,0,0,0,0,0,(NA)
 "37000" ,"North Carolina",5,SAGDP5N,"Subsidies","Thousands of dollars",29,"322","    Paper manufacturing",0,0,0,0,0,0,0,0,0,0,0,0,0,0,0,0,0,0,0,0,(NA)
 "37000" ,"North Carolina",5,SAGDP5N,"Subsidies","Thousands of dollars",30,"323","    Printing and related support activities",0,0,0,0,0,0,0,0,0,0,0,0,0,0,0,0,0,0,0,0,(NA)
 "37000" ,"North Carolina",5,SAGDP5N,"Subsidies","Thousands of dollars",31,"324","    Petroleum and coal products manufacturing",0,0,0,0,0,0,0,0,0,0,0,0,-89,-416,-117,-622,-89,-353,-156,-226,(NA)
 "37000" ,"North Carolina",5,SAGDP5N,"Subsidies","Thousands of dollars",32,"325","    Chemical manufacturing",0,0,0,0,0,0,0,0,0,0,0,0,-1202,-1252,-12117,-3033,-3994,-3854,-1261,-1159,(NA)
 "37000" ,"North Carolina",5,SAGDP5N,"Subsidies","Thousands of dollars",33,"326","    Plastics and rubber products manufacturing",0,0,0,0,0,0,0,0,0,0,0,0,0,0,0,0,0,0,0,0,(NA)
 "37000" ,"North Carolina",5,SAGDP5N,"Subsidies","Thousands of dollars",34,"42","  Wholesale trade",0,0,0,0,0,0,0,0,0,0,0,0,0,0,0,0,0,0,0,0,(NA)
 "37000" ,"North Carolina",5,SAGDP5N,"Subsidies","Thousands of dollars",35,"44-45","  Retail trade",0,0,0,0,0,0,0,0,0,0,0,0,-83098,-8956,-85,-2,0,0,0,0,(NA)
 "37000" ,"North Carolina",5,SAGDP5N,"Subsidies","Thousands of dollars",36,"48-49","  Transportation and warehousing",-15593,-11465,-13132,-14129,-126826,-29612,-69400,-19077,-21291,-32592,-24310,-31281,-44514,-49787,-43208,-40602,-36200,-33993,-34697,-33743,(NA)
 "37000" ,"North Carolina",5,SAGDP5N,"Subsidies","Thousands of dollars",37,"481","   Air transportation",-440,22,0,-22,-110734,-3524,-55389,-374,-1349,-2048,-2065,-3105,-3760,-4526,-5195,-5694,-5158,-4828,-5288,-5404,(NA)
 "37000" ,"North Carolina",5,SAGDP5N,"Subsidies","Thousands of dollars",38,"482","   Rail transportation",-13126,-10479,-12585,-12735,-11042,-14308,-12652,-15760,-18190,-19594,-17035,-23161,-31025,-41502,-34169,-28365,-29390,-28407,-29288,-28123,(NA)
 "37000" ,"North Carolina",5,SAGDP5N,"Subsidies","Thousands of dollars",39,"483","   Water transportation",-2026,-1008,-548,-1372,-5050,-11780,-1264,-2317,-1169,-9383,-4816,-4607,-9560,-3759,-3843,-6544,-1653,-758,-120,-216,(NA)
 "37000" ,"North Carolina",5,SAGDP5N,"Subsidies","Thousands of dollars",40,"484","   Truck transportation",0,0,0,0,0,0,-94,-625,-583,-1566,-394,-408,-167,0,0,0,0,0,0,0,(NA)
 "37000" ,"North Carolina",5,SAGDP5N,"Subsidies","Thousands of dollars",41,"485","   Transit and ground passenger transportation",0,0,0,0,0,0,0,0,0,0,0,0,0,0,0,0,0,0,0,0,(NA)
 "37000" ,"North Carolina",5,SAGDP5N,"Subsidies","Thousands of dollars",42,"486","   Pipeline transportation",0,0,0,0,0,0,0,0,0,0,0,0,0,0,0,0,0,0,0,0,(NA)
 "37000" ,"North Carolina",5,SAGDP5N,"Subsidies","Thousands of dollars",43,"487-488, 492","   Other transportation and support activities",0,0,0,0,0,0,0,0,0,0,0,0,0,0,0,0,0,0,0,0,(NA)
 "37000" ,"North Carolina",5,SAGDP5N,"Subsidies","Thousands of dollars",44,"493","   Warehousing and storage",0,0,0,0,0,0,0,0,0,0,0,0,0,0,0,0,0,0,0,0,(NA)
 "37000" ,"North Carolina",5,SAGDP5N,"Subsidies","Thousands of dollars",45,"51","  Information",0,0,0,0,0,0,0,0,0,0,0,0,-875,-2588,-11601,-16972,-9223,-2223,-2299,139,(NA)
 "37000" ,"North Carolina",5,SAGDP5N,"Subsidies","Thousands of dollars",46,"511","   Publishing industries (except Internet)",0,0,0,0,0,0,0,0,0,0,0,0,0,0,0,0,0,0,0,0,(NA)
 "37000" ,"North Carolina",5,SAGDP5N,"Subsidies","Thousands of dollars",47,"512","   Motion picture and sound recording industries",0,0,0,0,0,0,0,0,0,0,0,0,0,0,0,0,0,0,0,0,(NA)
 "37000" ,"North Carolina",5,SAGDP5N,"Subsidies","Thousands of dollars",48,"515, 517","   Broadcasting (except Internet) and telecommunications",0,0,0,0,0,0,0,0,0,0,0,0,-875,-2588,-11601,-16972,-9223,-2223,-2299,139,(NA)
 "37000" ,"North Carolina",5,SAGDP5N,"Subsidies","Thousands of dollars",49,"518, 519","   Data processing, hosting, and other information services",0,0,0,0,0,0,0,0,0,0,0,0,0,0,0,0,0,0,0,0,(NA)
 "37000" ,"North Carolina",5,SAGDP5N,"Subsidies","Thousands of dollars",50,"52, 53","  Finance, insurance, real estate, rental, and leasing",-273461,-289871,-305962,-297511,-291341,-303593,-330006,-352288,-446590,-397798,-510544,-471381,-493573,-502272,-509776,-518150,-513867,-490429,-486688,-514768,(NA)
 "37000" ,"North Carolina",5,SAGDP5N,"Subsidies","Thousands of dollars",51,"52","   Finance and insurance",-389,-579,-2563,-2785,-5003,-7997,-3690,-3821,-7241,-3520,-2799,-12376,-24890,-38484,-36254,-50763,-37015,-48491,-36699,-30323,(NA)
 "37000" ,"North Carolina",5,SAGDP5N,"Subsidies","Thousands of dollars",52,"521-522","    Monetary Authorities- central bank, credit intermediation, and related services",-389,-579,-2563,-2785,-5003,-7997,-3690,-3821,-7241,-3520,-2799,-12376,-24890,-38484,-36254,-50763,-37015,-48491,-36699,-30323,(NA)
 "37000" ,"North Carolina",5,SAGDP5N,"Subsidies","Thousands of dollars",53,"523","    Securities, commodity contracts, and other financial investments and related activities",0,0,0,0,0,0,0,0,0,0,0,0,0,0,0,0,0,0,0,0,(NA)
 "37000" ,"North Carolina",5,SAGDP5N,"Subsidies","Thousands of dollars",54,"524","    Insurance carriers and related activities",0,0,0,0,0,0,0,0,0,0,0,0,0,0,0,0,0,0,0,0,(NA)
 "37000" ,"North Carolina",5,SAGDP5N,"Subsidies","Thousands of dollars",55,"525","    Funds, trusts, and other financial vehicles",0,0,0,0,0,0,0,0,0,0,0,0,0,0,0,0,0,0,0,0,(NA)
 "37000" ,"North Carolina",5,SAGDP5N,"Subsidies","Thousands of dollars",56,"53","   Real estate and rental and leasing",-273072,-289293,-303399,-294726,-286338,-295596,-326316,-348466,-439348,-394278,-507745,-459005,-468683,-463788,-473522,-467387,-476853,-441937,-449989,-484444,(NA)
 "37000" ,"North Carolina",5,SAGDP5N,"Subsidies","Thousands of dollars",57,"531","    Real estate",-273072,-289293,-303399,-294726,-286338,-295596,-326316,-348466,-439348,-394278,-507745,-459005,-468683,-463788,-473522,-467387,-476853,-441937,-449989,-484444,(NA)
 "37000" ,"North Carolina",5,SAGDP5N,"Subsidies","Thousands of dollars",58,"532-533","    Rental and leasing services and lessors of nonfinancial intangible assets",0,0,0,0,0,0,0,0,0,0,0,0,0,0,0,0,0,0,0,0,(NA)
 "37000" ,"North Carolina",5,SAGDP5N,"Subsidies","Thousands of dollars",59,"54, 55, 56","  Professional and business services",0,0,0,0,0,0,0,0,0,0,0,0,0,0,0,0,0,0,0,0,(NA)
 "37000" ,"North Carolina",5,SAGDP5N,"Subsidies","Thousands of dollars",60,"54","   Professional, scientific, and technical services",0,0,0,0,0,0,0,0,0,0,0,0,0,0,0,0,0,0,0,0,(NA)
 "37000" ,"North Carolina",5,SAGDP5N,"Subsidies","Thousands of dollars",61,"5411","    Legal services",0,0,0,0,0,0,0,0,0,0,0,0,0,0,0,0,0,0,0,0,(NA)
 "37000" ,"North Carolina",5,SAGDP5N,"Subsidies","Thousands of dollars",62,"5415","    Computer systems design and related services",0,0,0,0,0,0,0,0,0,0,0,0,0,0,0,0,0,0,0,0,(NA)
 "37000" ,"North Carolina",5,SAGDP5N,"Subsidies","Thousands of dollars",63,"5412-5414, 5416-5419","    Miscellaneous professional, scientific, and technical services",0,0,0,0,0,0,0,0,0,0,0,0,0,0,0,0,0,0,0,0,(NA)
 "37000" ,"North Carolina",5,SAGDP5N,"Subsidies","Thousands of dollars",64,"55","   Management of companies and enterprises",0,0,0,0,0,0,0,0,0,0,0,0,0,0,0,0,0,0,0,0,(NA)
 "37000" ,"North Carolina",5,SAGDP5N,"Subsidies","Thousands of dollars",65,"56","   Administrative and support and waste management and remediation services",0,0,0,0,0,0,0,0,0,0,0,0,0,0,0,0,0,0,0,0,(NA)
 "37000" ,"North Carolina",5,SAGDP5N,"Subsidies","Thousands of dollars",66,"561","    Administrative and support services",0,0,0,0,0,0,0,0,0,0,0,0,0,0,0,0,0,0,0,0,(NA)
 "37000" ,"North Carolina",5,SAGDP5N,"Subsidies","Thousands of dollars",67,"562","    Waste management and remediation services",0,0,0,0,0,0,0,0,0,0,0,0,0,0,0,0,0,0,0,0,(NA)
 "37000" ,"North Carolina",5,SAGDP5N,"Subsidies","Thousands of dollars",68,"61, 62","  Educational services, health care, and social assistance",0,0,0,0,0,0,0,0,0,0,0,0,0,-12096,-96302,-58218,-72438,-66173,-38268,-22621,(NA)
 "37000" ,"North Carolina",5,SAGDP5N,"Subsidies","Thousands of dollars",69,"61","   Educational services",0,0,0,0,0,0,0,0,0,0,0,0,0,0,0,0,0,0,0,0,(NA)
 "37000" ,"North Carolina",5,SAGDP5N,"Subsidies","Thousands of dollars",70,"62","   Health care and social assistance",0,0,0,0,0,0,0,0,0,0,0,0,0,-12096,-96302,-58218,-72438,-66173,-38268,-22621,(NA)
 "37000" ,"North Carolina",5,SAGDP5N,"Subsidies","Thousands of dollars",71,"621","    Ambulatory health care services",0,0,0,0,0,0,0,0,0,0,0,0,0,0,0,0,0,0,0,0,(NA)
 "37000" ,"North Carolina",5,SAGDP5N,"Subsidies","Thousands of dollars",72,"622","    Hospitals",0,0,0,0,0,0,0,0,0,0,0,0,0,-12096,-96302,-58218,-72438,-66173,-38268,-22621,(NA)
 "37000" ,"North Carolina",5,SAGDP5N,"Subsidies","Thousands of dollars",73,"623","    Nursing and residential care facilities",0,0,0,0,0,0,0,0,0,0,0,0,0,0,0,0,0,0,0,0,(NA)
 "37000" ,"North Carolina",5,SAGDP5N,"Subsidies","Thousands of dollars",74,"624","    Social assistance",0,0,0,0,0,0,0,0,0,0,0,0,0,0,0,0,0,0,0,0,(NA)
 "37000" ,"North Carolina",5,SAGDP5N,"Subsidies","Thousands of dollars",75,"71, 72","  Arts, entertainment, recreation, accommodation, and food services",0,0,0,0,0,0,0,0,0,0,0,0,0,0,0,0,0,0,0,0,(NA)
 "37000" ,"North Carolina",5,SAGDP5N,"Subsidies","Thousands of dollars",76,"71","   Arts, entertainment, and recreation",0,0,0,0,0,0,0,0,0,0,0,0,0,0,0,0,0,0,0,0,(NA)
 "37000" ,"North Carolina",5,SAGDP5N,"Subsidies","Thousands of dollars",77,"711-712","    Performing arts, spectator sports, museums, and related activities",0,0,0,0,0,0,0,0,0,0,0,0,0,0,0,0,0,0,0,0,(NA)
 "37000" ,"North Carolina",5,SAGDP5N,"Subsidies","Thousands of dollars",78,"713","    Amusement, gambling, and recreation industries",0,0,0,0,0,0,0,0,0,0,0,0,0,0,0,0,0,0,0,0,(NA)
 "37000" ,"North Carolina",5,SAGDP5N,"Subsidies","Thousands of dollars",79,"72","   Accommodation and food services",0,0,0,0,0,0,0,0,0,0,0,0,0,0,0,0,0,0,0,0,(NA)
 "37000" ,"North Carolina",5,SAGDP5N,"Subsidies","Thousands of dollars",80,"721","    Accommodation",0,0,0,0,0,0,0,0,0,0,0,0,0,0,0,0,0,0,0,0,(NA)
 "37000" ,"North Carolina",5,SAGDP5N,"Subsidies","Thousands of dollars",81,"722","    Food services and drinking places",0,0,0,0,0,0,0,0,0,0,0,0,0,0,0,0,0,0,0,0,(NA)
 "37000" ,"North Carolina",5,SAGDP5N,"Subsidies","Thousands of dollars",82,"81","  Other services (except government and government enterprises)",0,0,0,0,0,0,0,0,0,0,0,0,0,0,0,0,0,0,0,0,(NA)
 "37000" ,"North Carolina",5,SAGDP5N,"Subsidies","Thousands of dollars",83,"..."," Government and government enterprises",-164921,-148955,-165383,-174212,-196838,-233871,-253759,-272317,-279838,-278478,-286896,-302646,-326182,-306875,-343862,-412819,-437659,-456898,-439572,-472584,(NA)
 "37000" ,"North Carolina",5,SAGDP5N,"Subsidies","Thousands of dollars",84,"...","  Federal civilian",-23713,-23079,-24116,-30065,-39821,-39699,-42064,-45196,-46514,-47587,-52095,-74078,-88993,-69338,-87503,-96459,-124482,-136689,-106827,-117452,(NA)
 "37000" ,"North Carolina",5,SAGDP5N,"Subsidies","Thousands of dollars",85,"...","  Military",0,0,0,0,0,0,0,0,0,0,0,0,0,0,0,0,0,0,0,0,(NA)
 "37000" ,"North Carolina",5,SAGDP5N,"Subsidies","Thousands of dollars",86,"...","  State and local",-141208,-125876,-141267,-144146,-157017,-194173,-211694,-227120,-233324,-230891,-234801,-228568,-237190,-237538,-256359,-316360,-313177,-320209,-332744,-355132,(NA)
 "37000" ,"North Carolina",5,SAGDP5N,"Subsidies","Thousands of dollars",87,"11, 21","Natural resources and mining",-273284,-383372,-659257,-899018,-913479,-295557,-360592,-336813,-706973,-460307,-295251,-285120,-323093,-302363,-179842,-223471,-213304,-224329,-252281,-307297,(NA)
 "37000" ,"North Carolina",5,SAGDP5N,"Subsidies","Thousands of dollars",88,"42, 44-45","Trade",0,0,0,0,0,0,0,0,0,0,0,0,-83098,-8956,-85,-2,0,0,0,0,(NA)
 "37000" ,"North Carolina",5,SAGDP5N,"Subsidies","Thousands of dollars",89,"...","Transportation and utilities",-15593,-11465,-13132,-14129,-126826,-29612,-69400,-19077,-21291,-32592,-24310,-31281,-44514,-49787,-43208,-40602,-36200,-33993,-34697,-33743,(NA)
 "37000" ,"North Carolina",5,SAGDP5N,"Subsidies","Thousands of dollars",90,"...","Private goods-producing industries 2/",-273284,-383372,-659257,-899018,-913479,-295557,-360592,-336813,-706973,-461988,-295985,-293409,-347943,-376968,-282763,-286811,-245252,-249539,-274510,-325355,(NA)
 "37000" ,"North Carolina",5,SAGDP5N,"Subsidies","Thousands of dollars",91,"...","Private services-providing industries 3/",-289054,-301336,-319095,-311639,-418167,-333205,-399405,-371364,-467881,-430390,-534854,-502662,-622059,-575699,-660971,-633944,-631729,-592818,-561951,-570992,(NA)
"Note: See the included footnote file."
"SAGDP5N: Subsidies 1/"
"Last updated: November 14, 2018; revised statistics for 1997-2017."
"Source: U.S. Department of Commerce / Bureau of Economic Analysis / Regional Economic Accounts"
