GeoFIPS,GeoName,Region,TableName,ComponentName,Unit,IndustryId,IndustryClassification,Description,1963,1964,1965,1966,1967,1968,1969,1970,1971,1972,1973,1974,1975,1976,1977,1978,1979,1980,1981,1982,1983,1984,1985,1986,1987,1988,1989,1990,1991,1992,1993,1994,1995,1996,1997
 "15000" ,"Hawaii",8,SAGDP3S,"Taxes on production and imports less subsidies","Thousands of dollars",1,"...","All industry total",156685,169081,189604,198104,218324,256876,306170,359811,401028,429684,500216,554262,618105,643701,689285,749349,850919,916546,989602,1044858,1123153,1224425,1281442,1387928,1490830,1798562,1870731,2082105,2229945,2369308,2373726,2637835,2577644,2611981,2697836
 "15000" ,"Hawaii",8,SAGDP3S,"Taxes on production and imports less subsidies","Thousands of dollars",2,"..."," Private industries",157476,169620,190172,198706,218954,257563,307309,361942,403925,433322,504539,560687,629155,658064,706712,770224,873429,949075,1025327,1087529,1172005,1268225,1330343,1433115,1534506,1848990,1923471,2141443,2301704,2455813,2468396,2736013,2687323,2730678,2793315
 "15000" ,"Hawaii",8,SAGDP3S,"Taxes on production and imports less subsidies","Thousands of dollars",3,"A","   Agriculture, forestry, and fishing",-10314,-13284,-14159,-20046,-18074,-21056,-20278,-19963,-15784,-19374,-8551,-2608,-839,136,-3600,-5971,544,-2172,587,-3201,-45217,-27884,-23695,-49538,-68565,-58079,-35651,-28176,-21026,-19098,-34672,-13464,-13654,-10601,-12458
 "15000" ,"Hawaii",8,SAGDP3S,"Taxes on production and imports less subsidies","Thousands of dollars",4,"[01-02]","     Farms",-10382,-13333,-14159,-20046,-18088,-21093,-20320,-20035,-15888,-19482,-8704,-2750,-1003,-70,-4019,-6420,39,-2748,-61,-3923,-45992,-28722,-24521,-50512,-69560,-59216,-36985,-29702,-22846,-21301,-37072,-16199,-16425,-13414,-15290
 "15000" ,"Hawaii",8,SAGDP3S,"Taxes on production and imports less subsidies","Thousands of dollars",5,"[07-09]","     Agricultural services, forestry, and fishing",69,49,0,0,14,37,42,72,104,108,154,142,164,207,419,449,506,577,648,722,775,838,826,974,995,1137,1334,1526,1820,2202,2400,2735,2771,2812,2832
 "15000" ,"Hawaii",8,SAGDP3S,"Taxes on production and imports less subsidies","Thousands of dollars",6,"B","   Mining",167,166,168,162,161,248,365,407,449,393,511,491,11,1,2,0,66,65,139,115,119,108,120,137,160,148,194,232,403,500,548,571,777,815,819
 "15000" ,"Hawaii",8,SAGDP3S,"Taxes on production and imports less subsidies","Thousands of dollars",7,"10","     Metal mining",0,0,0,0,0,0,0,0,0,0,0,0,0,0,0,0,0,0,0,0,0,0,0,0,0,0,0,0,0,0,0,0,0,0,0
 "15000" ,"Hawaii",8,SAGDP3S,"Taxes on production and imports less subsidies","Thousands of dollars",8,"12","     Coal mining",0,0,0,0,0,0,0,0,0,0,0,0,0,0,0,0,0,0,0,0,0,0,0,0,0,0,0,0,0,0,0,0,0,0,0
 "15000" ,"Hawaii",8,SAGDP3S,"Taxes on production and imports less subsidies","Thousands of dollars",9,"13","     Oil and gas extraction",0,0,0,0,0,0,0,0,0,0,0,0,9,0,2,0,8,4,72,41,49,61,72,85,27,21,67,79,69,45,53,77,139,235,283
 "15000" ,"Hawaii",8,SAGDP3S,"Taxes on production and imports less subsidies","Thousands of dollars",10,"14","     Nonmetallic minerals, except fuels",167,166,168,162,161,248,365,407,449,393,511,491,2,1,0,0,58,61,67,74,69,46,48,52,133,126,127,154,334,455,494,494,637,580,536
 "15000" ,"Hawaii",8,SAGDP3S,"Taxes on production and imports less subsidies","Thousands of dollars",11,"C","   Construction",3136,3489,4036,4518,4366,5464,7675,9955,10214,11704,12843,13470,14611,12972,11677,12706,14765,16092,15556,13349,13705,12846,14525,17839,20128,25014,32251,39738,41754,39208,37605,34949,32941,31707,29347
 "15000" ,"Hawaii",8,SAGDP3S,"Taxes on production and imports less subsidies","Thousands of dollars",12,"D","   Manufacturing",9710,9288,10569,10542,10144,11956,11453,12516,14384,12283,13939,14324,18263,14002,12668,12957,13785,11096,9888,10157,10344,13009,13493,16075,14783,15437,15150,16565,19392,20105,15566,16506,15515,13766,14521
 "15000" ,"Hawaii",8,SAGDP3S,"Taxes on production and imports less subsidies","Thousands of dollars",13,"...","     Durable goods manufacturing",1171,461,446,462,492,519,645,819,727,886,828,948,1260,1319,1284,1239,1206,1199,1215,1240,1161,1026,1189,1357,1414,1497,1650,1883,2134,2373,2519,2618,2442,2395,2361
 "15000" ,"Hawaii",8,SAGDP3S,"Taxes on production and imports less subsidies","Thousands of dollars",14,"24","       Lumber and wood products",78,73,59,37,85,107,160,57,49,219,154,142,222,215,135,127,125,128,119,112,90,81,103,99,104,109,121,149,171,182,221,243,246,235,234
 "15000" ,"Hawaii",8,SAGDP3S,"Taxes on production and imports less subsidies","Thousands of dollars",15,"25","       Furniture and fixtures",19,24,16,20,22,22,25,30,31,29,30,32,62,49,42,41,42,44,44,46,55,46,55,66,83,89,112,123,126,110,120,109,103,106,97
 "15000" ,"Hawaii",8,SAGDP3S,"Taxes on production and imports less subsidies","Thousands of dollars",16,"32","       Stone, clay, and glass products",73,81,102,120,113,117,155,289,218,255,291,302,321,382,446,433,447,432,426,464,448,382,466,518,529,557,674,804,936,1014,1021,1066,916,861,796
 "15000" ,"Hawaii",8,SAGDP3S,"Taxes on production and imports less subsidies","Thousands of dollars",17,"33","       Primary metal industries",48,48,50,53,68,71,71,88,95,85,79,104,171,177,137,136,133,143,97,80,64,40,35,35,21,19,18,16,21,36,38,33,24,21,21
 "15000" ,"Hawaii",8,SAGDP3S,"Taxes on production and imports less subsidies","Thousands of dollars",18,"34","       Fabricated metal products",73,56,37,75,99,132,127,217,185,169,131,126,136,105,120,111,113,123,151,172,181,168,163,201,210,194,185,203,197,229,238,242,267,261,261
 "15000" ,"Hawaii",8,SAGDP3S,"Taxes on production and imports less subsidies","Thousands of dollars",19,"35","       Industrial machinery and equipment",108,105,154,125,64,22,42,70,82,76,68,84,110,129,98,95,90,91,94,87,78,87,90,103,101,127,141,157,177,200,216,212,210,204,213
 "15000" ,"Hawaii",8,SAGDP3S,"Taxes on production and imports less subsidies","Thousands of dollars",20,"36","       Electronic and other electric equipment 2/",663,13,2,2,8,6,3,5,6,7,4,24,64,93,80,72,64,63,59,51,43,39,42,59,61,61,36,46,44,66,80,90,112,129,142
 "15000" ,"Hawaii",8,SAGDP3S,"Taxes on production and imports less subsidies","Thousands of dollars",21,"371","       Motor vehicles and equipment",86,35,2,1,2,2,0,2,7,0,7,51,81,51,59,62,36,25,70,55,34,26,29,34,35,32,32,36,39,46,52,57,67,62,67
 "15000" ,"Hawaii",8,SAGDP3S,"Taxes on production and imports less subsidies","Thousands of dollars",22,"372-379","       Other transportation equipment",9,10,13,21,23,34,52,41,21,19,26,30,41,56,74,69,66,66,75,90,90,74,109,125,118,130,150,145,170,174,196,239,231,222,230
 "15000" ,"Hawaii",8,SAGDP3S,"Taxes on production and imports less subsidies","Thousands of dollars",23,"38","       Instruments and related products 2/",9,11,7,5,5,4,9,17,28,19,21,21,25,26,33,30,26,23,23,20,18,16,17,19,27,29,57,63,64,93,106,55,49,41,43
 "15000" ,"Hawaii",8,SAGDP3S,"Taxes on production and imports less subsidies","Thousands of dollars",24,"39","       Miscellaneous manufacturing industries",5,6,4,3,2,3,2,3,4,6,17,32,27,37,59,61,65,60,58,64,60,66,80,100,125,150,124,141,189,223,233,272,216,253,256
 "15000" ,"Hawaii",8,SAGDP3S,"Taxes on production and imports less subsidies","Thousands of dollars",25,"...","     Nondurable goods manufacturing",8539,8827,10123,10080,9652,11437,10808,11697,13657,11398,13111,13376,17003,12683,11385,11718,12579,9897,8673,8917,9183,11982,12303,14717,13369,13940,13500,14682,17258,17732,13047,13888,13073,11370,12160
 "15000" ,"Hawaii",8,SAGDP3S,"Taxes on production and imports less subsidies","Thousands of dollars",26,"20","       Food and kindred products",8282,8576,9801,9757,9329,11070,10278,11007,12861,10422,12042,12229,15722,11213,9758,10185,10951,8152,6664,6616,6970,9535,9502,11522,8651,8526,8032,8354,8828,9537,5250,4828,4803,5318,5814
 "15000" ,"Hawaii",8,SAGDP3S,"Taxes on production and imports less subsidies","Thousands of dollars",27,"21","       Tobacco products",0,0,0,0,0,0,0,0,0,3,0,6,4,4,11,11,9,8,8,7,7,6,7,305,327,353,350,8,7,9,10,9,9,10,10
 "15000" ,"Hawaii",8,SAGDP3S,"Taxes on production and imports less subsidies","Thousands of dollars",28,"22","       Textile mill products",2,1,1,1,1,1,1,1,2,2,2,4,19,26,28,28,32,31,33,39,42,48,61,63,59,61,43,50,47,49,47,47,21,18,19
 "15000" ,"Hawaii",8,SAGDP3S,"Taxes on production and imports less subsidies","Thousands of dollars",29,"23","       Apparel and other textile products",39,40,43,46,52,52,74,91,107,137,136,142,109,91,123,121,124,120,117,117,123,126,151,174,172,169,176,173,170,217,278,314,338,372,414
 "15000" ,"Hawaii",8,SAGDP3S,"Taxes on production and imports less subsidies","Thousands of dollars",30,"26","       Paper and allied products",46,33,30,37,50,54,59,74,88,97,131,131,107,117,139,131,122,118,115,113,105,97,110,127,128,137,144,166,201,225,208,230,227,240,247
 "15000" ,"Hawaii",8,SAGDP3S,"Taxes on production and imports less subsidies","Thousands of dollars",31,"27","       Printing and publishing",66,76,76,80,80,65,100,153,171,154,195,216,316,384,348,350,369,388,413,459,490,551,641,716,735,779,890,1002,1093,1235,1322,1353,1343,1360,1456
 "15000" ,"Hawaii",8,SAGDP3S,"Taxes on production and imports less subsidies","Thousands of dollars",32,"28","       Chemicals and allied products",77,73,55,53,52,71,98,144,204,268,257,256,251,246,191,167,150,190,233,259,273,293,292,294,307,320,321,391,440,528,552,592,643,727,719
 "15000" ,"Hawaii",8,SAGDP3S,"Taxes on production and imports less subsidies","Thousands of dollars",33,"29","       Petroleum and coal products",13,13,96,77,41,76,144,168,183,265,282,343,406,542,746,686,783,854,1049,1268,1137,1286,1495,1467,2941,3543,3480,4461,6386,5830,5263,6397,5564,3192,3331
 "15000" ,"Hawaii",8,SAGDP3S,"Taxes on production and imports less subsidies","Thousands of dollars",34,"30","       Rubber and miscellaneous plastics products",13,13,18,26,45,45,50,56,39,47,63,46,64,55,35,34,36,34,36,36,32,34,38,42,43,46,56,69,77,93,108,109,117,127,145
 "15000" ,"Hawaii",8,SAGDP3S,"Taxes on production and imports less subsidies","Thousands of dollars",35,"31","       Leather and leather products",2,2,2,2,2,2,2,3,3,3,3,4,5,5,6,5,4,3,4,4,4,7,6,7,7,7,7,9,8,8,9,8,8,7,5
 "15000" ,"Hawaii",8,SAGDP3S,"Taxes on production and imports less subsidies","Thousands of dollars",36,"E","   Transportation and public utilities",20516,22077,25232,29213,32711,41252,49840,58834,68296,76672,81979,85424,91376,102665,108919,116487,120864,124915,126592,151472,188327,187438,191671,217931,205688,228736,236504,251673,296968,316209,307658,357210,353817,275515,362664
 "15000" ,"Hawaii",8,SAGDP3S,"Taxes on production and imports less subsidies","Thousands of dollars",37,"...","     Transportation",6782,7667,9500,13051,13674,15370,19279,23860,27610,34031,38513,42032,41807,50436,56302,60530,64237,68995,48919,59003,82182,89282,87500,105378,100461,118889,122411,132765,164828,169977,157405,193902,175846,86492,157385
 "15000" ,"Hawaii",8,SAGDP3S,"Taxes on production and imports less subsidies","Thousands of dollars",38,"40","       Railroad transportation",38,47,88,5,4,4,4,5,3,2,2,2,2,1,0,0,0,0,0,0,0,0,0,0,0,0,0,0,0,0,0,0,0,0,0
 "15000" ,"Hawaii",8,SAGDP3S,"Taxes on production and imports less subsidies","Thousands of dollars",39,"41","       Local and interurban passenger transit",318,326,337,357,382,384,392,424,480,566,634,635,665,745,698,657,666,653,730,1075,1243,1387,1534,1725,1758,1747,1267,1343,1489,1722,1923,2132,2099,2122,2036
 "15000" ,"Hawaii",8,SAGDP3S,"Taxes on production and imports less subsidies","Thousands of dollars",40,"42","       Trucking and warehousing",4995,5227,5856,6507,6457,6135,7198,8537,8223,8705,8746,8303,8486,8166,7670,8427,8717,9063,13308,15995,17207,15370,15797,17616,15846,16534,17573,18657,20297,22327,22884,24923,25589,25837,27305
 "15000" ,"Hawaii",8,SAGDP3S,"Taxes on production and imports less subsidies","Thousands of dollars",41,"44","       Water transportation",-1818,-1969,-1874,-1618,-1853,-1725,-1691,-1644,-2145,-1823,-2229,-1845,-1951,-2239,-2569,-2887,-2121,-1585,-1611,-152,-927,-1045,-1063,-313,-365,-525,-1086,-330,361,1899,635,2577,1733,3560,4934
 "15000" ,"Hawaii",8,SAGDP3S,"Taxes on production and imports less subsidies","Thousands of dollars",42,"45","       Transportation by air",3055,3831,4853,7537,8335,10191,12946,16063,20541,25956,30715,34255,33799,42915,49689,53599,56253,60177,35778,41224,63725,72441,70000,84949,81742,99646,103003,111261,140656,141805,129676,161694,143742,52000,119999
 "15000" ,"Hawaii",8,SAGDP3S,"Taxes on production and imports less subsidies","Thousands of dollars",43,"46","       Pipelines, except natural gas",0,0,0,0,0,0,0,0,0,0,0,0,0,0,0,0,0,0,0,0,0,0,0,0,0,0,0,0,0,0,0,0,0,0,0
 "15000" ,"Hawaii",8,SAGDP3S,"Taxes on production and imports less subsidies","Thousands of dollars",44,"47","       Transportation services",193,205,239,264,349,381,430,474,509,624,645,682,806,848,813,733,722,687,715,860,935,1127,1232,1401,1480,1488,1654,1834,2026,2225,2288,2575,2683,2973,3111
 "15000" ,"Hawaii",8,SAGDP3S,"Taxes on production and imports less subsidies","Thousands of dollars",45,"48","     Communications",6916,7284,8089,8288,11006,16700,20030,22784,25772,25743,25224,24632,26953,28415,28979,29989,29608,28927,38184,43362,53739,50823,54434,58901,56201,59655,60370,61023,66186,70852,70328,68833,66892,65226,70509
 "15000" ,"Hawaii",8,SAGDP3S,"Taxes on production and imports less subsidies","Thousands of dollars",46,"49","     Electric, gas, and sanitary services",6819,7126,7643,7874,8031,9182,10531,12190,14914,16898,18242,18761,22616,23814,23638,25968,27019,26993,39489,49108,52406,47333,49737,53652,49026,50192,53724,57886,65954,75380,79926,94475,111078,123797,134771
 "15000" ,"Hawaii",8,SAGDP3S,"Taxes on production and imports less subsidies","Thousands of dollars",47,"F","   Wholesale trade",57549,59138,64153,68534,73017,82324,90851,101410,107565,113444,121459,117909,123268,123723,130320,141116,148395,145108,157934,151180,187838,209918,214299,238066,253956,383964,306921,331000,354680,372648,381464,411235,408759,424993,420134
 "15000" ,"Hawaii",8,SAGDP3S,"Taxes on production and imports less subsidies","Thousands of dollars",48,"G","   Retail trade",32741,37451,40626,44711,50955,61277,71868,85416,94459,108956,125056,143223,161547,183512,198236,228259,270880,302101,334183,336569,357649,391128,409963,437135,486595,551192,615739,681444,682475,699952,729418,737727,780288,833155,829057
 "15000" ,"Hawaii",8,SAGDP3S,"Taxes on production and imports less subsidies","Thousands of dollars",49,"H","   Finance, insurance, and real estate",28508,33665,40117,41761,44153,50029,63938,77339,80498,79860,96864,119748,141948,129635,154258,158107,178357,208368,230226,267127,283375,288609,301620,326722,342117,365894,383720,436678,495876,560465,561916,691394,574490,580929,570706
 "15000" ,"Hawaii",8,SAGDP3S,"Taxes on production and imports less subsidies","Thousands of dollars",50,"60","     Depository institutions 3/",130,113,79,89,60,160,244,511,594,659,560,691,767,877,1014,1106,1160,1331,1532,1945,2089,2192,2491,2873,4827,5338,6119,6669,7568,8797,9658,10489,9876,9976,10304
 "15000" ,"Hawaii",8,SAGDP3S,"Taxes on production and imports less subsidies","Thousands of dollars",51,"61","     Nondepository institutions 3/",579,613,666,714,831,1226,1304,1387,1522,2032,2546,2578,2184,2308,1822,1903,1875,2024,2268,2706,2668,3076,3654,4645,2800,3054,3842,4385,4613,5749,7328,8366,8362,9077,9549
 "15000" ,"Hawaii",8,SAGDP3S,"Taxes on production and imports less subsidies","Thousands of dollars",52,"62","     Security and commodity brokers",206,208,202,232,252,291,272,185,192,200,150,128,122,126,108,124,347,655,872,1163,1103,1105,1019,1234,1188,1573,2128,2214,1873,2022,2652,4001,4684,5481,7122
 "15000" ,"Hawaii",8,SAGDP3S,"Taxes on production and imports less subsidies","Thousands of dollars",53,"63","     Insurance carriers",2800,3788,4197,4983,5116,6007,7603,8046,10319,11052,12158,12259,13104,14123,15624,17644,20274,25602,27231,30416,30709,31160,33343,40497,40748,43761,38071,42589,50198,66176,75869,177020,74112,90612,83673
 "15000" ,"Hawaii",8,SAGDP3S,"Taxes on production and imports less subsidies","Thousands of dollars",54,"64","     Insurance agents, brokers, and services",679,626,687,707,766,908,889,962,1005,1155,1111,1177,1351,1556,850,942,677,748,662,619,635,630,548,606,677,752,923,992,1284,1517,2250,1790,1879,1939,2139
 "15000" ,"Hawaii",8,SAGDP3S,"Taxes on production and imports less subsidies","Thousands of dollars",55,"65","     Real estate",23631,27581,33556,34245,36376,40947,53293,66064,66703,64574,79965,102415,123765,110072,134140,135682,153073,173643,189299,225130,242361,246940,257876,274824,289837,309784,330440,377303,428242,473280,461197,487169,473016,461248,454572
 "15000" ,"Hawaii",8,SAGDP3S,"Taxes on production and imports less subsidies","Thousands of dollars",56,"67","     Holding and other investment offices",483,736,730,791,752,491,331,183,163,187,375,499,656,574,699,706,952,4364,8363,5148,3810,3504,2690,2043,2039,1631,2197,2524,2097,2926,2961,2560,2561,2596,3347
 "15000" ,"Hawaii",8,SAGDP3S,"Taxes on production and imports less subsidies","Thousands of dollars",57,"I","   Services",15462,17629,19430,19311,21521,26069,31597,36028,43846,49384,60439,68705,78970,91418,94231,106561,125772,143502,150221,160762,175865,193053,208348,228748,279644,336685,368641,412290,431182,465824,468893,499886,534391,580400,578526
 "15000" ,"Hawaii",8,SAGDP3S,"Taxes on production and imports less subsidies","Thousands of dollars",58,"70","     Hotels and other lodging places",2807,3422,3839,4295,5103,7502,9723,11320,15226,17741,21751,23851,28854,35881,36279,40347,50106,52642,56815,63742,67168,75003,85282,91999,127282,165277,175762,189585,187154,209002,198617,221734,241652,274169,276496
 "15000" ,"Hawaii",8,SAGDP3S,"Taxes on production and imports less subsidies","Thousands of dollars",59,"72","     Personal services",850,934,1013,1081,1137,1333,1522,1885,2309,2711,2879,2992,3176,3329,3331,3596,4086,4768,4740,4864,5365,5893,6370,6990,7303,7974,8548,10242,10873,11168,12459,12650,13145,13334,13318
 "15000" ,"Hawaii",8,SAGDP3S,"Taxes on production and imports less subsidies","Thousands of dollars",60,"73","     Business services 4/",841,1027,1134,1173,1521,1693,2225,2912,3376,4116,4706,5560,6235,7239,6757,7743,9891,12733,13162,13961,16399,17820,18999,21811,23021,23300,26706,32197,32754,31372,30307,30463,30945,31947,33803
 "15000" ,"Hawaii",8,SAGDP3S,"Taxes on production and imports less subsidies","Thousands of dollars",61,"75","     Automotive repair, services, and parking",641,666,742,817,832,1020,1325,1627,1832,2021,2500,2934,3595,4085,5093,5731,6619,7465,7713,8190,9341,10146,10610,11401,13502,16795,18302,19969,21759,23167,25843,28759,31389,32077,32459
 "15000" ,"Hawaii",8,SAGDP3S,"Taxes on production and imports less subsidies","Thousands of dollars",62,"76","     Miscellaneous repair services",104,102,121,131,149,230,360,536,731,881,1045,998,1026,1103,1083,1242,1622,2021,1747,1633,2043,2298,1946,2266,2371,3007,3221,3541,4061,3975,4545,4203,4472,4287,4310
 "15000" ,"Hawaii",8,SAGDP3S,"Taxes on production and imports less subsidies","Thousands of dollars",63,"78","     Motion pictures",427,605,768,393,434,607,995,810,993,1496,1843,1400,1528,1168,1059,1126,1337,1216,1238,1332,1395,1910,1694,1943,2146,2447,3129,3470,3604,4165,4288,6198,4816,5022,5164
 "15000" ,"Hawaii",8,SAGDP3S,"Taxes on production and imports less subsidies","Thousands of dollars",64,"79","     Amusement and recreation services",5634,6754,7365,6417,7049,7905,8895,9387,10370,10040,11474,13301,14191,14077,12015,13731,14878,17150,17439,17547,19892,21618,22782,24099,25962,29210,32365,36691,39583,44502,45012,45015,49236,50386,46871
 "15000" ,"Hawaii",8,SAGDP3S,"Taxes on production and imports less subsidies","Thousands of dollars",65,"80","     Health services",2617,2699,2838,3177,3406,3785,4259,4846,5852,6577,7488,8613,9950,12484,13061,15278,16789,20512,21669,23118,25033,26910,27767,30920,35683,40456,45055,51200,58202,61298,65707,68787,73504,79614,78418
 "15000" ,"Hawaii",8,SAGDP3S,"Taxes on production and imports less subsidies","Thousands of dollars",66,"81","     Legal services",539,462,513,573,618,692,634,694,725,896,1183,1287,1312,1443,1660,1818,2266,3064,3304,3756,4323,5153,5525,6082,6414,6944,7054,8517,8744,8349,8901,8765,8809,9411,9678
 "15000" ,"Hawaii",8,SAGDP3S,"Taxes on production and imports less subsidies","Thousands of dollars",67,"82","     Educational services",99,24,0,0,0,0,58,188,417,630,1329,1758,1817,2564,3045,3504,4201,5198,5547,5995,6799,7491,7519,8427,9177,9700,10468,11764,13940,14910,16446,17124,18887,21148,21059
 "15000" ,"Hawaii",8,SAGDP3S,"Taxes on production and imports less subsidies","Thousands of dollars",68,"83","     Social services",159,163,161,192,190,188,307,314,398,414,1201,2317,2339,1979,2657,3273,3565,4269,4262,4335,5032,5376,5844,6477,7372,7525,9017,10827,12931,14738,16790,18141,19233,19995,20174
 "15000" ,"Hawaii",8,SAGDP3S,"Taxes on production and imports less subsidies","Thousands of dollars",69,"86","     Membership organizations",153,157,184,236,276,261,326,405,471,624,1165,1669,2488,3317,4054,4550,4896,5647,5625,5540,5737,5803,5903,6446,6498,6414,6975,7857,9148,9450,10302,9918,10096,10697,10065
 "15000" ,"Hawaii",8,SAGDP3S,"Taxes on production and imports less subsidies","Thousands of dollars",70,"84, 87, 89","     Other services 4/",592,612,753,826,807,855,965,1104,1145,1237,1875,2025,2461,2748,4136,4622,5517,6815,6960,6748,7338,7634,8107,9888,12912,17634,22040,26430,28428,29728,29676,28129,28206,28313,26710
 "15000" ,"Hawaii",8,SAGDP3S,"Taxes on production and imports less subsidies","Thousands of dollars",71,"88","     Private households",0,0,0,0,0,0,0,0,0,0,0,0,0,0,0,0,0,0,0,0,0,0,0,0,0,0,0,0,0,0,0,0,0,0,0
 "15000" ,"Hawaii",8,SAGDP3S,"Taxes on production and imports less subsidies","Thousands of dollars",72,"..."," Government and government enterprises",-791,-539,-568,-602,-630,-687,-1139,-2131,-2898,-3638,-4324,-6425,-11050,-14362,-17427,-20875,-22510,-32529,-35725,-42671,-48853,-43800,-48902,-45186,-43676,-50428,-52739,-59339,-71759,-86506,-94671,-98178,-109679,-118697,-95480
 "15000" ,"Hawaii",8,SAGDP3S,"Taxes on production and imports less subsidies","Thousands of dollars",73,"...","   Federal civilian",0,0,0,0,0,0,0,0,0,0,0,0,0,0,0,0,0,0,-4,-20,-31,-26,-36,-34,-33,-46,-72,-68,-63,-77,-85,-95,-717,-492,-594
 "15000" ,"Hawaii",8,SAGDP3S,"Taxes on production and imports less subsidies","Thousands of dollars",74,"...","   Military",0,0,0,0,0,0,0,0,0,0,0,0,0,0,0,0,0,0,0,0,0,0,0,0,0,0,0,0,0,0,0,0,0,0,0
 "15000" ,"Hawaii",8,SAGDP3S,"Taxes on production and imports less subsidies","Thousands of dollars",75,"...","   State and local",-791,-539,-568,-602,-630,-687,-1139,-2131,-2898,-3638,-4324,-6425,-11050,-14362,-17427,-20875,-22510,-32529,-35721,-42651,-48822,-43774,-48866,-45152,-43643,-50382,-52667,-59271,-71696,-86429,-94586,-98083,-108962,-118205,-94886
 "15000" ,"Hawaii",8,SAGDP3S,"Taxes on production and imports less subsidies","Thousands of dollars",76,"36, 38"," Electronic equipment and instruments 5/",672,23,9,8,13,10,12,22,34,26,25,45,90,119,113,102,89,86,82,72,61,55,59,78,88,90,94,109,108,159,185,145,162,170,185
 "15000" ,"Hawaii",8,SAGDP3S,"Taxes on production and imports less subsidies","Thousands of dollars",77,"60, 61"," Depository and nondepository institutions 6/",709,726,746,803,892,1386,1549,1899,2116,2692,3105,3269,2951,3185,2836,3009,3035,3355,3800,4651,4757,5268,6145,7518,7628,8392,9961,11055,12181,14545,16987,18855,18238,19053,19853
 "15000" ,"Hawaii",8,SAGDP3S,"Taxes on production and imports less subsidies","Thousands of dollars",78,"73, 84, 87, 89"," Business services and other services 7/",1433,1639,1887,1999,2328,2547,3190,4017,4521,5353,6581,7585,8696,9988,10893,12364,15408,19548,20122,20709,23736,25453,27106,31698,35933,40934,48746,58627,61183,61100,59984,58593,59151,60260,60514
"Note: See the included footnote file."
"SAGDP3S: Taxes on production and imports less subsidies 1/"
"Last updated: November 24, 2010."
"Source: U.S. Department of Commerce / Bureau of Economic Analysis / Regional Economic Accounts"
