GeoFIPS,GeoName,Region,TableName,ComponentName,Unit,IndustryId,IndustryClassification,Description,1998,1999,2000,2001,2002,2003,2004,2005,2006,2007,2008,2009,2010,2011,2012,2013,2014,2015,2016,2017
 "51000" ,"Virginia",5,SAGDP11N,"Contributions to percent change in real GDP","Percent change",1,"...","All industry total (percent change)",5.2,4.7,4.2,3.6,1.0,3.8,4.6,5.5,2.1,0.8,-0.3,-0.1,2.7,1.0,0.8,0.4,-0.2,1.9,0.2,1.8
 "51000" ,"Virginia",5,SAGDP11N,"Contributions to percent change in real GDP","Percentage points",2,"..."," Private industries",5.10,4.49,3.78,3.57,0.57,3.42,3.94,5.16,1.92,0.39,-0.70,-0.22,2.54,0.97,0.67,0.54,-0.23,1.69,0.08,1.71
 "51000" ,"Virginia",5,SAGDP11N,"Contributions to percent change in real GDP","Percentage points",3,"11","  Agriculture, forestry, fishing, and hunting",0.03,0.00,0.12,-0.06,-0.03,-0.03,0.10,0.04,-0.03,-0.09,0.02,0.07,-0.05,0.00,-0.03,0.05,0.03,0.02,-0.01,-0.02
 "51000" ,"Virginia",5,SAGDP11N,"Contributions to percent change in real GDP","Percentage points",4,"111-112","   Farms",0.02,-0.01,0.12,-0.06,-0.02,-0.04,0.10,0.05,-0.04,-0.08,0.02,0.07,-0.04,0.00,-0.04,0.05,0.02,0.01,-0.01,(NA)
 "51000" ,"Virginia",5,SAGDP11N,"Contributions to percent change in real GDP","Percentage points",5,"113-115","   Forestry, fishing, and related activities",0.01,0.01,0.01,0.00,0.00,0.01,0.00,-0.01,0.01,-0.01,0.00,0.00,-0.01,0.00,0.01,0.00,0.00,0.01,0.00,(NA)
 "51000" ,"Virginia",5,SAGDP11N,"Contributions to percent change in real GDP","Percentage points",6,"21","  Mining, quarrying, and oil and gas extraction",0.06,0.00,0.01,0.03,-0.04,0.02,0.03,-0.04,0.07,-0.06,0.01,-0.12,0.04,-0.05,-0.08,-0.08,0.02,-0.04,-0.05,0.13
 "51000" ,"Virginia",5,SAGDP11N,"Contributions to percent change in real GDP","Percentage points",7,"211","   Oil and gas extraction",0.00,0.00,-0.01,0.00,0.00,0.00,0.03,-0.04,0.00,0.00,0.00,0.02,-0.01,-0.01,0.00,0.00,0.01,0.01,0.00,(NA)
 "51000" ,"Virginia",5,SAGDP11N,"Contributions to percent change in real GDP","Percentage points",8,"212","   Mining (except oil and gas)",0.06,0.00,0.02,0.02,-0.04,0.02,0.00,-0.01,0.04,-0.06,0.01,-0.12,0.05,-0.04,-0.06,-0.07,0.02,-0.04,-0.04,(NA)
 "51000" ,"Virginia",5,SAGDP11N,"Contributions to percent change in real GDP","Percentage points",9,"213","   Support activities for mining",0.00,0.00,0.00,0.01,0.00,0.00,0.01,0.01,0.03,0.00,0.00,-0.02,0.00,0.00,-0.01,-0.01,0.00,0.00,-0.01,(NA)
 "51000" ,"Virginia",5,SAGDP11N,"Contributions to percent change in real GDP","Percentage points",10,"22","  Utilities",-0.08,0.26,-0.01,-0.26,0.04,-0.08,0.08,-0.08,0.06,0.02,0.10,0.05,0.21,0.02,-0.02,-0.06,-0.08,0.05,0.07,-0.03
 "51000" ,"Virginia",5,SAGDP11N,"Contributions to percent change in real GDP","Percentage points",11,"23","  Construction",0.01,0.19,0.39,0.05,-0.11,0.19,0.51,0.02,-0.33,-0.48,-0.60,-0.67,-0.15,0.08,0.25,0.05,-0.18,0.06,-0.04,-0.01
 "51000" ,"Virginia",5,SAGDP11N,"Contributions to percent change in real GDP","Percentage points",12,"31-33","  Manufacturing",0.57,0.55,1.26,0.80,-1.40,0.07,0.12,0.29,0.08,-0.15,-0.41,0.53,0.52,-0.15,-0.30,0.11,-0.56,0.06,-0.31,0.36
 "51000" ,"Virginia",5,SAGDP11N,"Contributions to percent change in real GDP","Percentage points",13,"321,327-339","   Durable goods manufacturing",0.65,-0.15,0.76,0.50,-0.24,0.45,0.25,0.22,0.05,0.14,-0.19,-0.29,0.25,0.13,-0.23,0.19,-0.09,0.12,-0.15,0.11
 "51000" ,"Virginia",5,SAGDP11N,"Contributions to percent change in real GDP","Percentage points",14,"321","    Wood product manufacturing",0.00,0.01,0.13,-0.02,-0.08,0.02,-0.04,0.06,0.01,0.00,-0.02,-0.04,0.04,0.01,0.02,0.01,-0.05,0.04,0.01,(NA)
 "51000" ,"Virginia",5,SAGDP11N,"Contributions to percent change in real GDP","Percentage points",15,"327","    Nonmetallic mineral product manufacturing",-0.01,0.01,0.00,0.04,0.01,-0.01,0.02,0.01,-0.03,0.02,0.01,-0.02,-0.02,0.01,-0.02,0.04,-0.01,-0.01,0.01,(NA)
 "51000" ,"Virginia",5,SAGDP11N,"Contributions to percent change in real GDP","Percentage points",16,"331","    Primary metal manufacturing",0.02,0.07,0.02,-0.01,-0.03,-0.03,-0.02,0.02,-0.02,0.00,0.03,0.03,-0.06,-0.02,0.00,0.03,-0.01,0.03,0.01,(NA)
 "51000" ,"Virginia",5,SAGDP11N,"Contributions to percent change in real GDP","Percentage points",17,"332","    Fabricated metal product manufacturing",-0.01,0.00,0.02,-0.03,0.10,0.07,0.04,-0.09,0.04,0.00,-0.04,-0.08,0.05,0.01,-0.02,0.02,0.01,-0.02,0.00,(NA)
 "51000" ,"Virginia",5,SAGDP11N,"Contributions to percent change in real GDP","Percentage points",18,"333","    Machinery manufacturing",0.05,-0.01,-0.01,0.02,-0.04,0.14,-0.04,0.06,0.01,0.01,0.03,0.07,0.12,-0.05,-0.20,0.06,-0.06,0.04,-0.12,(NA)
 "51000" ,"Virginia",5,SAGDP11N,"Contributions to percent change in real GDP","Percentage points",19,"334","    Computer and electronic product manufacturing",0.37,0.00,0.38,0.49,-0.27,0.14,0.29,-0.05,0.08,0.05,0.02,0.03,0.09,-0.06,0.02,0.00,0.13,-0.07,0.02,(NA)
 "51000" ,"Virginia",5,SAGDP11N,"Contributions to percent change in real GDP","Percentage points",20,"335","    Electrical equipment, appliance, and component manufacturing",-0.15,0.03,0.02,0.00,-0.02,-0.01,-0.06,-0.01,0.07,0.08,0.03,-0.08,-0.03,-0.01,0.00,-0.03,0.00,0.01,-0.02,(NA)
 "51000" ,"Virginia",5,SAGDP11N,"Contributions to percent change in real GDP","Percentage points",21,"3361-3363","    Motor vehicles, bodies and trailers, and parts manufacturing",0.31,-0.21,0.01,-0.02,0.03,0.19,0.07,0.06,-0.04,-0.02,-0.23,-0.17,0.11,0.12,0.01,-0.01,0.01,0.00,-0.04,(NA)
 "51000" ,"Virginia",5,SAGDP11N,"Contributions to percent change in real GDP","Percentage points",22,"3364-3369","    Other transportation equipment manufacturing",0.07,-0.05,0.08,0.07,0.11,-0.05,-0.03,0.16,-0.09,0.05,0.05,0.03,-0.05,0.12,-0.02,0.04,-0.15,0.07,-0.04,(NA)
 "51000" ,"Virginia",5,SAGDP11N,"Contributions to percent change in real GDP","Percentage points",23,"337","    Furniture and related product manufacturing",0.00,-0.02,0.03,0.00,-0.04,-0.01,0.02,0.02,0.01,-0.04,-0.07,-0.05,-0.02,0.00,-0.01,0.01,0.02,0.01,0.02,(NA)
 "51000" ,"Virginia",5,SAGDP11N,"Contributions to percent change in real GDP","Percentage points",24,"339","    Miscellaneous manufacturing",0.02,0.01,0.08,-0.02,-0.02,-0.01,-0.01,0.00,0.01,0.00,0.01,-0.01,0.02,0.00,-0.02,0.00,0.00,0.01,0.01,(NA)
 "51000" ,"Virginia",5,SAGDP11N,"Contributions to percent change in real GDP","Percentage points",25,"311-316,322-326","   Nondurable goods manufacturing",-0.08,0.71,0.50,0.30,-1.16,-0.38,-0.13,0.07,0.03,-0.29,-0.22,0.82,0.27,-0.27,-0.06,-0.08,-0.47,-0.06,-0.16,0.25
 "51000" ,"Virginia",5,SAGDP11N,"Contributions to percent change in real GDP","Percentage points",26,"311-312","    Food and beverage and tobacco products manufacturing",-0.03,0.56,0.19,0.68,-0.98,-0.24,-0.10,0.15,0.04,-0.28,-0.04,0.88,0.19,-0.10,-0.10,0.06,-0.25,-0.01,-0.15,(NA)
 "51000" ,"Virginia",5,SAGDP11N,"Contributions to percent change in real GDP","Percentage points",27,"313-314","    Textile mills and textile product mills",-0.05,0.05,0.05,-0.08,0.03,0.02,-0.04,0.03,-0.01,-0.03,0.00,-0.04,0.06,-0.01,-0.07,-0.03,0.00,0.01,0.00,(NA)
 "51000" ,"Virginia",5,SAGDP11N,"Contributions to percent change in real GDP","Percentage points",28,"315-316","    Apparel, leather, and allied product manufacturing",-0.06,-0.06,0.01,-0.05,0.03,-0.02,-0.01,-0.02,-0.03,0.00,0.00,-0.01,0.00,0.00,0.00,0.00,0.00,0.00,0.00,(NA)
 "51000" ,"Virginia",5,SAGDP11N,"Contributions to percent change in real GDP","Percentage points",29,"322","    Paper manufacturing",-0.04,-0.01,0.02,-0.05,-0.02,-0.03,0.05,-0.03,0.04,-0.04,-0.03,-0.04,-0.01,-0.05,0.05,0.00,-0.04,0.01,0.01,(NA)
 "51000" ,"Virginia",5,SAGDP11N,"Contributions to percent change in real GDP","Percentage points",30,"323","    Printing and related support activities",0.00,-0.01,0.05,0.01,0.02,0.02,-0.01,0.00,0.00,0.01,-0.01,-0.04,0.00,-0.01,0.00,0.00,0.00,-0.01,0.00,(NA)
 "51000" ,"Virginia",5,SAGDP11N,"Contributions to percent change in real GDP","Percentage points",31,"324","    Petroleum and coal products manufacturing",0.04,-0.04,-0.01,0.01,0.01,0.01,0.05,-0.03,-0.04,-0.01,0.01,0.00,-0.05,-0.06,-0.01,0.03,0.02,0.01,-0.01,(NA)
 "51000" ,"Virginia",5,SAGDP11N,"Contributions to percent change in real GDP","Percentage points",32,"325","    Chemical manufacturing",-0.01,0.18,0.09,-0.06,-0.24,-0.15,-0.13,-0.01,0.03,0.16,-0.09,0.04,0.02,-0.03,0.07,-0.13,-0.20,-0.12,-0.01,(NA)
 "51000" ,"Virginia",5,SAGDP11N,"Contributions to percent change in real GDP","Percentage points",33,"326","    Plastics and rubber products manufacturing",0.07,0.04,0.11,-0.14,-0.01,0.01,0.07,-0.02,-0.01,-0.11,-0.06,0.03,0.06,-0.02,0.00,-0.01,0.00,0.06,0.00,(NA)
 "51000" ,"Virginia",5,SAGDP11N,"Contributions to percent change in real GDP","Percentage points",34,"42","  Wholesale trade",0.35,0.25,0.33,0.07,0.01,0.28,0.19,0.19,0.07,0.12,-0.02,-0.46,0.15,0.07,-0.01,0.09,0.04,0.09,0.04,0.10
 "51000" ,"Virginia",5,SAGDP11N,"Contributions to percent change in real GDP","Percentage points",35,"44-45","  Retail trade",0.59,0.30,0.23,0.25,0.36,0.44,0.21,0.23,0.01,-0.20,-0.25,-0.21,0.11,-0.03,0.00,0.19,0.02,0.17,0.11,0.10
 "51000" ,"Virginia",5,SAGDP11N,"Contributions to percent change in real GDP","Percentage points",36,"48-49","  Transportation and warehousing",0.21,0.02,-0.04,-0.33,-0.06,0.02,0.32,-0.04,0.48,-0.20,0.00,-0.02,0.06,0.02,0.02,-0.01,0.04,0.09,-0.02,0.02
 "51000" ,"Virginia",5,SAGDP11N,"Contributions to percent change in real GDP","Percentage points",37,"481","   Air transportation",0.02,-0.01,-0.12,-0.25,-0.02,-0.10,0.19,-0.16,0.42,-0.10,-0.02,0.03,0.05,0.02,0.00,-0.03,0.01,0.05,0.02,(NA)
 "51000" ,"Virginia",5,SAGDP11N,"Contributions to percent change in real GDP","Percentage points",38,"482","   Rail transportation",0.01,0.00,0.00,-0.04,-0.02,0.02,0.00,0.00,-0.01,0.01,0.01,-0.02,-0.01,0.01,0.01,-0.02,0.00,0.00,-0.02,(NA)
 "51000" ,"Virginia",5,SAGDP11N,"Contributions to percent change in real GDP","Percentage points",39,"483","   Water transportation",0.03,-0.01,0.01,0.00,-0.01,0.01,0.01,0.05,0.06,0.01,0.03,0.03,-0.04,0.00,0.01,0.02,-0.02,-0.03,-0.01,(NA)
 "51000" ,"Virginia",5,SAGDP11N,"Contributions to percent change in real GDP","Percentage points",40,"484","   Truck transportation",0.05,0.04,0.02,-0.05,-0.01,0.03,0.02,0.01,0.01,-0.02,-0.04,-0.04,0.04,0.01,-0.02,-0.01,0.01,0.03,-0.01,(NA)
 "51000" ,"Virginia",5,SAGDP11N,"Contributions to percent change in real GDP","Percentage points",41,"485","   Transit and ground passenger transportation",0.01,0.02,0.01,0.00,0.00,0.02,0.02,0.00,0.00,0.00,0.00,-0.01,0.01,0.01,0.01,0.00,0.01,0.00,-0.01,(NA)
 "51000" ,"Virginia",5,SAGDP11N,"Contributions to percent change in real GDP","Percentage points",42,"486","   Pipeline transportation",0.01,0.01,-0.01,0.00,0.00,0.00,0.00,0.00,0.00,0.00,0.00,0.00,0.00,0.00,0.00,0.00,0.01,0.01,0.00,(NA)
 "51000" ,"Virginia",5,SAGDP11N,"Contributions to percent change in real GDP","Percentage points",43,"487-488, 492","   Other transportation and support activities",0.03,-0.01,0.03,-0.01,0.01,0.03,0.04,0.03,-0.01,-0.08,0.01,-0.01,0.01,-0.03,-0.01,0.00,0.02,0.00,-0.02,(NA)
 "51000" ,"Virginia",5,SAGDP11N,"Contributions to percent change in real GDP","Percentage points",44,"493","   Warehousing and storage",0.05,-0.01,0.01,0.02,0.00,0.01,0.03,0.04,0.01,-0.03,0.00,0.01,0.01,0.00,0.01,0.02,0.01,0.05,0.04,(NA)
 "51000" ,"Virginia",5,SAGDP11N,"Contributions to percent change in real GDP","Percentage points",45,"51","  Information",1.05,0.40,0.05,0.13,0.54,0.13,1.31,0.37,-0.12,0.35,-0.11,-0.35,0.04,-0.29,-0.37,0.25,0.17,0.35,0.05,-0.13
 "51000" ,"Virginia",5,SAGDP11N,"Contributions to percent change in real GDP","Percentage points",46,"511","   Publishing industries (except Internet)",0.00,0.35,-0.23,-0.14,0.22,-0.04,0.70,0.01,-0.22,0.24,-0.28,-0.23,0.01,-0.01,-0.06,0.03,0.01,0.03,0.00,(NA)
 "51000" ,"Virginia",5,SAGDP11N,"Contributions to percent change in real GDP","Percentage points",47,"512","   Motion picture and sound recording industries",0.03,0.02,0.00,0.01,0.03,-0.02,0.03,-0.04,0.03,0.01,0.00,0.01,0.01,0.00,0.01,0.05,0.03,0.00,-0.02,(NA)
 "51000" ,"Virginia",5,SAGDP11N,"Contributions to percent change in real GDP","Percentage points",48,"515, 517","   Broadcasting (except Internet) and telecommunications",0.71,0.21,0.39,-0.21,-0.16,0.27,0.31,0.62,0.10,0.67,-0.07,-0.17,-0.09,-0.31,-0.25,0.08,0.00,0.06,-0.04,(NA)
 "51000" ,"Virginia",5,SAGDP11N,"Contributions to percent change in real GDP","Percentage points",49,"518, 519","   Data processing, hosting, and other information services",0.31,-0.18,-0.11,0.48,0.46,-0.08,0.27,-0.22,-0.01,-0.57,0.24,0.03,0.11,0.03,-0.06,0.11,0.13,0.26,0.11,(NA)
 "51000" ,"Virginia",5,SAGDP11N,"Contributions to percent change in real GDP","Percentage points",50,"52, 53","  Finance, insurance, real estate, rental, and leasing",0.90,1.05,0.05,1.89,-0.04,0.75,-0.49,2.56,0.44,0.12,-0.64,0.60,0.39,0.62,0.49,0.03,0.14,0.10,-0.20,0.17
 "51000" ,"Virginia",5,SAGDP11N,"Contributions to percent change in real GDP","Percentage points",51,"52","   Finance and insurance",0.73,0.34,-0.38,0.95,-0.13,0.05,-1.32,1.19,0.23,-0.48,-0.65,0.50,-0.10,0.20,0.26,-0.07,-0.05,0.21,-0.18,-0.03
 "51000" ,"Virginia",5,SAGDP11N,"Contributions to percent change in real GDP","Percentage points",52,"521-522","    Monetary Authorities- central bank, credit intermediation, and related services",0.56,0.20,-0.47,0.69,-0.09,0.04,-1.31,0.94,0.17,-0.51,-0.34,0.40,-0.11,0.24,0.21,-0.20,-0.10,0.14,-0.18,(NA)
 "51000" ,"Virginia",5,SAGDP11N,"Contributions to percent change in real GDP","Percentage points",53,"523","    Securities, commodity contracts, and other financial investments and related activities",-0.01,-0.02,0.03,0.21,-0.04,-0.03,0.04,0.11,0.00,-0.11,-0.23,0.34,-0.04,-0.11,0.11,0.02,-0.13,0.02,0.07,(NA)
 "51000" ,"Virginia",5,SAGDP11N,"Contributions to percent change in real GDP","Percentage points",54,"524","    Insurance carriers and related activities",0.08,0.11,0.19,0.00,0.02,0.00,0.06,0.05,0.20,0.10,-0.09,-0.14,0.01,0.06,-0.05,0.10,0.13,0.09,-0.01,(NA)
 "51000" ,"Virginia",5,SAGDP11N,"Contributions to percent change in real GDP","Percentage points",55,"525","    Funds, trusts, and other financial vehicles",0.10,0.05,-0.13,0.05,-0.02,0.03,-0.11,0.09,-0.14,0.04,0.01,-0.10,0.04,0.02,-0.02,0.01,0.04,-0.03,-0.06,(NA)
 "51000" ,"Virginia",5,SAGDP11N,"Contributions to percent change in real GDP","Percentage points",56,"53","   Real estate and rental and leasing",0.17,0.71,0.42,0.94,0.09,0.70,0.83,1.37,0.21,0.61,0.01,0.10,0.49,0.41,0.23,0.10,0.19,-0.11,-0.03,0.19
 "51000" ,"Virginia",5,SAGDP11N,"Contributions to percent change in real GDP","Percentage points",57,"531","    Real estate",0.00,0.56,0.46,0.81,0.16,0.81,0.96,1.39,0.13,0.67,0.06,0.15,0.57,0.46,0.17,0.06,0.15,-0.15,-0.07,(NA)
 "51000" ,"Virginia",5,SAGDP11N,"Contributions to percent change in real GDP","Percentage points",58,"532-533","    Rental and leasing services and lessors of nonfinancial intangible assets",0.17,0.15,-0.03,0.12,-0.06,-0.10,-0.13,-0.02,0.08,-0.06,-0.04,-0.05,-0.08,-0.05,0.05,0.04,0.04,0.04,0.04,(NA)
 "51000" ,"Virginia",5,SAGDP11N,"Contributions to percent change in real GDP","Percentage points",59,"54, 55, 56","  Professional and business services",1.01,1.11,0.72,1.15,0.82,1.14,1.04,1.31,0.90,0.81,0.87,0.30,1.22,0.64,0.58,-0.11,-0.01,0.40,0.29,0.88
 "51000" ,"Virginia",5,SAGDP11N,"Contributions to percent change in real GDP","Percentage points",60,"54","   Professional, scientific, and technical services",0.89,0.79,0.37,0.86,0.84,0.81,1.03,1.06,0.77,0.60,0.98,0.52,0.89,0.47,0.29,-0.19,-0.16,0.22,0.36,0.51
 "51000" ,"Virginia",5,SAGDP11N,"Contributions to percent change in real GDP","Percentage points",61,"5411","    Legal services",0.04,0.04,0.05,0.09,0.04,0.08,0.04,0.07,0.01,-0.05,0.03,-0.15,-0.07,0.00,-0.03,-0.02,-0.05,-0.02,0.02,(NA)
 "51000" ,"Virginia",5,SAGDP11N,"Contributions to percent change in real GDP","Percentage points",62,"5415","    Computer systems design and related services",0.55,0.54,-0.10,0.32,0.42,0.56,0.61,0.34,0.41,0.51,0.42,0.58,0.48,0.37,0.36,-0.04,-0.10,0.27,0.35,(NA)
 "51000" ,"Virginia",5,SAGDP11N,"Contributions to percent change in real GDP","Percentage points",63,"5412-5414, 5416-5419","    Miscellaneous professional, scientific, and technical services",0.29,0.21,0.42,0.45,0.39,0.17,0.38,0.65,0.35,0.14,0.53,0.10,0.47,0.10,-0.03,-0.13,-0.01,-0.03,-0.01,(NA)
 "51000" ,"Virginia",5,SAGDP11N,"Contributions to percent change in real GDP","Percentage points",64,"55","   Management of companies and enterprises",0.05,0.19,0.09,0.17,0.00,0.18,-0.13,0.02,-0.01,-0.05,-0.10,-0.09,0.07,-0.03,0.17,0.00,0.00,0.07,-0.10,0.20
 "51000" ,"Virginia",5,SAGDP11N,"Contributions to percent change in real GDP","Percentage points",65,"56","   Administrative and support and waste management and remediation services",0.07,0.13,0.26,0.11,-0.02,0.15,0.13,0.24,0.14,0.26,-0.01,-0.12,0.26,0.20,0.12,0.08,0.14,0.11,0.04,0.18
 "51000" ,"Virginia",5,SAGDP11N,"Contributions to percent change in real GDP","Percentage points",66,"561","    Administrative and support services",0.07,0.11,0.26,0.10,-0.02,0.14,0.13,0.23,0.15,0.20,0.03,-0.12,0.22,0.23,0.13,0.08,0.14,0.09,0.02,(NA)
 "51000" ,"Virginia",5,SAGDP11N,"Contributions to percent change in real GDP","Percentage points",67,"562","    Waste management and remediation services",0.01,0.02,0.00,0.01,0.00,0.01,0.00,0.01,-0.02,0.05,-0.04,0.00,0.04,-0.03,-0.01,-0.01,0.00,0.02,0.01,(NA)
 "51000" ,"Virginia",5,SAGDP11N,"Contributions to percent change in real GDP","Percentage points",68,"61, 62","  Educational services, health care, and social assistance",0.11,0.20,0.28,0.17,0.32,0.30,0.36,0.28,0.18,0.18,0.48,0.34,-0.01,0.07,0.11,0.13,0.06,0.20,0.14,0.12
 "51000" ,"Virginia",5,SAGDP11N,"Contributions to percent change in real GDP","Percentage points",69,"61","   Educational services",-0.03,0.06,0.04,0.05,-0.01,0.06,0.08,-0.02,0.03,0.05,0.07,0.15,-0.02,-0.05,-0.02,-0.02,-0.03,-0.01,0.00,-0.03
 "51000" ,"Virginia",5,SAGDP11N,"Contributions to percent change in real GDP","Percentage points",70,"62","   Health care and social assistance",0.14,0.14,0.23,0.12,0.32,0.25,0.28,0.30,0.15,0.12,0.41,0.20,0.01,0.12,0.13,0.15,0.09,0.21,0.14,0.15
 "51000" ,"Virginia",5,SAGDP11N,"Contributions to percent change in real GDP","Percentage points",71,"621","    Ambulatory health care services",0.08,0.03,0.14,0.13,0.14,0.12,0.21,0.14,0.14,0.03,0.22,0.11,0.03,0.11,0.11,0.12,0.08,0.16,0.14,(NA)
 "51000" ,"Virginia",5,SAGDP11N,"Contributions to percent change in real GDP","Percentage points",72,"622","    Hospitals",0.04,0.06,0.05,-0.03,0.15,0.10,0.06,0.11,-0.03,0.05,0.13,0.05,-0.04,0.01,0.01,0.00,-0.01,0.03,0.00,(NA)
 "51000" ,"Virginia",5,SAGDP11N,"Contributions to percent change in real GDP","Percentage points",73,"623","    Nursing and residential care facilities",0.00,0.02,0.02,0.01,0.02,0.03,-0.01,0.03,0.03,0.02,0.03,0.00,0.00,0.00,0.00,0.02,0.03,0.01,0.00,(NA)
 "51000" ,"Virginia",5,SAGDP11N,"Contributions to percent change in real GDP","Percentage points",74,"624","    Social assistance",0.02,0.03,0.02,0.01,0.02,0.01,0.02,0.03,0.01,0.02,0.03,0.03,0.02,-0.01,0.01,0.01,0.00,0.02,0.00,(NA)
 "51000" ,"Virginia",5,SAGDP11N,"Contributions to percent change in real GDP","Percentage points",75,"71, 72","  Arts, entertainment, recreation, accommodation, and food services",0.13,0.13,0.27,-0.09,0.12,0.16,0.10,-0.02,0.09,-0.01,-0.13,-0.14,0.09,0.02,0.00,-0.06,0.03,0.10,0.06,0.05
 "51000" ,"Virginia",5,SAGDP11N,"Contributions to percent change in real GDP","Percentage points",76,"71","   Arts, entertainment, and recreation",0.01,-0.01,0.05,-0.04,0.08,0.04,-0.01,-0.03,0.01,-0.02,0.02,0.00,0.05,-0.02,0.02,-0.06,0.02,0.00,0.04,0.02
 "51000" ,"Virginia",5,SAGDP11N,"Contributions to percent change in real GDP","Percentage points",77,"711-712","    Performing arts, spectator sports, museums, and related activities",0.02,-0.02,0.04,0.01,0.07,0.03,-0.04,-0.05,0.00,-0.03,0.02,0.01,0.02,-0.02,0.02,-0.05,0.00,-0.01,0.04,(NA)
 "51000" ,"Virginia",5,SAGDP11N,"Contributions to percent change in real GDP","Percentage points",78,"713","    Amusement, gambling, and recreation industries",-0.01,0.00,0.01,-0.05,0.01,0.01,0.02,0.02,0.01,0.01,0.00,0.00,0.02,0.00,-0.01,0.00,0.01,0.00,0.00,(NA)
 "51000" ,"Virginia",5,SAGDP11N,"Contributions to percent change in real GDP","Percentage points",79,"72","   Accommodation and food services",0.12,0.14,0.22,-0.05,0.05,0.12,0.11,0.01,0.07,0.01,-0.15,-0.15,0.04,0.04,-0.02,0.00,0.01,0.11,0.02,0.03
 "51000" ,"Virginia",5,SAGDP11N,"Contributions to percent change in real GDP","Percentage points",80,"721","    Accommodation",0.02,0.04,0.08,-0.07,0.02,0.02,0.03,-0.02,0.03,0.04,-0.10,-0.04,0.01,0.01,-0.03,0.00,-0.01,0.04,0.02,(NA)
 "51000" ,"Virginia",5,SAGDP11N,"Contributions to percent change in real GDP","Percentage points",81,"722","    Food services and drinking places",0.10,0.11,0.14,0.02,0.03,0.10,0.08,0.03,0.05,-0.03,-0.05,-0.10,0.03,0.04,0.01,0.00,0.02,0.07,0.00,(NA)
 "51000" ,"Virginia",5,SAGDP11N,"Contributions to percent change in real GDP","Percentage points",82,"81","  Other services (except government and government enterprises)",0.16,0.03,0.13,-0.23,0.04,0.02,0.07,0.04,0.00,-0.02,-0.01,-0.13,-0.08,-0.07,0.04,-0.03,0.05,0.02,-0.06,-0.02
 "51000" ,"Virginia",5,SAGDP11N,"Contributions to percent change in real GDP","Percentage points",83,"..."," Government and government enterprises",0.07,0.22,0.44,0.00,0.47,0.40,0.67,0.34,0.17,0.38,0.42,0.16,0.20,0.03,0.09,-0.18,0.00,0.24,0.16,0.12
 "51000" ,"Virginia",5,SAGDP11N,"Contributions to percent change in real GDP","Percentage points",84,"...","  Federal civilian",-0.05,-0.02,0.20,-0.07,0.21,0.08,0.33,-0.01,0.08,0.22,0.17,0.22,0.24,0.13,0.04,-0.08,0.15,0.17,0.15,(NA)
 "51000" ,"Virginia",5,SAGDP11N,"Contributions to percent change in real GDP","Percentage points",85,"...","  Military",-0.10,0.04,0.08,0.02,0.14,0.19,0.13,0.11,0.14,0.06,0.14,-0.01,0.02,-0.12,-0.05,-0.14,-0.10,-0.07,-0.08,(NA)
 "51000" ,"Virginia",5,SAGDP11N,"Contributions to percent change in real GDP","Percentage points",86,"...","  State and local",0.22,0.20,0.17,0.04,0.12,0.13,0.20,0.23,-0.05,0.10,0.10,-0.05,-0.06,0.02,0.09,0.04,-0.05,0.14,0.09,(NA)
 "51000" ,"Virginia",5,SAGDP11N,"Contributions to percent change in real GDP","Percentage points",87,"11, 21","Natural resources and mining",0.08,0.00,0.13,-0.03,-0.07,-0.01,0.13,0.00,0.05,-0.15,0.03,-0.05,-0.01,-0.05,-0.11,-0.03,0.05,-0.02,-0.06,0.11
 "51000" ,"Virginia",5,SAGDP11N,"Contributions to percent change in real GDP","Percentage points",88,"42, 44-45","Trade",0.94,0.55,0.56,0.32,0.37,0.72,0.40,0.43,0.08,-0.08,-0.27,-0.67,0.26,0.04,-0.01,0.28,0.06,0.26,0.14,0.20
 "51000" ,"Virginia",5,SAGDP11N,"Contributions to percent change in real GDP","Percentage points",89,"...","Transportation and utilities",0.13,0.29,-0.05,-0.59,-0.01,-0.06,0.40,-0.12,0.54,-0.18,0.10,0.03,0.27,0.04,0.00,-0.07,-0.04,0.14,0.05,-0.01
 "51000" ,"Virginia",5,SAGDP11N,"Contributions to percent change in real GDP","Percentage points",90,"...","Private goods-producing industries 2/",0.67,0.74,1.78,0.82,-1.58,0.26,0.76,0.32,-0.20,-0.78,-0.98,-0.20,0.36,-0.11,-0.16,0.12,-0.68,0.11,-0.41,0.46
 "51000" ,"Virginia",5,SAGDP11N,"Contributions to percent change in real GDP","Percentage points",91,"...","Private services-providing industries 3/",4.43,3.75,1.99,2.75,2.16,3.16,3.18,4.85,2.12,1.17,0.29,-0.02,2.18,1.08,0.83,0.42,0.45,1.58,0.49,1.25
"Note: See the included footnote file."
"SAGDP11N: Contributions to percent change in real GDP 1/"
"Last updated: November 14, 2018; revised statistics for 1997-2017."
"Source: U.S. Department of Commerce / Bureau of Economic Analysis / Regional Economic Accounts"
