GeoFIPS,GeoName,Region,TableName,ComponentName,Unit,IndustryId,IndustryClassification,Description,1997,1998,1999,2000,2001,2002,2003,2004,2005,2006,2007,2008,2009,2010,2011,2012,2013,2014,2015,2016,2017
 "08000" ,"Colorado",7,SAGDP2N,"Gross domestic product (GDP) by state","Millions of current dollars",1,"...","All industry total",136675.3,150381.7,164226.8,180605.5,187571.9,190962.8,196483.7,203980.2,219907.9,231205.9,246043.5,255566.8,248593.6,255140.5,264431.6,273519.5,288305.2,306362.0,317977.9,328513.8,345233.1
 "08000" ,"Colorado",7,SAGDP2N,"Gross domestic product (GDP) by state","Millions of current dollars",2,"..."," Private industries",117741.4,130749.9,143447.4,158857.4,164142.4,165783.0,170302.0,176943.3,191546.6,202228.8,216366.7,223730.8,215725.5,221241.2,230257.6,238837.8,252661.5,269115.8,278523.7,287676.7,302935.3
 "08000" ,"Colorado",7,SAGDP2N,"Gross domestic product (GDP) by state","Millions of current dollars",3,"11","  Agriculture, forestry, fishing, and hunting",1490.4,1532.6,1525.6,1484.7,1838.6,1512.7,1565.8,2043.3,2079.0,1938.8,2447.5,2182.3,2041.4,2288.2,2801.2,2559.7,2662.5,2700.7,2732.2,2535.4,2660.2
 "08000" ,"Colorado",7,SAGDP2N,"Gross domestic product (GDP) by state","Millions of current dollars",4,"111-112","   Farms",1365.8,1400.2,1379.9,1331.9,1673.9,1350.8,1395.3,1867.2,1891.0,1714.4,2222.7,1957.7,1783.0,2010.9,2516.1,2244.8,2335.1,2361.8,2379.0,2191.0,(NA)
 "08000" ,"Colorado",7,SAGDP2N,"Gross domestic product (GDP) by state","Millions of current dollars",5,"113-115","   Forestry, fishing, and related activities",124.7,132.4,145.7,152.8,164.7,161.9,170.5,176.1,188.0,224.4,224.8,224.6,258.3,277.3,285.0,314.9,327.4,338.9,353.1,344.5,(NA)
 "08000" ,"Colorado",7,SAGDP2N,"Gross domestic product (GDP) by state","Millions of current dollars",6,"21","  Mining, quarrying, and oil and gas extraction",1884.1,1809.3,1792.3,2423.6,2747.4,2656.3,4311.0,5704.9,9516.4,10959.3,11277.4,15819.6,10666.4,11662.2,13309.9,12347.3,13641.7,16430.8,10383.4,8406.0,11187.3
 "08000" ,"Colorado",7,SAGDP2N,"Gross domestic product (GDP) by state","Millions of current dollars",7,"211","   Oil and gas extraction",1012.1,777.3,783.0,1372.3,1523.7,1461.2,2950.5,4119.4,6785.4,7503.3,6909.8,10704.5,6697.5,7589.4,8620.6,7655.5,9222.5,11309.4,6576.0,5982.8,(NA)
 "08000" ,"Colorado",7,SAGDP2N,"Gross domestic product (GDP) by state","Millions of current dollars",8,"212","   Mining (except oil and gas)",665.8,816.1,836.7,809.8,836.9,892.4,990.6,1033.5,1801.1,1808.5,2091.5,2100.3,2294.5,2173.8,2148.4,1868.4,1722.8,1698.2,1408.6,1087.4,(NA)
 "08000" ,"Colorado",7,SAGDP2N,"Gross domestic product (GDP) by state","Millions of current dollars",9,"213","   Support activities for mining",206.1,215.9,172.7,241.5,386.8,302.7,369.8,552.1,929.9,1647.5,2276.1,3014.7,1674.3,1899.0,2540.8,2823.4,2696.4,3423.2,2398.8,1335.7,(NA)
 "08000" ,"Colorado",7,SAGDP2N,"Gross domestic product (GDP) by state","Millions of current dollars",10,"22","  Utilities",2055.0,1968.3,2177.5,2161.8,2296.5,2243.7,2480.5,2799.4,2876.8,3444.3,3084.5,3320.3,3297.9,3881.6,3978.7,3765.2,3717.3,4045.8,4066.9,3983.6,3837.7
 "08000" ,"Colorado",7,SAGDP2N,"Gross domestic product (GDP) by state","Millions of current dollars",11,"23","  Construction",6937.0,8550.7,9684.7,11297.5,12032.9,11853.0,11559.3,12049.8,13191.8,13855.2,14268.9,13589.7,11463.6,9330.8,9476.7,10082.8,12369.7,14717.8,16429.6,18065.1,19317.0
 "08000" ,"Colorado",7,SAGDP2N,"Gross domestic product (GDP) by state","Millions of current dollars",12,"31-33","  Manufacturing",14383.1,14524.1,14534.6,15865.6,14500.7,14876.6,14528.3,15776.2,16888.0,18294.2,19299.7,19285.1,19857.3,20170.9,20545.7,20770.9,21242.2,22017.0,22860.0,22365.4,23015.2
 "08000" ,"Colorado",7,SAGDP2N,"Gross domestic product (GDP) by state","Millions of current dollars",13,"321,327-339","   Durable goods manufacturing",9645.1,9748.4,9521.0,10715.5,9098.8,9936.9,9519.2,10604.2,10957.8,12069.0,12624.2,11680.2,10975.3,12393.6,12750.1,13192.3,13860.9,13768.7,14307.7,14246.1,14780.2
 "08000" ,"Colorado",7,SAGDP2N,"Gross domestic product (GDP) by state","Millions of current dollars",14,"321","    Wood product manufacturing",170.8,199.9,219.7,254.4,240.1,206.9,140.4,256.1,300.9,267.4,263.2,250.6,214.3,216.8,171.6,177.1,210.4,230.0,249.7,260.1,(NA)
 "08000" ,"Colorado",7,SAGDP2N,"Gross domestic product (GDP) by state","Millions of current dollars",15,"327","    Nonmetallic mineral product manufacturing",633.1,675.2,769.0,786.1,824.7,702.1,768.0,837.5,840.3,910.8,854.0,779.1,689.0,699.4,688.8,771.8,969.5,1001.5,1248.0,1277.1,(NA)
 "08000" ,"Colorado",7,SAGDP2N,"Gross domestic product (GDP) by state","Millions of current dollars",16,"331","    Primary metal manufacturing",185.9,182.5,116.9,118.7,167.0,137.1,248.8,541.7,248.4,316.1,317.8,428.8,293.0,292.1,320.8,416.3,318.2,342.5,317.5,244.6,(NA)
 "08000" ,"Colorado",7,SAGDP2N,"Gross domestic product (GDP) by state","Millions of current dollars",17,"332","    Fabricated metal product manufacturing",1135.6,1228.5,1239.9,1278.5,1070.2,1139.4,1114.2,1068.6,1144.5,1151.4,1360.5,1282.4,1046.8,1087.9,1280.2,1337.7,1502.9,1501.7,1471.0,1498.6,(NA)
 "08000" ,"Colorado",7,SAGDP2N,"Gross domestic product (GDP) by state","Millions of current dollars",18,"333","    Machinery manufacturing",710.5,890.0,708.2,709.4,706.9,747.5,650.1,683.9,763.1,858.8,1029.9,1244.7,1152.3,1262.6,1445.9,1175.9,1316.2,1193.7,1327.1,1304.8,(NA)
 "08000" ,"Colorado",7,SAGDP2N,"Gross domestic product (GDP) by state","Millions of current dollars",19,"334","    Computer and electronic product manufacturing",4794.3,4481.4,4248.8,5119.5,3682.9,4461.8,4095.2,4467.5,4355.4,4806.0,5091.1,4274.6,4251.0,5223.5,5284.7,5835.7,5968.7,5640.8,5431.1,4941.4,(NA)
 "08000" ,"Colorado",7,SAGDP2N,"Gross domestic product (GDP) by state","Millions of current dollars",20,"335","    Electrical equipment, appliance, and component manufacturing",84.2,76.6,71.0,115.9,161.2,190.9,167.9,196.5,235.9,346.4,237.4,252.6,223.2,237.2,282.1,371.8,433.1,387.8,451.9,462.7,(NA)
 "08000" ,"Colorado",7,SAGDP2N,"Gross domestic product (GDP) by state","Millions of current dollars",21,"3361-3363","    Motor vehicles, bodies and trailers, and parts manufacturing",175.1,164.3,192.6,232.5,183.6,156.8,153.7,130.4,135.9,136.9,133.0,98.4,45.8,65.2,74.7,71.1,64.9,104.3,105.7,106.5,(NA)
 "08000" ,"Colorado",7,SAGDP2N,"Gross domestic product (GDP) by state","Millions of current dollars",22,"3364-3369","    Other transportation equipment manufacturing",787.5,801.8,774.0,811.1,805.0,794.8,849.1,1090.7,1460.3,1578.3,1542.5,1259.9,1086.9,1261.3,1163.5,1035.3,1110.7,1232.5,1637.2,1872.9,(NA)
 "08000" ,"Colorado",7,SAGDP2N,"Gross domestic product (GDP) by state","Millions of current dollars",23,"337","    Furniture and related product manufacturing",282.0,346.0,369.1,310.4,306.8,385.5,362.1,387.0,431.0,456.1,413.7,358.0,311.4,275.7,281.7,324.0,355.7,414.3,530.5,529.9,(NA)
 "08000" ,"Colorado",7,SAGDP2N,"Gross domestic product (GDP) by state","Millions of current dollars",24,"339","    Miscellaneous manufacturing",686.2,702.3,811.7,978.9,950.5,1014.1,969.7,944.2,1042.0,1240.7,1381.2,1450.9,1661.6,1771.8,1755.9,1675.5,1610.7,1719.6,1538.1,1747.7,(NA)
 "08000" ,"Colorado",7,SAGDP2N,"Gross domestic product (GDP) by state","Millions of current dollars",25,"311-316,322-326","   Nondurable goods manufacturing",4738.0,4775.6,5013.6,5150.1,5402.0,4939.8,5009.1,5172.1,5930.1,6225.2,6675.5,7604.9,8882.0,7777.3,7795.6,7578.6,7381.3,8248.3,8552.3,8119.3,8235.1
 "08000" ,"Colorado",7,SAGDP2N,"Gross domestic product (GDP) by state","Millions of current dollars",26,"311-312","    Food and beverage and tobacco products manufacturing",1950.1,1928.9,2076.0,2107.0,2235.2,2178.1,2155.2,2077.7,2277.3,2508.8,3070.9,3283.7,3634.4,3315.1,3026.1,3336.8,3624.3,3569.9,3866.7,4158.0,(NA)
 "08000" ,"Colorado",7,SAGDP2N,"Gross domestic product (GDP) by state","Millions of current dollars",27,"313-314","    Textile mills and textile product mills",94.7,106.3,122.0,140.7,128.6,143.7,84.7,144.2,142.1,146.8,155.5,171.9,148.3,134.5,115.1,141.2,145.5,139.5,297.0,98.1,(NA)
 "08000" ,"Colorado",7,SAGDP2N,"Gross domestic product (GDP) by state","Millions of current dollars",28,"315-316","    Apparel, leather, and allied product manufacturing",196.3,267.4,238.8,354.2,337.6,156.4,117.5,72.3,62.8,51.2,53.6,58.2,41.4,33.5,35.5,38.2,43.5,42.9,44.2,46.7,(NA)
 "08000" ,"Colorado",7,SAGDP2N,"Gross domestic product (GDP) by state","Millions of current dollars",29,"322","    Paper manufacturing",268.9,154.0,206.9,185.8,178.9,177.8,217.7,194.2,199.2,173.7,148.2,124.2,133.1,157.9,134.8,137.1,149.0,102.5,105.4,104.5,(NA)
 "08000" ,"Colorado",7,SAGDP2N,"Gross domestic product (GDP) by state","Millions of current dollars",30,"323","    Printing and related support activities",570.8,461.0,558.5,586.8,625.0,601.5,595.3,628.6,692.9,689.7,583.2,570.3,474.6,465.6,458.4,398.4,409.9,441.9,440.6,447.5,(NA)
 "08000" ,"Colorado",7,SAGDP2N,"Gross domestic product (GDP) by state","Millions of current dollars",31,"324","    Petroleum and coal products manufacturing",216.3,296.9,171.9,183.0,223.5,262.8,463.0,738.8,1124.0,1079.0,1139.8,1619.6,1198.8,980.6,1045.0,1031.0,903.4,1620.8,1355.8,926.1,(NA)
 "08000" ,"Colorado",7,SAGDP2N,"Gross domestic product (GDP) by state","Millions of current dollars",32,"325","    Chemical manufacturing",941.2,1024.2,1072.3,1012.8,1097.8,981.2,822.5,882.0,943.3,1094.7,1089.9,1403.9,2811.4,2211.8,2558.6,1980.8,1530.6,1702.1,1722.4,1642.0,(NA)
 "08000" ,"Colorado",7,SAGDP2N,"Gross domestic product (GDP) by state","Millions of current dollars",33,"326","    Plastics and rubber products manufacturing",499.8,537.1,567.2,579.9,575.5,438.4,553.3,434.3,488.6,481.3,434.4,373.1,439.8,478.4,422.2,515.0,575.1,628.7,720.2,696.3,(NA)
 "08000" ,"Colorado",7,SAGDP2N,"Gross domestic product (GDP) by state","Millions of current dollars",34,"42","  Wholesale trade",7998.3,8690.4,9108.9,10549.3,10365.3,10087.7,10159.7,10630.1,11579.3,12536.4,13745.8,14428.8,13470.9,14121.4,14690.3,15819.8,16710.0,17836.3,18740.9,19015.1,20024.1
 "08000" ,"Colorado",7,SAGDP2N,"Gross domestic product (GDP) by state","Millions of current dollars",35,"44-45","  Retail trade",8890.1,9769.2,10391.3,11047.0,11713.6,11987.9,12219.6,12636.2,13350.0,13748.5,14136.2,13949.4,13617.8,13977.5,14125.9,14809.7,15409.1,16066.1,17101.0,17866.1,18578.4
 "08000" ,"Colorado",7,SAGDP2N,"Gross domestic product (GDP) by state","Millions of current dollars",36,"48-49","  Transportation and warehousing",3978.7,4503.7,4531.3,4920.1,4629.8,4745.7,5170.5,5905.8,6554.6,5696.4,6820.0,6761.8,6559.6,6981.5,6924.8,7757.2,9986.8,11127.5,12181.1,12174.7,12953.2
 "08000" ,"Colorado",7,SAGDP2N,"Gross domestic product (GDP) by state","Millions of current dollars",37,"481","   Air transportation",1360.4,1429.2,1468.2,1589.7,1351.4,1450.2,1345.4,1583.9,1975.3,1065.2,2027.4,1931.6,2000.2,2337.9,2157.6,2533.6,2970.2,3234.3,3458.9,3972.2,(NA)
 "08000" ,"Colorado",7,SAGDP2N,"Gross domestic product (GDP) by state","Millions of current dollars",38,"482","   Rail transportation",386.5,419.5,415.4,428.6,412.3,403.0,435.8,476.0,568.4,639.2,704.9,819.4,732.2,727.8,754.6,862.1,751.6,793.9,778.3,677.7,(NA)
 "08000" ,"Colorado",7,SAGDP2N,"Gross domestic product (GDP) by state","Millions of current dollars",39,"483","   Water transportation",0.9,0.8,1.7,8.4,4.0,0.4,0.5,0.4,0.4,0.7,0.9,0.7,0.5,0.5,13.8,15.9,22.1,9.9,19.5,7.3,(NA)
 "08000" ,"Colorado",7,SAGDP2N,"Gross domestic product (GDP) by state","Millions of current dollars",40,"484","   Truck transportation",908.0,1041.1,1078.1,1142.6,1127.5,1137.3,1179.3,1290.2,1403.5,1514.0,1567.4,1579.4,1476.1,1526.0,1631.0,1744.8,1795.7,2011.9,2094.3,2006.2,(NA)
 "08000" ,"Colorado",7,SAGDP2N,"Gross domestic product (GDP) by state","Millions of current dollars",41,"485","   Transit and ground passenger transportation",167.7,183.9,197.7,203.6,228.4,231.9,242.6,267.6,292.5,330.2,344.4,360.0,345.8,352.2,381.0,410.2,447.3,494.3,522.6,504.0,(NA)
 "08000" ,"Colorado",7,SAGDP2N,"Gross domestic product (GDP) by state","Millions of current dollars",42,"486","   Pipeline transportation",83.2,162.7,175.9,111.1,162.6,158.2,164.7,176.4,186.5,229.8,277.8,242.5,280.8,374.2,309.7,543.2,2352.4,2792.5,3335.7,2987.7,(NA)
 "08000" ,"Colorado",7,SAGDP2N,"Gross domestic product (GDP) by state","Millions of current dollars",43,"487-488, 492","   Other transportation and support activities",780.3,857.9,814.6,959.4,895.3,919.9,1306.3,1598.8,1652.9,1434.5,1454.5,1368.9,1261.2,1229.8,1264.1,1212.3,1228.2,1361.5,1522.3,1562.5,(NA)
 "08000" ,"Colorado",7,SAGDP2N,"Gross domestic product (GDP) by state","Millions of current dollars",44,"493","   Warehousing and storage",291.9,408.6,379.6,476.7,448.3,444.8,495.9,512.4,475.0,482.9,442.7,459.4,462.9,433.0,412.9,434.9,419.2,429.1,449.5,457.1,(NA)
 "08000" ,"Colorado",7,SAGDP2N,"Gross domestic product (GDP) by state","Millions of current dollars",45,"51","  Information",10363.8,13719.2,16703.1,18136.9,17619.3,16882.6,16632.0,16065.4,16757.7,17537.4,19160.8,19372.3,18610.8,18731.4,18738.5,17874.1,19263.7,19293.9,18901.0,19596.3,18823.2
 "08000" ,"Colorado",7,SAGDP2N,"Gross domestic product (GDP) by state","Millions of current dollars",46,"511","   Publishing industries (except Internet)",3843.3,5449.8,6346.6,6130.8,6023.3,6270.7,6087.1,5873.8,6146.6,5682.1,6302.5,5922.9,5166.4,5214.8,5398.1,5259.5,5495.2,5171.2,5236.8,5843.1,(NA)
 "08000" ,"Colorado",7,SAGDP2N,"Gross domestic product (GDP) by state","Millions of current dollars",47,"512","   Motion picture and sound recording industries",246.0,286.3,495.1,1084.9,1450.4,510.7,346.1,304.1,278.5,328.2,365.3,359.5,368.0,384.7,363.4,355.8,494.9,640.0,498.4,448.9,(NA)
 "08000" ,"Colorado",7,SAGDP2N,"Gross domestic product (GDP) by state","Millions of current dollars",48,"515, 517","   Broadcasting (except Internet) and telecommunications",5559.3,7377.5,9301.1,10417.5,9184.5,8792.7,8948.3,8519.4,9003.4,10085.2,11354.0,11342.2,11286.6,11115.5,10509.6,10077.5,10911.8,10722.5,9895.1,9061.1,(NA)
 "08000" ,"Colorado",7,SAGDP2N,"Gross domestic product (GDP) by state","Millions of current dollars",49,"518, 519","   Data processing, hosting, and other information services",715.2,605.6,560.3,503.7,961.0,1308.5,1250.4,1368.1,1329.2,1441.9,1139.1,1747.7,1789.7,2016.4,2467.4,2181.4,2361.7,2760.2,3270.7,4243.3,(NA)
 "08000" ,"Colorado",7,SAGDP2N,"Gross domestic product (GDP) by state","Millions of current dollars",50,"52, 53","  Finance, insurance, real estate, rental, and leasing",27382.6,30629.8,34288.3,37606.0,41374.7,42576.0,43145.7,41363.5,42617.8,44314.4,47505.6,46300.9,47346.6,48720.0,51641.1,54129.9,55516.9,57915.3,62565.7,67536.8,70291.9
 "08000" ,"Colorado",7,SAGDP2N,"Gross domestic product (GDP) by state","Millions of current dollars",51,"52","   Finance and insurance",7302.1,8738.3,9819.8,10811.8,12083.1,11888.6,12097.1,11529.8,13114.3,13612.1,14032.7,11465.4,13184.7,13151.5,13953.2,15595.0,15668.0,16508.5,17430.9,18733.6,19092.3
 "08000" ,"Colorado",7,SAGDP2N,"Gross domestic product (GDP) by state","Millions of current dollars",52,"521-522","    Monetary Authorities- central bank, credit intermediation, and related services",2609.8,3477.6,3966.9,4125.7,4818.7,5446.2,5317.6,4706.8,4929.8,5228.5,5017.1,4730.7,4810.7,4603.4,5526.0,6053.7,6450.0,6567.3,6782.5,7485.4,(NA)
 "08000" ,"Colorado",7,SAGDP2N,"Gross domestic product (GDP) by state","Millions of current dollars",53,"523","    Securities, commodity contracts, and other financial investments and related activities",1591.7,1706.9,1967.3,2350.5,2816.1,2244.5,1983.7,1916.6,2505.0,2832.3,2493.5,1296.8,2517.1,2585.4,2321.8,2992.5,3479.4,3242.1,3422.5,4094.7,(NA)
 "08000" ,"Colorado",7,SAGDP2N,"Gross domestic product (GDP) by state","Millions of current dollars",54,"524","    Insurance carriers and related activities",3043.7,3434.7,3715.8,4175.5,4256.8,4020.0,4577.8,4602.7,5358.9,5207.3,6065.8,4811.8,5375.8,5443.5,5541.9,5890.5,5191.2,5956.8,6612.1,6725.9,(NA)
 "08000" ,"Colorado",7,SAGDP2N,"Gross domestic product (GDP) by state","Millions of current dollars",55,"525","    Funds, trusts, and other financial vehicles",56.9,119.1,169.8,160.1,191.5,177.8,218.1,303.7,320.6,344.1,456.3,626.1,481.1,519.2,563.5,658.3,547.3,742.4,613.8,427.6,(NA)
 "08000" ,"Colorado",7,SAGDP2N,"Gross domestic product (GDP) by state","Millions of current dollars",56,"53","   Real estate and rental and leasing",20080.5,21891.5,24468.6,26794.2,29291.6,30687.4,31048.5,29833.7,29503.6,30702.3,33472.9,34835.5,34161.9,35568.6,37687.9,38534.9,39849.0,41406.8,45134.8,48803.2,51199.7
 "08000" ,"Colorado",7,SAGDP2N,"Gross domestic product (GDP) by state","Millions of current dollars",57,"531","    Real estate",16810.2,17793.1,19606.3,21347.7,23162.5,24584.4,25293.4,25253.3,26330.3,26122.0,27886.0,29206.4,30068.3,31839.1,33819.8,34633.5,36368.0,38121.5,41371.3,44925.9,(NA)
 "08000" ,"Colorado",7,SAGDP2N,"Gross domestic product (GDP) by state","Millions of current dollars",58,"532-533","    Rental and leasing services and lessors of nonfinancial intangible assets",3270.3,4098.4,4862.3,5446.5,6129.1,6103.0,5755.2,4580.4,3173.3,4580.3,5586.9,5629.1,4093.5,3729.5,3868.2,3901.4,3481.0,3285.3,3763.5,3877.3,(NA)
 "08000" ,"Colorado",7,SAGDP2N,"Gross domestic product (GDP) by state","Millions of current dollars",59,"54, 55, 56","  Professional and business services",15264.8,16754.6,19007.9,21787.3,22327.5,22117.1,23410.0,25494.7,27966.3,30263.9,33428.0,35619.5,34881.1,36376.1,37703.8,40676.9,41604.0,43958.0,46245.5,47345.4,51068.2
 "08000" ,"Colorado",7,SAGDP2N,"Gross domestic product (GDP) by state","Millions of current dollars",60,"54","   Professional, scientific, and technical services",9958.2,11050.5,12379.5,13852.4,14535.3,14398.3,15010.9,16065.9,17512.3,19010.4,21014.8,23098.0,22712.0,23545.8,24482.6,25729.4,27057.7,28359.3,29714.7,30915.5,32795.8
 "08000" ,"Colorado",7,SAGDP2N,"Gross domestic product (GDP) by state","Millions of current dollars",61,"5411","    Legal services",1213.7,1322.3,1414.0,1563.6,1717.4,1785.8,1887.5,2036.7,2265.5,2397.8,2641.4,2975.3,2800.8,2767.1,2933.9,3038.7,3053.1,3088.8,3143.9,3243.4,(NA)
 "08000" ,"Colorado",7,SAGDP2N,"Gross domestic product (GDP) by state","Millions of current dollars",62,"5415","    Computer systems design and related services",2398.6,2693.6,3320.1,3979.9,4006.5,3314.1,3383.1,3536.5,3794.3,4177.6,4691.5,5180.2,5308.3,5661.7,6074.2,6626.4,7267.0,7454.9,7643.8,8519.7,(NA)
 "08000" ,"Colorado",7,SAGDP2N,"Gross domestic product (GDP) by state","Millions of current dollars",63,"5412-5414, 5416-5419","    Miscellaneous professional, scientific, and technical services",6345.9,7034.5,7645.4,8308.9,8811.4,9298.4,9740.3,10492.6,11452.6,12435.0,13681.9,14942.5,14602.9,15117.0,15474.5,16064.3,16737.6,17815.6,18927.0,19152.5,(NA)
 "08000" ,"Colorado",7,SAGDP2N,"Gross domestic product (GDP) by state","Millions of current dollars",64,"55","   Management of companies and enterprises",1088.4,1291.6,1670.0,2349.8,1987.7,1965.8,2346.6,2969.4,3446.8,3895.2,4429.6,4349.0,4636.9,5077.5,5347.0,6486.9,5963.3,6390.6,6843.4,6293.2,7426.6
 "08000" ,"Colorado",7,SAGDP2N,"Gross domestic product (GDP) by state","Millions of current dollars",65,"56","   Administrative and support and waste management and remediation services",4218.1,4412.6,4958.4,5585.1,5804.5,5753.0,6052.5,6459.5,7007.2,7358.3,7983.5,8172.5,7532.2,7752.8,7874.2,8460.6,8582.9,9208.0,9687.3,10136.7,10845.7
 "08000" ,"Colorado",7,SAGDP2N,"Gross domestic product (GDP) by state","Millions of current dollars",66,"561","    Administrative and support services",3448.2,3646.4,4022.9,4608.5,4709.7,4577.2,4898.5,5437.1,5982.5,6548.5,7317.5,7529.9,6875.4,6917.9,7079.3,7694.3,7843.8,8383.5,8761.6,9107.8,(NA)
 "08000" ,"Colorado",7,SAGDP2N,"Gross domestic product (GDP) by state","Millions of current dollars",67,"562","    Waste management and remediation services",769.9,766.2,935.5,976.6,1094.8,1175.8,1154.0,1022.3,1024.7,809.8,666.0,642.6,656.8,834.9,794.8,766.4,739.1,824.5,925.7,1028.8,(NA)
 "08000" ,"Colorado",7,SAGDP2N,"Gross domestic product (GDP) by state","Millions of current dollars",68,"61, 62","  Educational services, health care, and social assistance",7690.2,8009.8,8451.6,9256.4,10315.9,11127.3,11899.9,12734.1,13330.6,14080.6,14976.9,16403.1,17692.3,18455.4,19078.1,19976.1,20537.9,21640.4,22943.0,24410.4,25312.9
 "08000" ,"Colorado",7,SAGDP2N,"Gross domestic product (GDP) by state","Millions of current dollars",69,"61","   Educational services",729.6,762.7,886.0,1022.3,1156.4,1170.1,1306.0,1476.7,1573.4,1704.3,1797.6,1992.4,2208.6,2406.6,2456.1,2602.3,2687.1,2842.5,2905.7,3055.2,3046.5
 "08000" ,"Colorado",7,SAGDP2N,"Gross domestic product (GDP) by state","Millions of current dollars",70,"62","   Health care and social assistance",6960.6,7247.1,7565.6,8234.1,9159.5,9957.2,10593.9,11257.4,11757.2,12376.3,13179.3,14410.7,15483.7,16048.8,16622.1,17373.8,17850.7,18797.9,20037.2,21355.2,22266.4
 "08000" ,"Colorado",7,SAGDP2N,"Gross domestic product (GDP) by state","Millions of current dollars",71,"621","    Ambulatory health care services",3927.8,4073.1,4250.3,4604.4,5100.5,5517.2,5838.4,6131.4,6368.1,6651.6,7099.6,7745.6,8240.3,8608.8,9053.1,9405.6,9766.9,10398.8,11077.7,11992.8,(NA)
 "08000" ,"Colorado",7,SAGDP2N,"Gross domestic product (GDP) by state","Millions of current dollars",72,"622","    Hospitals",1745.5,1799.1,1792.7,1963.4,2199.4,2429.9,2641.9,2928.4,3054.2,3281.3,3499.4,3860.4,4305.3,4400.8,4528.3,4812.5,4757.4,4920.2,5296.0,5579.4,(NA)
 "08000" ,"Colorado",7,SAGDP2N,"Gross domestic product (GDP) by state","Millions of current dollars",73,"623","    Nursing and residential care facilities",724.8,752.6,814.6,888.8,974.9,1068.6,1108.5,1163.9,1220.3,1276.5,1336.3,1452.0,1562.8,1615.9,1645.8,1675.8,1723.6,1771.9,1847.1,1946.0,(NA)
 "08000" ,"Colorado",7,SAGDP2N,"Gross domestic product (GDP) by state","Millions of current dollars",74,"624","    Social assistance",562.4,622.4,707.9,777.5,884.7,941.5,1005.0,1033.8,1114.6,1166.9,1244.0,1352.7,1375.3,1423.4,1394.9,1479.9,1602.8,1707.0,1816.4,1836.9,(NA)
 "08000" ,"Colorado",7,SAGDP2N,"Gross domestic product (GDP) by state","Millions of current dollars",75,"71, 72","  Arts, entertainment, recreation, accommodation, and food services",5703.8,6117.5,6807.6,7535.9,7736.6,8145.2,8150.2,8499.1,9360.1,9875.9,10359.7,10750.1,10404.7,10745.1,11337.5,12030.0,13513.4,14444.4,16048.1,16768.4,17890.7
 "08000" ,"Colorado",7,SAGDP2N,"Gross domestic product (GDP) by state","Millions of current dollars",76,"71","   Arts, entertainment, and recreation",1720.5,1808.0,1989.4,2222.4,2145.5,2319.4,2301.5,2114.4,2375.8,2475.7,2596.3,2785.9,2818.4,2972.6,3125.3,3224.0,4125.9,4771.6,5338.7,5640.9,6060.6
 "08000" ,"Colorado",7,SAGDP2N,"Gross domestic product (GDP) by state","Millions of current dollars",77,"711-712","    Performing arts, spectator sports, museums, and related activities",642.9,714.0,783.1,855.9,934.6,1022.7,986.6,771.0,881.0,942.3,1017.9,1183.1,1260.6,980.6,1043.9,1128.5,1744.6,1999.7,2188.6,2332.1,(NA)
 "08000" ,"Colorado",7,SAGDP2N,"Gross domestic product (GDP) by state","Millions of current dollars",78,"713","    Amusement, gambling, and recreation industries",1077.5,1094.1,1206.3,1366.4,1210.9,1296.7,1314.9,1343.4,1494.8,1533.4,1578.4,1602.8,1557.8,1992.0,2081.4,2095.6,2381.3,2771.9,3150.1,3308.8,(NA)
 "08000" ,"Colorado",7,SAGDP2N,"Gross domestic product (GDP) by state","Millions of current dollars",79,"72","   Accommodation and food services",3983.3,4309.5,4818.2,5313.5,5591.1,5825.8,5848.7,6384.7,6984.4,7400.3,7763.4,7964.2,7586.3,7772.5,8212.2,8806.0,9387.5,9672.8,10709.4,11127.5,11830.1
 "08000" ,"Colorado",7,SAGDP2N,"Gross domestic product (GDP) by state","Millions of current dollars",80,"721","    Accommodation",1373.3,1456.7,1645.0,1827.8,1842.2,1885.4,1875.3,2102.0,2204.9,2287.0,2384.3,2611.3,2321.8,2473.0,2732.1,2906.1,3095.7,2825.7,3099.4,3126.6,(NA)
 "08000" ,"Colorado",7,SAGDP2N,"Gross domestic product (GDP) by state","Millions of current dollars",81,"722","    Food services and drinking places",2610.0,2852.7,3173.2,3485.7,3748.9,3940.4,3973.5,4282.7,4779.5,5113.2,5379.1,5352.9,5264.5,5299.5,5480.1,5899.8,6291.8,6847.1,7610.0,8000.9,(NA)
 "08000" ,"Colorado",7,SAGDP2N,"Gross domestic product (GDP) by state","Millions of current dollars",82,"81","  Other services (except government and government enterprises)",3719.4,4170.8,4442.6,4785.2,4643.6,4971.3,5069.4,5240.7,5477.9,5683.4,5855.6,5947.8,5815.2,5799.2,5905.3,6238.0,6486.4,6921.9,7325.4,7607.8,7975.4
 "08000" ,"Colorado",7,SAGDP2N,"Gross domestic product (GDP) by state","Millions of current dollars",83,"..."," Government and government enterprises",18933.9,19631.9,20779.4,21748.1,23429.5,25179.8,26181.7,27036.8,28361.3,28977.1,29676.8,31836.0,32868.1,33899.2,34174.0,34681.7,35643.6,37246.1,39454.2,40837.2,42297.7
 "08000" ,"Colorado",7,SAGDP2N,"Gross domestic product (GDP) by state","Millions of current dollars",84,"...","  Federal civilian",4465.7,4553.3,4750.7,5088.6,5164.6,5437.0,5706.4,6015.7,6180.5,6380.2,6619.8,6802.7,6995.3,7382.6,7531.3,7600.6,7432.1,7744.1,8203.1,8514.8,(NA)
 "08000" ,"Colorado",7,SAGDP2N,"Gross domestic product (GDP) by state","Millions of current dollars",85,"...","  Military",2669.8,2699.7,2811.8,2953.1,2994.5,3164.7,3303.5,3314.9,3633.0,3609.1,3702.4,3988.2,4366.6,4815.7,5013.7,4955.5,4813.6,4857.7,4778.6,4658.4,(NA)
 "08000" ,"Colorado",7,SAGDP2N,"Gross domestic product (GDP) by state","Millions of current dollars",86,"...","  State and local",11798.5,12378.9,13216.9,13706.3,15270.4,16578.2,17171.8,17706.3,18547.9,18987.8,19354.6,21045.1,21506.3,21700.9,21629.1,22125.6,23398.0,24644.3,26472.4,27663.9,(NA)
 "08000" ,"Colorado",7,SAGDP2N,"Gross domestic product (GDP) by state","Millions of current dollars",87,"11, 21","Natural resources and mining",3374.5,3341.8,3317.9,3908.3,4586.0,4169.0,5876.7,7748.2,11595.5,12898.1,13724.9,18001.9,12707.7,13950.3,16111.0,14907.0,16304.2,19131.5,13115.6,10941.5,13847.5
 "08000" ,"Colorado",7,SAGDP2N,"Gross domestic product (GDP) by state","Millions of current dollars",88,"42, 44-45","Trade",16888.4,18459.5,19500.2,21596.4,22078.9,22075.6,22379.3,23266.3,24929.4,26284.9,27881.9,28378.2,27088.7,28098.9,28816.2,30629.5,32119.1,33902.4,35841.8,36881.2,38602.4
 "08000" ,"Colorado",7,SAGDP2N,"Gross domestic product (GDP) by state","Millions of current dollars",89,"...","Transportation and utilities",6033.7,6472.0,6708.8,7081.9,6926.3,6989.4,7651.1,8705.2,9431.4,9140.7,9904.5,10082.2,9857.5,10863.1,10903.6,11522.4,13704.1,15173.3,16248.1,16158.3,16790.8
 "08000" ,"Colorado",7,SAGDP2N,"Gross domestic product (GDP) by state","Millions of current dollars",90,"...","Private goods-producing industries 2/",24694.7,26416.6,27537.3,31071.4,31119.7,30898.6,31964.3,35574.3,41675.2,45047.5,47293.6,50876.7,44028.7,43452.0,46133.4,45760.8,49916.1,55866.3,52405.3,51372.0,56179.8
 "08000" ,"Colorado",7,SAGDP2N,"Gross domestic product (GDP) by state","Millions of current dollars",91,"...","Private services-providing industries 3/",93046.7,104333.2,115910.1,127786.0,133022.7,134884.3,138337.7,141369.0,149871.3,157181.3,169073.1,172854.1,171696.8,177789.2,184124.1,193077.0,202745.4,213249.5,226118.5,236304.7,246755.5
"Note: See the included footnote file."
"SAGDP2N: Gross domestic product (GDP) by state 1/"
"Last updated: November 14, 2018; revised statistics for 1997-2017."
"Source: U.S. Department of Commerce / Bureau of Economic Analysis / Regional Economic Accounts"
