GeoFIPS,GeoName,Region,TableName,ComponentName,Unit,IndustryId,IndustryClassification,Description,1997,1998,1999,2000,2001,2002,2003,2004,2005,2006,2007,2008,2009,2010,2011,2012,2013,2014,2015,2016,2017
 "45000" ,"South Carolina",5,SAGDP2N,"Gross domestic product (GDP) by state","Millions of current dollars",1,"...","All industry total",97393.0,103642.6,110251.8,115246.8,119301.4,124160.1,130337.4,135160.1,142616.6,150659.1,159362.5,161804.7,159835.6,163856.8,170087.2,175374.8,183014.9,191967.4,203920.5,212460.2,221689.6
 "45000" ,"South Carolina",5,SAGDP2N,"Gross domestic product (GDP) by state","Millions of current dollars",2,"..."," Private industries",82888.0,88244.5,93654.7,97416.2,101054.4,104916.4,109937.6,113606.5,119654.5,126441.0,133856.9,134526.1,132033.6,136104.0,141640.1,146048.4,152787.8,160878.4,171167.0,179139.0,187533.4
 "45000" ,"South Carolina",5,SAGDP2N,"Gross domestic product (GDP) by state","Millions of current dollars",3,"11","  Agriculture, forestry, fishing, and hunting",1019.2,855.7,853.8,1000.3,1116.1,760.1,1113.0,1357.4,1158.1,1145.7,1009.8,1117.1,1139.8,1206.8,1131.1,1188.1,1461.9,1116.4,1014.7,1054.0,1108.5
 "45000" ,"South Carolina",5,SAGDP2N,"Gross domestic product (GDP) by state","Millions of current dollars",4,"111-112","   Farms",744.5,578.0,571.3,704.8,811.5,462.0,796.4,1028.1,838.4,743.9,607.3,739.3,766.3,828.0,742.8,799.9,1071.3,684.3,564.0,595.3,(NA)
 "45000" ,"South Carolina",5,SAGDP2N,"Gross domestic product (GDP) by state","Millions of current dollars",5,"113-115","   Forestry, fishing, and related activities",274.7,277.7,282.5,295.5,304.6,298.1,316.7,329.3,319.7,401.8,402.6,377.8,373.6,378.8,388.3,388.1,390.6,432.0,450.6,458.7,(NA)
 "45000" ,"South Carolina",5,SAGDP2N,"Gross domestic product (GDP) by state","Millions of current dollars",6,"21","  Mining, quarrying, and oil and gas extraction",131.8,159.1,191.1,201.9,173.7,194.5,218.6,275.5,276.2,344.3,265.8,277.1,265.8,227.5,235.1,199.6,203.4,218.1,331.0,352.4,312.2
 "45000" ,"South Carolina",5,SAGDP2N,"Gross domestic product (GDP) by state","Millions of current dollars",7,"211","   Oil and gas extraction",0.9,0.9,1.3,1.0,(L),0.1,0.2,0.7,0.5,0.9,0.7,0.5,0.3,0.1,(L),0.5,1.2,0.7,1.3,1.6,(NA)
 "45000" ,"South Carolina",5,SAGDP2N,"Gross domestic product (GDP) by state","Millions of current dollars",8,"212","   Mining (except oil and gas)",129.0,155.4,185.7,192.4,171.3,192.1,216.2,272.7,273.5,339.3,261.0,272.7,262.0,221.9,226.5,189.9,194.6,206.6,306.9,341.3,(NA)
 "45000" ,"South Carolina",5,SAGDP2N,"Gross domestic product (GDP) by state","Millions of current dollars",9,"213","   Support activities for mining",1.9,2.8,4.0,8.5,2.4,2.3,2.1,2.0,2.2,4.2,4.0,3.9,3.6,5.6,8.5,9.2,7.6,10.9,22.8,9.6,(NA)
 "45000" ,"South Carolina",5,SAGDP2N,"Gross domestic product (GDP) by state","Millions of current dollars",10,"22","  Utilities",2935.3,2831.4,3062.6,3078.8,3033.4,2948.4,3091.5,3424.3,3489.1,4011.2,3839.7,3913.4,4505.1,5005.6,5148.7,5078.8,5267.2,5573.3,5564.9,5769.2,5640.4
 "45000" ,"South Carolina",5,SAGDP2N,"Gross domestic product (GDP) by state","Millions of current dollars",11,"23","  Construction",5309.7,5928.0,6318.5,6695.8,6784.9,6823.8,7370.8,8560.2,9100.5,9806.1,10230.7,9216.2,7606.8,6495.6,6302.0,6953.1,7600.0,8387.4,9211.9,10390.6,11481.5
 "45000" ,"South Carolina",5,SAGDP2N,"Gross domestic product (GDP) by state","Millions of current dollars",12,"31-33","  Manufacturing",22036.9,23191.5,24034.7,24194.2,24893.1,26114.0,27048.6,24224.0,24584.7,25467.4,26518.5,25664.2,25046.1,26476.4,28233.2,29011.9,29628.6,31140.9,34328.1,35083.4,36579.5
 "45000" ,"South Carolina",5,SAGDP2N,"Gross domestic product (GDP) by state","Millions of current dollars",13,"321,327-339","   Durable goods manufacturing",9678.6,10395.0,11240.0,11336.2,12475.5,14490.3,15670.7,13675.8,14790.9,15038.7,15239.4,15072.0,13646.5,14534.2,16090.7,17384.7,17680.6,18336.4,19814.8,21448.8,22049.1
 "45000" ,"South Carolina",5,SAGDP2N,"Gross domestic product (GDP) by state","Millions of current dollars",14,"321","    Wood product manufacturing",498.8,465.3,509.0,466.8,444.5,481.5,473.0,612.1,690.0,679.4,661.6,534.4,417.2,512.4,547.0,675.5,818.5,785.1,758.8,914.2,(NA)
 "45000" ,"South Carolina",5,SAGDP2N,"Gross domestic product (GDP) by state","Millions of current dollars",15,"327","    Nonmetallic mineral product manufacturing",750.0,820.8,915.2,777.9,841.5,807.5,828.7,907.6,985.6,1080.2,1083.7,819.0,654.3,694.2,750.8,856.3,860.7,756.1,896.3,1021.9,(NA)
 "45000" ,"South Carolina",5,SAGDP2N,"Gross domestic product (GDP) by state","Millions of current dollars",16,"331","    Primary metal manufacturing",575.7,599.6,517.1,747.4,592.2,680.6,709.1,1034.7,1460.0,1630.6,1524.0,1479.4,688.0,830.1,1009.0,1365.1,925.5,1008.2,1097.5,1017.0,(NA)
 "45000" ,"South Carolina",5,SAGDP2N,"Gross domestic product (GDP) by state","Millions of current dollars",17,"332","    Fabricated metal product manufacturing",2020.7,2037.8,2141.2,2133.5,1919.2,1920.2,2215.3,2393.0,2418.9,2145.9,2347.4,2567.1,2243.9,2295.4,2262.0,2576.1,2750.9,3087.8,3410.4,3423.7,(NA)
 "45000" ,"South Carolina",5,SAGDP2N,"Gross domestic product (GDP) by state","Millions of current dollars",18,"333","    Machinery manufacturing",1970.5,2408.9,2683.9,2555.2,3756.3,5280.7,6101.5,2530.4,2539.7,1965.2,2725.2,2509.4,2958.7,2409.4,2827.5,2979.3,2847.4,2458.8,2547.8,3160.6,(NA)
 "45000" ,"South Carolina",5,SAGDP2N,"Gross domestic product (GDP) by state","Millions of current dollars",19,"334","    Computer and electronic product manufacturing",376.6,323.4,441.4,601.1,491.9,670.6,447.3,761.9,784.6,743.8,616.1,678.3,555.8,682.8,735.2,1208.8,1167.4,1620.4,1800.8,1778.2,(NA)
 "45000" ,"South Carolina",5,SAGDP2N,"Gross domestic product (GDP) by state","Millions of current dollars",20,"335","    Electrical equipment, appliance, and component manufacturing",963.1,893.4,1147.4,1150.0,1160.9,839.8,920.6,986.5,1145.5,1632.0,1565.3,2042.7,2132.9,2095.6,2060.2,2147.4,2377.9,2340.7,2684.7,2677.9,(NA)
 "45000" ,"South Carolina",5,SAGDP2N,"Gross domestic product (GDP) by state","Millions of current dollars",21,"3361-3363","    Motor vehicles, bodies and trailers, and parts manufacturing",1466.6,1775.8,1795.6,1886.5,2087.4,2443.7,2634.7,3067.9,3136.8,3351.1,2638.4,2336.3,1194.9,2456.0,3236.5,3321.0,3625.0,4024.5,4246.0,4591.1,(NA)
 "45000" ,"South Carolina",5,SAGDP2N,"Gross domestic product (GDP) by state","Millions of current dollars",22,"3364-3369","    Other transportation equipment manufacturing",294.8,311.4,357.9,389.2,381.2,426.2,414.2,530.3,592.4,660.2,814.3,874.6,1280.9,1342.7,1655.5,1195.6,1249.5,1217.9,1211.8,1626.2,(NA)
 "45000" ,"South Carolina",5,SAGDP2N,"Gross domestic product (GDP) by state","Millions of current dollars",23,"337","    Furniture and related product manufacturing",232.7,254.6,236.7,244.7,196.3,189.7,152.6,149.4,254.0,330.5,327.8,197.8,219.6,196.3,214.2,243.6,295.4,336.1,415.9,443.8,(NA)
 "45000" ,"South Carolina",5,SAGDP2N,"Gross domestic product (GDP) by state","Millions of current dollars",24,"339","    Miscellaneous manufacturing",529.3,503.8,494.7,383.9,604.1,749.7,773.6,702.0,783.5,819.8,935.6,1032.9,1300.3,1019.3,793.0,816.0,762.5,700.7,744.9,794.2,(NA)
 "45000" ,"South Carolina",5,SAGDP2N,"Gross domestic product (GDP) by state","Millions of current dollars",25,"311-316,322-326","   Nondurable goods manufacturing",12358.3,12796.5,12794.7,12858.1,12417.6,11623.7,11377.9,10548.2,9793.8,10428.8,11279.1,10592.2,11399.6,11942.2,12142.4,11627.2,11948.0,12804.5,14513.3,13634.5,14530.4
 "45000" ,"South Carolina",5,SAGDP2N,"Gross domestic product (GDP) by state","Millions of current dollars",26,"311-312","    Food and beverage and tobacco products manufacturing",745.7,879.2,954.7,938.2,1139.6,1247.2,1322.8,951.3,929.5,1014.7,1080.3,1303.9,1532.8,1609.0,1541.9,1744.9,1584.9,1811.8,2098.0,2176.3,(NA)
 "45000" ,"South Carolina",5,SAGDP2N,"Gross domestic product (GDP) by state","Millions of current dollars",27,"313-314","    Textile mills and textile product mills",3440.7,3569.2,3478.2,3439.6,3256.9,2859.7,2141.4,2124.3,1652.3,1511.8,1404.5,1222.6,927.8,1351.8,1435.6,1326.0,1359.1,1397.0,1404.2,1440.4,(NA)
 "45000" ,"South Carolina",5,SAGDP2N,"Gross domestic product (GDP) by state","Millions of current dollars",28,"315-316","    Apparel, leather, and allied product manufacturing",578.7,453.9,227.4,297.3,195.0,157.4,165.5,199.8,158.5,108.2,90.1,130.6,72.9,63.5,74.5,90.1,126.6,153.7,180.3,118.4,(NA)
 "45000" ,"South Carolina",5,SAGDP2N,"Gross domestic product (GDP) by state","Millions of current dollars",29,"322","    Paper manufacturing",2495.2,2295.1,2413.0,2662.2,2216.4,2069.4,2107.6,2198.7,2490.3,2784.5,2662.5,2672.5,2903.6,2439.9,2334.6,2414.4,3117.7,3166.1,3192.1,2508.4,(NA)
 "45000" ,"South Carolina",5,SAGDP2N,"Gross domestic product (GDP) by state","Millions of current dollars",30,"323","    Printing and related support activities",359.0,362.5,402.8,425.5,416.3,443.5,445.8,292.1,310.6,347.5,368.1,364.8,248.8,275.0,295.3,354.5,325.9,342.0,378.1,376.5,(NA)
 "45000" ,"South Carolina",5,SAGDP2N,"Gross domestic product (GDP) by state","Millions of current dollars",31,"324","    Petroleum and coal products manufacturing",39.0,51.8,36.8,39.7,50.9,50.3,69.7,74.1,50.1,54.1,57.2,80.8,69.6,67.1,68.9,71.5,87.9,139.6,200.9,178.9,(NA)
 "45000" ,"South Carolina",5,SAGDP2N,"Gross domestic product (GDP) by state","Millions of current dollars",32,"325","    Chemical manufacturing",2906.9,2804.9,2627.3,2133.1,2096.6,2193.0,2063.3,2144.2,1656.9,1956.5,3129.8,2622.7,3153.5,3882.3,3732.9,3563.3,3260.3,3724.0,4330.1,4228.9,(NA)
 "45000" ,"South Carolina",5,SAGDP2N,"Gross domestic product (GDP) by state","Millions of current dollars",33,"326","    Plastics and rubber products manufacturing",1793.1,2379.8,2654.6,2922.4,3045.9,2603.3,3061.8,2563.6,2545.7,2651.4,2486.6,2194.3,2490.7,2253.6,2658.7,2062.5,2085.6,2070.4,2729.6,2606.6,(NA)
 "45000" ,"South Carolina",5,SAGDP2N,"Gross domestic product (GDP) by state","Millions of current dollars",34,"42","  Wholesale trade",5362.9,5667.8,5801.4,6169.4,6166.0,6329.1,6573.8,7447.5,8356.5,9057.2,9559.0,9827.5,8842.4,9216.8,9604.3,10203.7,10638.6,11352.2,11889.0,12187.7,12733.1
 "45000" ,"South Carolina",5,SAGDP2N,"Gross domestic product (GDP) by state","Millions of current dollars",35,"44-45","  Retail trade",8114.9,8870.3,9295.0,9527.2,9703.6,9835.4,10503.2,10963.4,11579.5,12035.6,12204.9,11882.7,11511.9,11627.4,11877.2,12252.5,12921.5,13374.4,13767.2,14313.7,14754.5
 "45000" ,"South Carolina",5,SAGDP2N,"Gross domestic product (GDP) by state","Millions of current dollars",36,"48-49","  Transportation and warehousing",2220.1,2504.3,2632.8,2871.3,2797.9,2866.7,3027.0,3177.5,3530.8,3753.2,3739.6,3749.0,3437.3,3585.2,3773.8,3935.0,4079.2,4354.6,4796.2,4916.1,5220.9
 "45000" ,"South Carolina",5,SAGDP2N,"Gross domestic product (GDP) by state","Millions of current dollars",37,"481","   Air transportation",58.1,58.0,66.6,67.4,41.8,68.9,83.5,73.7,102.7,107.2,145.5,145.2,149.0,176.4,179.6,190.9,197.8,212.1,229.9,265.6,(NA)
 "45000" ,"South Carolina",5,SAGDP2N,"Gross domestic product (GDP) by state","Millions of current dollars",38,"482","   Rail transportation",176.4,199.2,197.3,202.7,189.7,181.1,195.4,212.8,233.0,256.6,251.9,281.8,260.5,262.3,286.0,311.2,300.0,314.4,330.2,301.3,(NA)
 "45000" ,"South Carolina",5,SAGDP2N,"Gross domestic product (GDP) by state","Millions of current dollars",39,"483","   Water transportation",7.9,9.6,8.8,12.4,16.2,7.9,12.8,11.8,13.0,24.3,27.9,37.8,37.9,55.0,54.1,48.7,63.4,55.7,56.1,68.1,(NA)
 "45000" ,"South Carolina",5,SAGDP2N,"Gross domestic product (GDP) by state","Millions of current dollars",40,"484","   Truck transportation",1042.2,1148.9,1213.5,1287.5,1294.1,1287.7,1379.4,1460.5,1568.6,1689.7,1667.0,1547.6,1342.0,1373.8,1477.5,1544.5,1579.2,1713.5,1894.6,1899.3,(NA)
 "45000" ,"South Carolina",5,SAGDP2N,"Gross domestic product (GDP) by state","Millions of current dollars",41,"485","   Transit and ground passenger transportation",49.9,62.6,66.4,72.8,68.9,69.6,73.0,76.0,76.4,84.8,97.5,115.4,126.9,138.9,147.5,153.5,153.8,164.8,174.1,160.1,(NA)
 "45000" ,"South Carolina",5,SAGDP2N,"Gross domestic product (GDP) by state","Millions of current dollars",42,"486","   Pipeline transportation",16.4,43.6,34.7,20.2,13.5,19.8,15.7,13.2,12.8,13.2,13.2,15.2,14.7,16.5,15.4,21.2,19.7,20.5,20.1,21.4,(NA)
 "45000" ,"South Carolina",5,SAGDP2N,"Gross domestic product (GDP) by state","Millions of current dollars",43,"487-488, 492","   Other transportation and support activities",631.2,680.2,720.8,857.6,838.6,866.4,891.8,923.8,1051.3,1088.1,1047.1,1098.7,1018.2,1066.9,1097.4,1019.5,1032.3,1063.3,1115.7,1146.8,(NA)
 "45000" ,"South Carolina",5,SAGDP2N,"Gross domestic product (GDP) by state","Millions of current dollars",44,"493","   Warehousing and storage",238.0,302.2,324.6,350.8,335.1,365.3,375.6,405.7,473.1,489.3,489.4,507.3,488.2,495.4,516.4,645.5,733.0,810.1,975.5,1053.5,(NA)
 "45000" ,"South Carolina",5,SAGDP2N,"Gross domestic product (GDP) by state","Millions of current dollars",45,"51","  Information",2508.8,2863.9,2807.1,2738.5,2882.2,3189.1,3333.8,3699.3,3953.5,4182.3,4365.7,4919.2,4879.0,4722.5,4526.8,4390.0,4802.7,4903.0,5431.3,5796.5,6813.6
 "45000" ,"South Carolina",5,SAGDP2N,"Gross domestic product (GDP) by state","Millions of current dollars",46,"511","   Publishing industries (except Internet)",354.5,384.1,474.6,406.6,411.1,515.1,583.9,680.8,782.6,772.6,881.2,883.2,828.7,815.9,868.5,995.2,1096.1,1037.1,1040.9,1134.7,(NA)
 "45000" ,"South Carolina",5,SAGDP2N,"Gross domestic product (GDP) by state","Millions of current dollars",47,"512","   Motion picture and sound recording industries",66.8,113.8,115.3,83.4,71.7,136.2,108.1,126.9,76.7,92.3,120.0,139.6,123.5,129.1,120.7,107.1,116.7,106.6,174.5,135.1,(NA)
 "45000" ,"South Carolina",5,SAGDP2N,"Gross domestic product (GDP) by state","Millions of current dollars",48,"515, 517","   Broadcasting (except Internet) and telecommunications",1982.8,2046.6,2013.6,2143.1,2211.2,2239.7,2332.5,2539.4,2751.1,2866.7,3002.4,3402.9,3366.5,3163.7,2860.1,2726.4,3025.7,3111.2,3506.0,3672.3,(NA)
 "45000" ,"South Carolina",5,SAGDP2N,"Gross domestic product (GDP) by state","Millions of current dollars",49,"518, 519","   Data processing, hosting, and other information services",104.7,319.4,203.6,105.3,188.1,298.1,309.3,352.1,343.0,450.7,362.1,493.5,560.3,613.8,677.6,561.3,564.2,648.0,709.9,854.4,(NA)
 "45000" ,"South Carolina",5,SAGDP2N,"Gross domestic product (GDP) by state","Millions of current dollars",50,"52, 53","  Finance, insurance, real estate, rental, and leasing",13717.0,14947.8,16530.3,17715.9,19209.3,20231.5,20455.6,21052.0,22484.9,23512.1,26076.3,26396.1,27551.8,27866.9,29041.0,29424.1,30819.9,32358.5,34164.3,36338.5,37150.3
 "45000" ,"South Carolina",5,SAGDP2N,"Gross domestic product (GDP) by state","Millions of current dollars",51,"52","   Finance and insurance",3351.4,3993.6,4275.9,4664.2,4941.5,5544.1,5934.9,6255.0,7132.3,7256.0,7858.5,7232.4,7798.4,7652.6,7558.1,7703.0,7797.3,8560.8,9032.6,9580.6,9383.2
 "45000" ,"South Carolina",5,SAGDP2N,"Gross domestic product (GDP) by state","Millions of current dollars",52,"521-522","    Monetary Authorities- central bank, credit intermediation, and related services",1375.0,1851.6,2056.3,2215.5,2438.5,2914.5,3023.1,2852.5,3047.8,3211.8,3558.8,3354.3,3354.6,3208.9,3142.0,3290.8,3240.2,3334.1,3544.6,3647.1,(NA)
 "45000" ,"South Carolina",5,SAGDP2N,"Gross domestic product (GDP) by state","Millions of current dollars",53,"523","    Securities, commodity contracts, and other financial investments and related activities",294.3,307.0,310.0,324.1,379.0,368.3,328.4,348.7,436.6,538.8,551.6,280.6,526.2,538.1,490.8,633.4,726.9,683.3,704.6,849.8,(NA)
 "45000" ,"South Carolina",5,SAGDP2N,"Gross domestic product (GDP) by state","Millions of current dollars",54,"524","    Insurance carriers and related activities",1673.1,1820.0,1889.6,2105.7,2108.0,2244.8,2403.5,2822.5,3339.4,3256.3,3440.0,3149.9,3378.5,3466.5,3526.9,3591.6,3691.2,4397.4,4693.9,5011.8,(NA)
 "45000" ,"South Carolina",5,SAGDP2N,"Gross domestic product (GDP) by state","Millions of current dollars",55,"525","    Funds, trusts, and other financial vehicles",9.0,15.0,20.0,18.9,16.1,16.7,179.9,231.3,308.4,249.1,308.0,447.6,539.1,439.1,398.4,187.3,139.0,145.9,89.5,71.9,(NA)
 "45000" ,"South Carolina",5,SAGDP2N,"Gross domestic product (GDP) by state","Millions of current dollars",56,"53","   Real estate and rental and leasing",10365.6,10954.2,12254.4,13051.7,14267.8,14687.3,14520.8,14797.1,15352.7,16256.1,18217.8,19163.7,19753.3,20214.3,21482.9,21721.1,23022.6,23797.7,25131.7,26757.9,27767.1
 "45000" ,"South Carolina",5,SAGDP2N,"Gross domestic product (GDP) by state","Millions of current dollars",57,"531","    Real estate",9313.7,9771.3,10900.6,11630.2,12742.9,13156.1,13091.9,13614.3,14100.9,14779.1,16634.1,17483.1,18130.1,18715.4,19995.5,20084.5,21198.8,21874.8,22926.5,24369.6,(NA)
 "45000" ,"South Carolina",5,SAGDP2N,"Gross domestic product (GDP) by state","Millions of current dollars",58,"532-533","    Rental and leasing services and lessors of nonfinancial intangible assets",1051.8,1182.8,1353.8,1421.5,1525.0,1531.2,1428.9,1182.7,1251.8,1477.0,1583.7,1680.6,1623.2,1499.0,1487.4,1636.7,1823.9,1923.0,2205.2,2388.3,(NA)
 "45000" ,"South Carolina",5,SAGDP2N,"Gross domestic product (GDP) by state","Millions of current dollars",59,"54, 55, 56","  Professional and business services",8165.2,8073.4,8819.3,9206.0,9785.5,10232.7,10923.7,11950.6,12823.6,13547.0,14852.5,15740.6,15035.9,16471.5,17714.7,18283.4,18742.9,19942.8,20995.8,22130.7,23968.3
 "45000" ,"South Carolina",5,SAGDP2N,"Gross domestic product (GDP) by state","Millions of current dollars",60,"54","   Professional, scientific, and technical services",4060.7,3866.1,4163.8,4277.4,4712.1,5008.4,5206.5,5667.5,6104.3,6539.0,7201.0,7895.1,7575.9,8003.3,8748.4,9137.1,9416.1,9971.8,10672.1,11404.8,12342.5
 "45000" ,"South Carolina",5,SAGDP2N,"Gross domestic product (GDP) by state","Millions of current dollars",61,"5411","    Legal services",867.2,1060.1,1097.1,1100.8,1246.7,1299.1,1387.9,1491.8,1651.8,1766.5,1850.2,1948.0,1723.5,1658.5,1728.2,1733.5,1745.7,1816.2,1879.9,2024.5,(NA)
 "45000" ,"South Carolina",5,SAGDP2N,"Gross domestic product (GDP) by state","Millions of current dollars",62,"5415","    Computer systems design and related services",288.4,373.0,449.0,501.4,553.3,539.0,569.5,556.9,621.8,648.7,784.7,827.4,909.5,966.5,1179.6,1264.5,1358.9,1442.2,1586.9,1807.0,(NA)
 "45000" ,"South Carolina",5,SAGDP2N,"Gross domestic product (GDP) by state","Millions of current dollars",63,"5412-5414, 5416-5419","    Miscellaneous professional, scientific, and technical services",2905.1,2433.0,2617.6,2675.1,2912.1,3170.3,3249.1,3618.8,3830.6,4123.8,4566.2,5119.6,4943.0,5378.4,5840.7,6139.1,6311.6,6713.3,7205.3,7573.3,(NA)
 "45000" ,"South Carolina",5,SAGDP2N,"Gross domestic product (GDP) by state","Millions of current dollars",64,"55","   Management of companies and enterprises",569.7,597.3,628.3,694.4,729.9,721.9,917.6,1266.1,1231.1,1359.0,1426.6,1461.5,1396.7,1419.6,1510.1,1629.9,1702.6,1735.8,1726.3,1907.5,2268.8
 "45000" ,"South Carolina",5,SAGDP2N,"Gross domestic product (GDP) by state","Millions of current dollars",65,"56","   Administrative and support and waste management and remediation services",3534.8,3610.0,4027.2,4234.2,4343.5,4502.4,4799.6,5017.0,5488.3,5648.9,6225.0,6384.0,6063.2,7048.5,7456.1,7516.4,7624.1,8235.2,8597.3,8818.4,9356.9
 "45000" ,"South Carolina",5,SAGDP2N,"Gross domestic product (GDP) by state","Millions of current dollars",66,"561","    Administrative and support services",2210.6,2261.6,2475.0,2741.4,2766.6,2868.0,3215.2,3576.8,4046.5,4486.2,4944.5,5103.6,4709.5,5371.0,5953.7,6145.3,6323.4,6845.3,7033.1,7087.0,(NA)
 "45000" ,"South Carolina",5,SAGDP2N,"Gross domestic product (GDP) by state","Millions of current dollars",67,"562","    Waste management and remediation services",1324.2,1348.4,1552.2,1492.7,1576.8,1634.4,1584.3,1440.2,1441.8,1162.8,1280.5,1280.4,1353.7,1677.5,1502.5,1371.1,1300.7,1389.9,1564.3,1731.4,(NA)
 "45000" ,"South Carolina",5,SAGDP2N,"Gross domestic product (GDP) by state","Millions of current dollars",68,"61, 62","  Educational services, health care, and social assistance",5116.8,5412.8,5821.5,6231.4,6954.9,7396.7,7883.4,8449.7,8930.3,9561.5,10192.7,11096.5,11663.3,12262.5,12741.8,13126.6,13562.1,14184.9,14930.0,15571.8,16137.0
 "45000" ,"South Carolina",5,SAGDP2N,"Gross domestic product (GDP) by state","Millions of current dollars",69,"61","   Educational services",502.5,518.4,590.7,631.5,685.8,707.5,787.2,863.7,894.1,976.3,1058.1,1187.2,1322.2,1390.1,1456.8,1507.4,1540.7,1640.3,1693.5,1747.8,1687.2
 "45000" ,"South Carolina",5,SAGDP2N,"Gross domestic product (GDP) by state","Millions of current dollars",70,"62","   Health care and social assistance",4614.3,4894.4,5230.8,5599.9,6269.1,6689.1,7096.2,7586.0,8036.2,8585.2,9134.6,9909.3,10341.1,10872.4,11285.1,11619.2,12021.4,12544.6,13236.5,13823.9,14449.8
 "45000" ,"South Carolina",5,SAGDP2N,"Gross domestic product (GDP) by state","Millions of current dollars",71,"621","    Ambulatory health care services",2770.9,2899.8,3087.7,3308.8,3620.8,3819.9,4040.5,4306.6,4559.3,4836.9,5062.1,5521.9,5759.3,5890.3,6165.7,6336.8,6905.5,7233.0,7639.8,8067.5,(NA)
 "45000" ,"South Carolina",5,SAGDP2N,"Gross domestic product (GDP) by state","Millions of current dollars",72,"622","    Hospitals",975.9,1037.6,1087.9,1144.2,1419.2,1550.9,1633.7,1812.8,1928.8,2080.7,2270.8,2446.5,2557.7,2873.0,2980.2,3095.4,2922.1,3031.8,3186.1,3241.3,(NA)
 "45000" ,"South Carolina",5,SAGDP2N,"Gross domestic product (GDP) by state","Millions of current dollars",73,"623","    Nursing and residential care facilities",535.0,595.1,655.5,716.8,822.2,864.6,928.0,973.5,1012.1,1088.1,1167.1,1264.9,1340.7,1410.7,1451.9,1473.9,1459.2,1485.2,1561.0,1612.4,(NA)
 "45000" ,"South Carolina",5,SAGDP2N,"Gross domestic product (GDP) by state","Millions of current dollars",74,"624","    Social assistance",332.5,362.0,399.7,430.1,406.9,453.7,493.9,493.1,536.1,579.4,634.6,676.0,683.3,698.4,687.2,713.1,734.5,794.5,849.7,902.7,(NA)
 "45000" ,"South Carolina",5,SAGDP2N,"Gross domestic product (GDP) by state","Millions of current dollars",75,"71, 72","  Arts, entertainment, recreation, accommodation, and food services",3665.3,3967.6,4453.8,4547.4,4496.8,4712.0,5069.3,5489.7,5719.2,6177.6,7028.2,6688.7,6580.0,6933.4,7226.7,7740.4,8622.1,9278.3,9842.0,10235.8,10477.5
 "45000" ,"South Carolina",5,SAGDP2N,"Gross domestic product (GDP) by state","Millions of current dollars",76,"71","   Arts, entertainment, and recreation",875.9,897.6,1008.9,823.8,657.1,664.0,705.8,775.2,832.9,899.3,978.3,1049.8,1036.8,1196.9,1267.4,1310.8,1257.6,1325.2,1370.0,1420.0,1457.0
 "45000" ,"South Carolina",5,SAGDP2N,"Gross domestic product (GDP) by state","Millions of current dollars",77,"711-712","    Performing arts, spectator sports, museums, and related activities",180.3,190.6,195.5,192.4,190.0,206.0,231.3,270.1,286.9,279.6,268.5,293.9,303.2,347.8,396.4,450.6,454.7,490.4,504.5,537.8,(NA)
 "45000" ,"South Carolina",5,SAGDP2N,"Gross domestic product (GDP) by state","Millions of current dollars",78,"713","    Amusement, gambling, and recreation industries",695.6,707.0,813.4,631.4,467.1,458.0,474.5,505.1,545.9,619.8,709.8,755.9,733.6,849.1,871.1,860.2,802.9,834.7,865.5,882.1,(NA)
 "45000" ,"South Carolina",5,SAGDP2N,"Gross domestic product (GDP) by state","Millions of current dollars",79,"72","   Accommodation and food services",2789.4,3070.0,3444.9,3723.6,3839.7,4048.1,4363.6,4714.5,4886.4,5278.2,6049.9,5638.8,5543.2,5736.5,5959.2,6429.7,7364.5,7953.2,8471.9,8815.8,9020.5
 "45000" ,"South Carolina",5,SAGDP2N,"Gross domestic product (GDP) by state","Millions of current dollars",80,"721","    Accommodation",882.3,976.5,1087.3,1201.4,1173.3,1209.8,1267.3,1436.4,1442.6,1645.8,2148.0,1694.2,1571.5,1631.5,1742.4,1827.6,2460.9,2681.5,2805.7,2898.0,(NA)
 "45000" ,"South Carolina",5,SAGDP2N,"Gross domestic product (GDP) by state","Millions of current dollars",81,"722","    Food services and drinking places",1907.1,2093.5,2357.7,2522.3,2666.4,2838.3,3096.3,3278.1,3443.8,3632.5,3901.9,3944.7,3971.7,4105.0,4216.8,4602.0,4903.6,5271.7,5666.2,5917.8,(NA)
 "45000" ,"South Carolina",5,SAGDP2N,"Gross domestic product (GDP) by state","Millions of current dollars",82,"81","  Other services (except government and government enterprises)",2584.3,2970.6,3033.1,3238.0,3056.9,3282.4,3325.2,3535.2,3667.5,3839.8,3973.5,4038.0,3968.6,4005.9,4083.7,4261.1,4437.7,4693.6,4900.7,4998.7,5156.1
 "45000" ,"South Carolina",5,SAGDP2N,"Gross domestic product (GDP) by state","Millions of current dollars",83,"..."," Government and government enterprises",14505.0,15398.2,16597.1,17830.7,18247.0,19243.7,20399.8,21553.7,22962.1,24218.2,25505.6,27278.6,27802.0,27752.8,28447.1,29326.4,30227.1,31089.0,32753.5,33321.3,34156.2
 "45000" ,"South Carolina",5,SAGDP2N,"Gross domestic product (GDP) by state","Millions of current dollars",84,"...","  Federal civilian",1841.9,1918.5,1995.2,2152.1,2135.3,2288.6,2399.3,2561.0,2663.0,2828.4,2997.5,3203.1,3327.1,3521.6,3562.4,3671.5,3677.4,3752.1,4001.4,4120.7,(NA)
 "45000" ,"South Carolina",5,SAGDP2N,"Gross domestic product (GDP) by state","Millions of current dollars",85,"...","  Military",1816.1,1899.4,2096.4,2216.6,2254.0,2507.5,2813.2,3023.2,3214.9,3323.6,3533.2,3821.9,4050.4,4107.7,4133.6,4232.2,4189.4,4087.8,4147.3,4032.9,(NA)
 "45000" ,"South Carolina",5,SAGDP2N,"Gross domestic product (GDP) by state","Millions of current dollars",86,"...","  State and local",10846.9,11580.2,12505.5,13461.9,13857.6,14447.6,15187.3,15969.5,17084.2,18066.1,18974.9,20253.6,20424.5,20123.5,20751.1,21422.8,22360.4,23249.1,24604.8,25167.6,(NA)
 "45000" ,"South Carolina",5,SAGDP2N,"Gross domestic product (GDP) by state","Millions of current dollars",87,"11, 21","Natural resources and mining",1151.0,1014.9,1044.8,1202.1,1289.8,954.5,1331.6,1632.9,1434.3,1490.0,1275.6,1394.2,1405.6,1434.4,1366.2,1387.6,1665.3,1334.5,1345.7,1406.4,1420.8
 "45000" ,"South Carolina",5,SAGDP2N,"Gross domestic product (GDP) by state","Millions of current dollars",88,"42, 44-45","Trade",13477.8,14538.1,15096.4,15696.6,15869.5,16164.5,17077.1,18411.0,19936.0,21092.8,21763.8,21710.2,20354.2,20844.2,21481.5,22456.3,23560.2,24726.6,25656.2,26501.4,27487.6
 "45000" ,"South Carolina",5,SAGDP2N,"Gross domestic product (GDP) by state","Millions of current dollars",89,"...","Transportation and utilities",5155.3,5335.7,5695.3,5950.1,5831.4,5815.1,6118.5,6601.8,7019.9,7764.4,7579.4,7662.3,7942.4,8590.8,8922.5,9013.9,9346.3,9927.9,10361.1,10685.3,10861.3
 "45000" ,"South Carolina",5,SAGDP2N,"Gross domestic product (GDP) by state","Millions of current dollars",90,"...","Private goods-producing industries 2/",28497.5,30134.4,31398.0,32092.1,32967.9,33892.3,35751.1,34417.1,35119.5,36763.6,38024.8,36274.6,34058.5,34406.3,35901.4,37352.6,38893.9,40862.8,44885.7,46880.4,49481.7
 "45000" ,"South Carolina",5,SAGDP2N,"Gross domestic product (GDP) by state","Millions of current dollars",91,"...","Private services-providing industries 3/",54390.5,58110.1,62256.7,65324.0,68086.5,71024.1,74186.5,79189.4,84535.0,89677.4,95832.1,98251.5,97975.1,101697.7,105738.7,108695.8,113893.9,120015.6,126281.3,132258.6,138051.7
"Note: See the included footnote file."
"SAGDP2N: Gross domestic product (GDP) by state 1/"
"Last updated: November 14, 2018; revised statistics for 1997-2017."
"Source: U.S. Department of Commerce / Bureau of Economic Analysis / Regional Economic Accounts"
