GeoFIPS,GeoName,Region,TableName,ComponentName,Unit,IndustryId,IndustryClassification,Description,1997,1998,1999,2000,2001,2002,2003,2004,2005,2006,2007,2008,2009,2010,2011,2012,2013,2014,2015,2016,2017
 "15000" ,"Hawaii",8,SAGDP5N,"Subsidies","Thousands of dollars",1,"...","All industry total",-205025,-203023,-238354,-233271,-347330,-214864,-288726,-227599,-313003,-270707,-281425,-258522,-295369,-274785,-284372,-280296,-267914,-262604,-274427,-305401,(NA)
 "15000" ,"Hawaii",8,SAGDP5N,"Subsidies","Thousands of dollars",2,"..."," Private industries",-109622,-125519,-167929,-165371,-279374,-137546,-216431,-160454,-240752,-196813,-201739,-179045,-198911,-188074,-188198,-189786,-176733,-159636,-170622,-194438,(NA)
 "15000" ,"Hawaii",8,SAGDP5N,"Subsidies","Thousands of dollars",3,"11","  Agriculture, forestry, fishing, and hunting",-20329,-37475,-78534,-78827,-77245,-47033,-54482,-34216,-74562,-52538,-33180,-32844,-40282,-37840,-28687,-27448,-21584,-19876,-26105,-33973,(NA)
 "15000" ,"Hawaii",8,SAGDP5N,"Subsidies","Thousands of dollars",4,"111-112","   Farms",-20329,-37475,-78534,-78827,-77245,-47033,-54482,-34216,-74562,-52538,-33180,-32844,-40282,-37840,-28687,-27448,-21584,-19876,-26105,-33973,(NA)
 "15000" ,"Hawaii",8,SAGDP5N,"Subsidies","Thousands of dollars",5,"113-115","   Forestry, fishing, and related activities",0,0,0,0,0,0,0,0,0,0,0,0,0,0,0,0,0,0,0,0,(NA)
 "15000" ,"Hawaii",8,SAGDP5N,"Subsidies","Thousands of dollars",6,"21","  Mining, quarrying, and oil and gas extraction",0,0,0,0,0,0,0,0,0,0,0,0,0,0,0,0,0,0,0,0,(NA)
 "15000" ,"Hawaii",8,SAGDP5N,"Subsidies","Thousands of dollars",7,"211","   Oil and gas extraction",0,0,0,0,0,0,0,0,0,0,0,0,0,0,0,0,0,0,0,0,(NA)
 "15000" ,"Hawaii",8,SAGDP5N,"Subsidies","Thousands of dollars",8,"212","   Mining (except oil and gas)",0,0,0,0,0,0,0,0,0,0,0,0,0,0,0,0,0,0,0,0,(NA)
 "15000" ,"Hawaii",8,SAGDP5N,"Subsidies","Thousands of dollars",9,"213","   Support activities for mining",0,0,0,0,0,0,0,0,0,0,0,0,0,0,0,0,0,0,0,0,(NA)
 "15000" ,"Hawaii",8,SAGDP5N,"Subsidies","Thousands of dollars",10,"22","  Utilities",0,0,0,0,0,0,0,0,0,0,0,0,0,0,0,0,0,0,0,0,(NA)
 "15000" ,"Hawaii",8,SAGDP5N,"Subsidies","Thousands of dollars",11,"23","  Construction",0,0,0,0,0,0,0,0,0,0,0,0,0,0,0,0,0,0,0,0,(NA)
 "15000" ,"Hawaii",8,SAGDP5N,"Subsidies","Thousands of dollars",12,"31-33","  Manufacturing",0,0,0,0,0,0,0,0,0,-8,-6,-9,-128,-493,-314,-749,-162,-594,-349,-464,(NA)
 "15000" ,"Hawaii",8,SAGDP5N,"Subsidies","Thousands of dollars",13,"321,327-339","   Durable goods manufacturing",0,0,0,0,0,0,0,0,0,0,0,-5,-19,-54,-117,-62,-11,-7,-9,-11,(NA)
 "15000" ,"Hawaii",8,SAGDP5N,"Subsidies","Thousands of dollars",14,"321","    Wood product manufacturing",0,0,0,0,0,0,0,0,0,0,0,0,0,0,0,0,0,0,0,0,(NA)
 "15000" ,"Hawaii",8,SAGDP5N,"Subsidies","Thousands of dollars",15,"327","    Nonmetallic mineral product manufacturing",0,0,0,0,0,0,0,0,0,0,0,0,0,0,0,0,0,0,0,0,(NA)
 "15000" ,"Hawaii",8,SAGDP5N,"Subsidies","Thousands of dollars",16,"331","    Primary metal manufacturing",0,0,0,0,0,0,0,0,0,0,0,0,0,0,0,0,0,0,0,0,(NA)
 "15000" ,"Hawaii",8,SAGDP5N,"Subsidies","Thousands of dollars",17,"332","    Fabricated metal product manufacturing",0,0,0,0,0,0,0,0,0,0,0,0,0,0,0,0,0,0,0,0,(NA)
 "15000" ,"Hawaii",8,SAGDP5N,"Subsidies","Thousands of dollars",18,"333","    Machinery manufacturing",0,0,0,0,0,0,0,0,0,0,0,0,0,0,0,0,0,0,0,0,(NA)
 "15000" ,"Hawaii",8,SAGDP5N,"Subsidies","Thousands of dollars",19,"334","    Computer and electronic product manufacturing",0,0,0,0,0,0,0,0,0,0,0,0,0,0,0,0,0,0,0,0,(NA)
 "15000" ,"Hawaii",8,SAGDP5N,"Subsidies","Thousands of dollars",20,"335","    Electrical equipment, appliance, and component manufacturing",0,0,0,0,0,0,0,0,0,0,0,-5,-19,-54,-117,-62,-11,-7,-9,-11,(NA)
 "15000" ,"Hawaii",8,SAGDP5N,"Subsidies","Thousands of dollars",21,"3361-3363","    Motor vehicles, bodies and trailers, and parts manufacturing",0,0,0,0,0,0,0,0,0,0,0,0,0,0,0,0,0,0,0,0,(NA)
 "15000" ,"Hawaii",8,SAGDP5N,"Subsidies","Thousands of dollars",22,"3364-3369","    Other transportation equipment manufacturing",0,0,0,0,0,0,0,0,0,0,0,0,0,0,0,0,0,0,0,0,(NA)
 "15000" ,"Hawaii",8,SAGDP5N,"Subsidies","Thousands of dollars",23,"337","    Furniture and related product manufacturing",0,0,0,0,0,0,0,0,0,0,0,0,0,0,0,0,0,0,0,0,(NA)
 "15000" ,"Hawaii",8,SAGDP5N,"Subsidies","Thousands of dollars",24,"339","    Miscellaneous manufacturing",0,0,0,0,0,0,0,0,0,0,0,0,0,0,0,0,0,0,0,0,(NA)
 "15000" ,"Hawaii",8,SAGDP5N,"Subsidies","Thousands of dollars",25,"311-316,322-326","   Nondurable goods manufacturing",0,0,0,0,0,0,0,0,0,-8,-6,-5,-109,-438,-197,-687,-151,-587,-340,-452,(NA)
 "15000" ,"Hawaii",8,SAGDP5N,"Subsidies","Thousands of dollars",26,"311-312","    Food and beverage and tobacco products manufacturing",0,0,0,0,0,0,0,0,0,0,0,0,0,0,0,0,0,0,0,0,(NA)
 "15000" ,"Hawaii",8,SAGDP5N,"Subsidies","Thousands of dollars",27,"313-314","    Textile mills and textile product mills",0,0,0,0,0,0,0,0,0,-8,-6,-5,-6,-4,-4,-4,-3,-3,-8,0,(NA)
 "15000" ,"Hawaii",8,SAGDP5N,"Subsidies","Thousands of dollars",28,"315-316","    Apparel, leather, and allied product manufacturing",0,0,0,0,0,0,0,0,0,0,0,0,0,0,0,0,0,0,0,0,(NA)
 "15000" ,"Hawaii",8,SAGDP5N,"Subsidies","Thousands of dollars",29,"322","    Paper manufacturing",0,0,0,0,0,0,0,0,0,0,0,0,0,0,0,0,0,0,0,0,(NA)
 "15000" ,"Hawaii",8,SAGDP5N,"Subsidies","Thousands of dollars",30,"323","    Printing and related support activities",0,0,0,0,0,0,0,0,0,0,0,0,0,0,0,0,0,0,0,0,(NA)
 "15000" ,"Hawaii",8,SAGDP5N,"Subsidies","Thousands of dollars",31,"324","    Petroleum and coal products manufacturing",0,0,0,0,0,0,0,0,0,0,0,0,-100,-431,-127,-660,-116,-574,-330,-449,(NA)
 "15000" ,"Hawaii",8,SAGDP5N,"Subsidies","Thousands of dollars",32,"325","    Chemical manufacturing",0,0,0,0,0,0,0,0,0,0,0,0,-3,-3,-66,-22,-32,-10,-2,-3,(NA)
 "15000" ,"Hawaii",8,SAGDP5N,"Subsidies","Thousands of dollars",33,"326","    Plastics and rubber products manufacturing",0,0,0,0,0,0,0,0,0,0,0,0,0,0,0,0,0,0,0,0,(NA)
 "15000" ,"Hawaii",8,SAGDP5N,"Subsidies","Thousands of dollars",34,"42","  Wholesale trade",0,0,0,0,0,0,0,0,0,0,0,0,0,0,0,0,0,0,0,0,(NA)
 "15000" ,"Hawaii",8,SAGDP5N,"Subsidies","Thousands of dollars",35,"44-45","  Retail trade",0,0,0,0,0,0,0,0,0,0,0,0,-12728,-1368,-13,0,0,0,0,0,(NA)
 "15000" ,"Hawaii",8,SAGDP5N,"Subsidies","Thousands of dollars",36,"48-49","  Transportation and warehousing",-1997,-762,-325,-749,-120286,-7711,-61969,-12483,-11274,-17987,-12792,-8279,-10758,-7947,-9572,-15806,-8275,-6508,-6412,-8830,(NA)
 "15000" ,"Hawaii",8,SAGDP5N,"Subsidies","Thousands of dollars",37,"481","   Air transportation",-468,23,0,-23,-117598,-3742,-58822,-398,-1433,-2175,-2193,-3298,-3994,-4806,-5517,-6047,-5478,-5127,-5616,-5739,(NA)
 "15000" ,"Hawaii",8,SAGDP5N,"Subsidies","Thousands of dollars",38,"482","   Rail transportation",0,0,0,0,0,0,0,0,0,0,0,0,0,0,0,0,0,0,0,0,(NA)
 "15000" ,"Hawaii",8,SAGDP5N,"Subsidies","Thousands of dollars",39,"483","   Water transportation",-1530,-785,-325,-725,-2688,-3969,-3141,-12050,-9807,-15719,-10575,-4956,-6753,-3140,-4054,-9760,-2798,-1381,-795,-3091,(NA)
 "15000" ,"Hawaii",8,SAGDP5N,"Subsidies","Thousands of dollars",40,"484","   Truck transportation",0,0,0,0,0,0,-5,-35,-35,-92,-24,-25,-11,0,0,0,0,0,0,0,(NA)
 "15000" ,"Hawaii",8,SAGDP5N,"Subsidies","Thousands of dollars",41,"485","   Transit and ground passenger transportation",0,0,0,0,0,0,0,0,0,0,0,0,0,0,0,0,0,0,0,0,(NA)
 "15000" ,"Hawaii",8,SAGDP5N,"Subsidies","Thousands of dollars",42,"486","   Pipeline transportation",0,0,0,0,0,0,0,0,0,0,0,0,0,0,0,0,0,0,0,0,(NA)
 "15000" ,"Hawaii",8,SAGDP5N,"Subsidies","Thousands of dollars",43,"487-488, 492","   Other transportation and support activities",0,0,0,0,0,0,0,0,0,0,0,0,0,0,0,0,0,0,0,0,(NA)
 "15000" ,"Hawaii",8,SAGDP5N,"Subsidies","Thousands of dollars",44,"493","   Warehousing and storage",0,0,0,0,0,0,0,0,0,0,0,0,0,0,0,0,0,0,0,0,(NA)
 "15000" ,"Hawaii",8,SAGDP5N,"Subsidies","Thousands of dollars",45,"51","  Information",0,0,0,0,0,0,0,0,0,0,0,0,-140,-399,-1679,-2376,-1300,-321,-336,19,(NA)
 "15000" ,"Hawaii",8,SAGDP5N,"Subsidies","Thousands of dollars",46,"511","   Publishing industries (except Internet)",0,0,0,0,0,0,0,0,0,0,0,0,0,0,0,0,0,0,0,0,(NA)
 "15000" ,"Hawaii",8,SAGDP5N,"Subsidies","Thousands of dollars",47,"512","   Motion picture and sound recording industries",0,0,0,0,0,0,0,0,0,0,0,0,0,0,0,0,0,0,0,0,(NA)
 "15000" ,"Hawaii",8,SAGDP5N,"Subsidies","Thousands of dollars",48,"515, 517","   Broadcasting (except Internet) and telecommunications",0,0,0,0,0,0,0,0,0,0,0,0,-140,-399,-1679,-2376,-1300,-321,-336,19,(NA)
 "15000" ,"Hawaii",8,SAGDP5N,"Subsidies","Thousands of dollars",49,"518, 519","   Data processing, hosting, and other information services",0,0,0,0,0,0,0,0,0,0,0,0,0,0,0,0,0,0,0,0,(NA)
 "15000" ,"Hawaii",8,SAGDP5N,"Subsidies","Thousands of dollars",50,"52, 53","  Finance, insurance, real estate, rental, and leasing",-87296,-87282,-89070,-85796,-81843,-82802,-99980,-113755,-154916,-126281,-155761,-137913,-134875,-138023,-132974,-134048,-135546,-122946,-131710,-147841,(NA)
 "15000" ,"Hawaii",8,SAGDP5N,"Subsidies","Thousands of dollars",51,"52","   Finance and insurance",-66,-21,-66,-104,-63,-244,-103,-85,-123,-67,-90,-129,-25,-465,-339,-493,-1703,-1335,-808,-1178,(NA)
 "15000" ,"Hawaii",8,SAGDP5N,"Subsidies","Thousands of dollars",52,"521-522","    Monetary Authorities- central bank, credit intermediation, and related services",-66,-21,-66,-104,-63,-244,-103,-85,-123,-67,-90,-129,-25,-465,-339,-493,-1703,-1335,-808,-1178,(NA)
 "15000" ,"Hawaii",8,SAGDP5N,"Subsidies","Thousands of dollars",53,"523","    Securities, commodity contracts, and other financial investments and related activities",0,0,0,0,0,0,0,0,0,0,0,0,0,0,0,0,0,0,0,0,(NA)
 "15000" ,"Hawaii",8,SAGDP5N,"Subsidies","Thousands of dollars",54,"524","    Insurance carriers and related activities",0,0,0,0,0,0,0,0,0,0,0,0,0,0,0,0,0,0,0,0,(NA)
 "15000" ,"Hawaii",8,SAGDP5N,"Subsidies","Thousands of dollars",55,"525","    Funds, trusts, and other financial vehicles",0,0,0,0,0,0,0,0,0,0,0,0,0,0,0,0,0,0,0,0,(NA)
 "15000" ,"Hawaii",8,SAGDP5N,"Subsidies","Thousands of dollars",56,"53","   Real estate and rental and leasing",-87230,-87261,-89004,-85692,-81780,-82558,-99878,-113671,-154792,-126214,-155671,-137784,-134849,-137557,-132635,-133555,-133842,-121611,-130902,-146663,(NA)
 "15000" ,"Hawaii",8,SAGDP5N,"Subsidies","Thousands of dollars",57,"531","    Real estate",-87230,-87261,-89004,-85692,-81780,-82558,-99878,-113671,-154792,-126214,-155671,-137784,-134849,-137557,-132635,-133555,-133842,-121611,-130902,-146663,(NA)
 "15000" ,"Hawaii",8,SAGDP5N,"Subsidies","Thousands of dollars",58,"532-533","    Rental and leasing services and lessors of nonfinancial intangible assets",0,0,0,0,0,0,0,0,0,0,0,0,0,0,0,0,0,0,0,0,(NA)
 "15000" ,"Hawaii",8,SAGDP5N,"Subsidies","Thousands of dollars",59,"54, 55, 56","  Professional and business services",0,0,0,0,0,0,0,0,0,0,0,0,0,0,0,0,0,0,0,0,(NA)
 "15000" ,"Hawaii",8,SAGDP5N,"Subsidies","Thousands of dollars",60,"54","   Professional, scientific, and technical services",0,0,0,0,0,0,0,0,0,0,0,0,0,0,0,0,0,0,0,0,(NA)
 "15000" ,"Hawaii",8,SAGDP5N,"Subsidies","Thousands of dollars",61,"5411","    Legal services",0,0,0,0,0,0,0,0,0,0,0,0,0,0,0,0,0,0,0,0,(NA)
 "15000" ,"Hawaii",8,SAGDP5N,"Subsidies","Thousands of dollars",62,"5415","    Computer systems design and related services",0,0,0,0,0,0,0,0,0,0,0,0,0,0,0,0,0,0,0,0,(NA)
 "15000" ,"Hawaii",8,SAGDP5N,"Subsidies","Thousands of dollars",63,"5412-5414, 5416-5419","    Miscellaneous professional, scientific, and technical services",0,0,0,0,0,0,0,0,0,0,0,0,0,0,0,0,0,0,0,0,(NA)
 "15000" ,"Hawaii",8,SAGDP5N,"Subsidies","Thousands of dollars",64,"55","   Management of companies and enterprises",0,0,0,0,0,0,0,0,0,0,0,0,0,0,0,0,0,0,0,0,(NA)
 "15000" ,"Hawaii",8,SAGDP5N,"Subsidies","Thousands of dollars",65,"56","   Administrative and support and waste management and remediation services",0,0,0,0,0,0,0,0,0,0,0,0,0,0,0,0,0,0,0,0,(NA)
 "15000" ,"Hawaii",8,SAGDP5N,"Subsidies","Thousands of dollars",66,"561","    Administrative and support services",0,0,0,0,0,0,0,0,0,0,0,0,0,0,0,0,0,0,0,0,(NA)
 "15000" ,"Hawaii",8,SAGDP5N,"Subsidies","Thousands of dollars",67,"562","    Waste management and remediation services",0,0,0,0,0,0,0,0,0,0,0,0,0,0,0,0,0,0,0,0,(NA)
 "15000" ,"Hawaii",8,SAGDP5N,"Subsidies","Thousands of dollars",68,"61, 62","  Educational services, health care, and social assistance",0,0,0,0,0,0,0,0,0,0,0,0,0,-2004,-14959,-9358,-9866,-9392,-5712,-3349,(NA)
 "15000" ,"Hawaii",8,SAGDP5N,"Subsidies","Thousands of dollars",69,"61","   Educational services",0,0,0,0,0,0,0,0,0,0,0,0,0,0,0,0,0,0,0,0,(NA)
 "15000" ,"Hawaii",8,SAGDP5N,"Subsidies","Thousands of dollars",70,"62","   Health care and social assistance",0,0,0,0,0,0,0,0,0,0,0,0,0,-2004,-14959,-9358,-9866,-9392,-5712,-3349,(NA)
 "15000" ,"Hawaii",8,SAGDP5N,"Subsidies","Thousands of dollars",71,"621","    Ambulatory health care services",0,0,0,0,0,0,0,0,0,0,0,0,0,0,0,0,0,0,0,0,(NA)
 "15000" ,"Hawaii",8,SAGDP5N,"Subsidies","Thousands of dollars",72,"622","    Hospitals",0,0,0,0,0,0,0,0,0,0,0,0,0,-2004,-14959,-9358,-9866,-9392,-5712,-3349,(NA)
 "15000" ,"Hawaii",8,SAGDP5N,"Subsidies","Thousands of dollars",73,"623","    Nursing and residential care facilities",0,0,0,0,0,0,0,0,0,0,0,0,0,0,0,0,0,0,0,0,(NA)
 "15000" ,"Hawaii",8,SAGDP5N,"Subsidies","Thousands of dollars",74,"624","    Social assistance",0,0,0,0,0,0,0,0,0,0,0,0,0,0,0,0,0,0,0,0,(NA)
 "15000" ,"Hawaii",8,SAGDP5N,"Subsidies","Thousands of dollars",75,"71, 72","  Arts, entertainment, recreation, accommodation, and food services",0,0,0,0,0,0,0,0,0,0,0,0,0,0,0,0,0,0,0,0,(NA)
 "15000" ,"Hawaii",8,SAGDP5N,"Subsidies","Thousands of dollars",76,"71","   Arts, entertainment, and recreation",0,0,0,0,0,0,0,0,0,0,0,0,0,0,0,0,0,0,0,0,(NA)
 "15000" ,"Hawaii",8,SAGDP5N,"Subsidies","Thousands of dollars",77,"711-712","    Performing arts, spectator sports, museums, and related activities",0,0,0,0,0,0,0,0,0,0,0,0,0,0,0,0,0,0,0,0,(NA)
 "15000" ,"Hawaii",8,SAGDP5N,"Subsidies","Thousands of dollars",78,"713","    Amusement, gambling, and recreation industries",0,0,0,0,0,0,0,0,0,0,0,0,0,0,0,0,0,0,0,0,(NA)
 "15000" ,"Hawaii",8,SAGDP5N,"Subsidies","Thousands of dollars",79,"72","   Accommodation and food services",0,0,0,0,0,0,0,0,0,0,0,0,0,0,0,0,0,0,0,0,(NA)
 "15000" ,"Hawaii",8,SAGDP5N,"Subsidies","Thousands of dollars",80,"721","    Accommodation",0,0,0,0,0,0,0,0,0,0,0,0,0,0,0,0,0,0,0,0,(NA)
 "15000" ,"Hawaii",8,SAGDP5N,"Subsidies","Thousands of dollars",81,"722","    Food services and drinking places",0,0,0,0,0,0,0,0,0,0,0,0,0,0,0,0,0,0,0,0,(NA)
 "15000" ,"Hawaii",8,SAGDP5N,"Subsidies","Thousands of dollars",82,"81","  Other services (except government and government enterprises)",0,0,0,0,0,0,0,0,0,0,0,0,0,0,0,0,0,0,0,0,(NA)
 "15000" ,"Hawaii",8,SAGDP5N,"Subsidies","Thousands of dollars",83,"..."," Government and government enterprises",-95403,-77504,-70425,-67900,-67957,-77318,-72294,-67145,-72251,-73895,-79686,-79477,-96459,-86712,-96174,-90510,-91181,-102969,-103805,-110962,(NA)
 "15000" ,"Hawaii",8,SAGDP5N,"Subsidies","Thousands of dollars",84,"...","  Federal civilian",-594,-473,-674,-894,-748,-876,-733,-674,-620,-632,-826,-980,-854,-738,-651,-861,-1060,-1302,-1124,-924,(NA)
 "15000" ,"Hawaii",8,SAGDP5N,"Subsidies","Thousands of dollars",85,"...","  Military",0,0,0,0,0,0,0,0,0,0,0,0,0,0,0,0,0,0,0,0,(NA)
 "15000" ,"Hawaii",8,SAGDP5N,"Subsidies","Thousands of dollars",86,"...","  State and local",-94809,-77031,-69751,-67005,-67209,-76442,-71561,-66471,-71631,-73263,-78860,-78497,-95605,-85974,-95524,-89649,-90120,-101667,-102681,-110039,(NA)
 "15000" ,"Hawaii",8,SAGDP5N,"Subsidies","Thousands of dollars",87,"11, 21","Natural resources and mining",-20329,-37475,-78534,-78827,-77245,-47033,-54482,-34216,-74562,-52538,-33180,-32844,-40282,-37840,-28687,-27448,-21584,-19876,-26105,-33973,(NA)
 "15000" ,"Hawaii",8,SAGDP5N,"Subsidies","Thousands of dollars",88,"42, 44-45","Trade",0,0,0,0,0,0,0,0,0,0,0,0,-12728,-1368,-13,0,0,0,0,0,(NA)
 "15000" ,"Hawaii",8,SAGDP5N,"Subsidies","Thousands of dollars",89,"...","Transportation and utilities",-1997,-762,-325,-749,-120286,-7711,-61969,-12483,-11274,-17987,-12792,-8279,-10758,-7947,-9572,-15806,-8275,-6508,-6412,-8830,(NA)
 "15000" ,"Hawaii",8,SAGDP5N,"Subsidies","Thousands of dollars",90,"...","Private goods-producing industries 2/",-20329,-37475,-78534,-78827,-77245,-47033,-54482,-34216,-74562,-52545,-33186,-32853,-40410,-38333,-29001,-28197,-21746,-20470,-26454,-34437,(NA)
 "15000" ,"Hawaii",8,SAGDP5N,"Subsidies","Thousands of dollars",91,"...","Private services-providing industries 3/",-89293,-88044,-89395,-86545,-202129,-90513,-161949,-126238,-166190,-144267,-168553,-146192,-158501,-149741,-159197,-161589,-154987,-139166,-144169,-160002,(NA)
"Note: See the included footnote file."
"SAGDP5N: Subsidies 1/"
"Last updated: November 14, 2018; revised statistics for 1997-2017."
"Source: U.S. Department of Commerce / Bureau of Economic Analysis / Regional Economic Accounts"
