GeoFIPS,GeoName,Region,TableName,ComponentName,Unit,IndustryId,IndustryClassification,Description,1997,1998,1999,2000,2001,2002,2003,2004,2005,2006,2007,2008,2009,2010,2011,2012,2013,2014,2015,2016,2017
 "16000" ,"Idaho",7,SAGDP5N,"Subsidies","Thousands of dollars",1,"...","All industry total",-144056,-240520,-427484,-438658,-474310,-305097,-307892,-282459,-470203,-359584,-349506,-338247,-337017,-334507,-328996,-324869,-326391,-328279,-343093,-417916,(NA)
 "16000" ,"Idaho",7,SAGDP5N,"Subsidies","Thousands of dollars",2,"..."," Private industries",-129929,-224521,-408515,-420605,-452287,-274856,-275227,-247460,-432309,-324672,-315354,-296841,-273431,-276794,-267149,-263875,-253605,-254346,-276355,-342162,(NA)
 "16000" ,"Idaho",7,SAGDP5N,"Subsidies","Thousands of dollars",3,"11","  Agriculture, forestry, fishing, and hunting",-95255,-187428,-368713,-381603,-404674,-232914,-222983,-198757,-364848,-254459,-224300,-219993,-180049,-197027,-173439,-176366,-160365,-167316,-192990,-255574,(NA)
 "16000" ,"Idaho",7,SAGDP5N,"Subsidies","Thousands of dollars",4,"111-112","   Farms",-95255,-187428,-368713,-381603,-404674,-232914,-222983,-198757,-364848,-254459,-224300,-219993,-180049,-197027,-173439,-176366,-160365,-167316,-192990,-255574,(NA)
 "16000" ,"Idaho",7,SAGDP5N,"Subsidies","Thousands of dollars",5,"113-115","   Forestry, fishing, and related activities",0,0,0,0,0,0,0,0,0,0,0,0,0,0,0,0,0,0,0,0,(NA)
 "16000" ,"Idaho",7,SAGDP5N,"Subsidies","Thousands of dollars",6,"21","  Mining, quarrying, and oil and gas extraction",0,0,0,0,0,0,0,0,0,0,0,0,0,0,0,0,0,0,0,0,(NA)
 "16000" ,"Idaho",7,SAGDP5N,"Subsidies","Thousands of dollars",7,"211","   Oil and gas extraction",0,0,0,0,0,0,0,0,0,0,0,0,0,0,0,0,0,0,0,0,(NA)
 "16000" ,"Idaho",7,SAGDP5N,"Subsidies","Thousands of dollars",8,"212","   Mining (except oil and gas)",0,0,0,0,0,0,0,0,0,0,0,0,0,0,0,0,0,0,0,0,(NA)
 "16000" ,"Idaho",7,SAGDP5N,"Subsidies","Thousands of dollars",9,"213","   Support activities for mining",0,0,0,0,0,0,0,0,0,0,0,0,0,0,0,0,0,0,0,0,(NA)
 "16000" ,"Idaho",7,SAGDP5N,"Subsidies","Thousands of dollars",10,"22","  Utilities",0,0,0,0,0,0,0,0,0,0,0,0,0,0,0,0,0,0,0,0,(NA)
 "16000" ,"Idaho",7,SAGDP5N,"Subsidies","Thousands of dollars",11,"23","  Construction",0,0,0,0,0,0,0,0,0,0,0,0,0,0,0,0,0,0,0,0,(NA)
 "16000" ,"Idaho",7,SAGDP5N,"Subsidies","Thousands of dollars",12,"31-33","  Manufacturing",0,0,0,0,0,0,0,0,0,-7,-3,-122,-464,-1594,-2269,-1912,-609,-502,-520,-734,(NA)
 "16000" ,"Idaho",7,SAGDP5N,"Subsidies","Thousands of dollars",13,"321,327-339","   Durable goods manufacturing",0,0,0,0,0,0,0,0,0,0,0,-117,-436,-1559,-2061,-1709,-529,-433,-467,-701,(NA)
 "16000" ,"Idaho",7,SAGDP5N,"Subsidies","Thousands of dollars",14,"321","    Wood product manufacturing",0,0,0,0,0,0,0,0,0,0,0,0,0,0,0,0,0,0,0,0,(NA)
 "16000" ,"Idaho",7,SAGDP5N,"Subsidies","Thousands of dollars",15,"327","    Nonmetallic mineral product manufacturing",0,0,0,0,0,0,0,0,0,0,0,0,0,0,0,0,0,0,0,0,(NA)
 "16000" ,"Idaho",7,SAGDP5N,"Subsidies","Thousands of dollars",16,"331","    Primary metal manufacturing",0,0,0,0,0,0,0,0,0,0,0,0,0,0,0,0,0,0,0,0,(NA)
 "16000" ,"Idaho",7,SAGDP5N,"Subsidies","Thousands of dollars",17,"332","    Fabricated metal product manufacturing",0,0,0,0,0,0,0,0,0,0,0,0,0,0,0,0,0,0,0,0,(NA)
 "16000" ,"Idaho",7,SAGDP5N,"Subsidies","Thousands of dollars",18,"333","    Machinery manufacturing",0,0,0,0,0,0,0,0,0,0,0,0,0,0,0,0,0,0,0,0,(NA)
 "16000" ,"Idaho",7,SAGDP5N,"Subsidies","Thousands of dollars",19,"334","    Computer and electronic product manufacturing",0,0,0,0,0,0,0,0,0,0,0,0,0,0,0,0,0,0,0,0,(NA)
 "16000" ,"Idaho",7,SAGDP5N,"Subsidies","Thousands of dollars",20,"335","    Electrical equipment, appliance, and component manufacturing",0,0,0,0,0,0,0,0,0,0,0,-117,-436,-1559,-2061,-1709,-529,-433,-467,-701,(NA)
 "16000" ,"Idaho",7,SAGDP5N,"Subsidies","Thousands of dollars",21,"3361-3363","    Motor vehicles, bodies and trailers, and parts manufacturing",0,0,0,0,0,0,0,0,0,0,0,0,0,0,0,0,0,0,0,0,(NA)
 "16000" ,"Idaho",7,SAGDP5N,"Subsidies","Thousands of dollars",22,"3364-3369","    Other transportation equipment manufacturing",0,0,0,0,0,0,0,0,0,0,0,0,0,0,0,0,0,0,0,0,(NA)
 "16000" ,"Idaho",7,SAGDP5N,"Subsidies","Thousands of dollars",23,"337","    Furniture and related product manufacturing",0,0,0,0,0,0,0,0,0,0,0,0,0,0,0,0,0,0,0,0,(NA)
 "16000" ,"Idaho",7,SAGDP5N,"Subsidies","Thousands of dollars",24,"339","    Miscellaneous manufacturing",0,0,0,0,0,0,0,0,0,0,0,0,0,0,0,0,0,0,0,0,(NA)
 "16000" ,"Idaho",7,SAGDP5N,"Subsidies","Thousands of dollars",25,"311-316,322-326","   Nondurable goods manufacturing",0,0,0,0,0,0,0,0,0,-7,-3,-5,-28,-35,-208,-204,-80,-69,-53,-34,(NA)
 "16000" ,"Idaho",7,SAGDP5N,"Subsidies","Thousands of dollars",26,"311-312","    Food and beverage and tobacco products manufacturing",0,0,0,0,0,0,0,0,0,0,0,0,0,0,0,0,0,0,0,0,(NA)
 "16000" ,"Idaho",7,SAGDP5N,"Subsidies","Thousands of dollars",27,"313-314","    Textile mills and textile product mills",0,0,0,0,0,0,0,0,0,-7,-3,-5,-7,-7,-6,-7,-5,-6,-13,0,(NA)
 "16000" ,"Idaho",7,SAGDP5N,"Subsidies","Thousands of dollars",28,"315-316","    Apparel, leather, and allied product manufacturing",0,0,0,0,0,0,0,0,0,0,0,0,0,0,0,0,0,0,0,0,(NA)
 "16000" ,"Idaho",7,SAGDP5N,"Subsidies","Thousands of dollars",29,"322","    Paper manufacturing",0,0,0,0,0,0,0,0,0,0,0,0,0,0,0,0,0,0,0,0,(NA)
 "16000" ,"Idaho",7,SAGDP5N,"Subsidies","Thousands of dollars",30,"323","    Printing and related support activities",0,0,0,0,0,0,0,0,0,0,0,0,0,0,0,0,0,0,0,0,(NA)
 "16000" ,"Idaho",7,SAGDP5N,"Subsidies","Thousands of dollars",31,"324","    Petroleum and coal products manufacturing",0,0,0,0,0,0,0,0,0,0,0,0,-1,-9,-18,-129,-6,-26,-24,-18,(NA)
 "16000" ,"Idaho",7,SAGDP5N,"Subsidies","Thousands of dollars",32,"325","    Chemical manufacturing",0,0,0,0,0,0,0,0,0,0,0,0,-20,-19,-184,-67,-69,-36,-15,-15,(NA)
 "16000" ,"Idaho",7,SAGDP5N,"Subsidies","Thousands of dollars",33,"326","    Plastics and rubber products manufacturing",0,0,0,0,0,0,0,0,0,0,0,0,0,0,0,0,0,0,0,0,(NA)
 "16000" ,"Idaho",7,SAGDP5N,"Subsidies","Thousands of dollars",34,"42","  Wholesale trade",0,0,0,0,0,0,0,0,0,0,0,0,0,0,0,0,0,0,0,0,(NA)
 "16000" ,"Idaho",7,SAGDP5N,"Subsidies","Thousands of dollars",35,"44-45","  Retail trade",0,0,0,0,0,0,0,0,0,0,0,0,-15021,-1581,-15,0,0,0,0,0,(NA)
 "16000" ,"Idaho",7,SAGDP5N,"Subsidies","Thousands of dollars",36,"48-49","  Transportation and warehousing",-329,-104,-114,-127,-8670,-419,-4424,-301,-410,-682,-515,-553,-597,-648,-613,-725,-677,-628,-654,-663,(NA)
 "16000" ,"Idaho",7,SAGDP5N,"Subsidies","Thousands of dollars",37,"481","   Air transportation",-34,2,0,-2,-8529,-271,-4266,-29,-104,-158,-159,-239,-290,-349,-400,-439,-397,-372,-407,-416,(NA)
 "16000" ,"Idaho",7,SAGDP5N,"Subsidies","Thousands of dollars",38,"482","   Rail transportation",-251,-89,-105,-110,-114,-129,-129,-153,-189,-192,-248,-211,-257,-295,-204,-271,-277,-254,-246,-240,(NA)
 "16000" ,"Idaho",7,SAGDP5N,"Subsidies","Thousands of dollars",39,"483","   Water transportation",-44,-16,-9,-16,-27,-18,-12,-2,-5,-23,-27,-15,-11,-4,-9,-16,-2,-2,-1,-7,(NA)
 "16000" ,"Idaho",7,SAGDP5N,"Subsidies","Thousands of dollars",40,"484","   Truck transportation",0,0,0,0,0,0,-17,-117,-113,-308,-81,-87,-39,0,0,0,0,0,0,0,(NA)
 "16000" ,"Idaho",7,SAGDP5N,"Subsidies","Thousands of dollars",41,"485","   Transit and ground passenger transportation",0,0,0,0,0,0,0,0,0,0,0,0,0,0,0,0,0,0,0,0,(NA)
 "16000" ,"Idaho",7,SAGDP5N,"Subsidies","Thousands of dollars",42,"486","   Pipeline transportation",0,0,0,0,0,0,0,0,0,0,0,0,0,0,0,0,0,0,0,0,(NA)
 "16000" ,"Idaho",7,SAGDP5N,"Subsidies","Thousands of dollars",43,"487-488, 492","   Other transportation and support activities",0,0,0,0,0,0,0,0,0,0,0,0,0,0,0,0,0,0,0,0,(NA)
 "16000" ,"Idaho",7,SAGDP5N,"Subsidies","Thousands of dollars",44,"493","   Warehousing and storage",0,0,0,0,0,0,0,0,0,0,0,0,0,0,0,0,0,0,0,0,(NA)
 "16000" ,"Idaho",7,SAGDP5N,"Subsidies","Thousands of dollars",45,"51","  Information",0,0,0,0,0,0,0,0,0,0,0,0,-86,-241,-1049,-1496,-773,-184,-180,11,(NA)
 "16000" ,"Idaho",7,SAGDP5N,"Subsidies","Thousands of dollars",46,"511","   Publishing industries (except Internet)",0,0,0,0,0,0,0,0,0,0,0,0,0,0,0,0,0,0,0,0,(NA)
 "16000" ,"Idaho",7,SAGDP5N,"Subsidies","Thousands of dollars",47,"512","   Motion picture and sound recording industries",0,0,0,0,0,0,0,0,0,0,0,0,0,0,0,0,0,0,0,0,(NA)
 "16000" ,"Idaho",7,SAGDP5N,"Subsidies","Thousands of dollars",48,"515, 517","   Broadcasting (except Internet) and telecommunications",0,0,0,0,0,0,0,0,0,0,0,0,-86,-241,-1049,-1496,-773,-184,-180,11,(NA)
 "16000" ,"Idaho",7,SAGDP5N,"Subsidies","Thousands of dollars",49,"518, 519","   Data processing, hosting, and other information services",0,0,0,0,0,0,0,0,0,0,0,0,0,0,0,0,0,0,0,0,(NA)
 "16000" ,"Idaho",7,SAGDP5N,"Subsidies","Thousands of dollars",50,"52, 53","  Finance, insurance, real estate, rental, and leasing",-34345,-36989,-39688,-38875,-38942,-41523,-47820,-48402,-67051,-69524,-90535,-76173,-77213,-73515,-70682,-71824,-75907,-70985,-73032,-79699,(NA)
 "16000" ,"Idaho",7,SAGDP5N,"Subsidies","Thousands of dollars",51,"52","   Finance and insurance",-82,-92,-113,-111,-116,-141,-57,-70,-141,-108,-218,-72,-190,-201,-442,-714,-255,-734,-430,-682,(NA)
 "16000" ,"Idaho",7,SAGDP5N,"Subsidies","Thousands of dollars",52,"521-522","    Monetary Authorities- central bank, credit intermediation, and related services",-82,-92,-113,-111,-116,-141,-57,-70,-141,-108,-218,-72,-190,-201,-442,-714,-255,-734,-430,-682,(NA)
 "16000" ,"Idaho",7,SAGDP5N,"Subsidies","Thousands of dollars",53,"523","    Securities, commodity contracts, and other financial investments and related activities",0,0,0,0,0,0,0,0,0,0,0,0,0,0,0,0,0,0,0,0,(NA)
 "16000" ,"Idaho",7,SAGDP5N,"Subsidies","Thousands of dollars",54,"524","    Insurance carriers and related activities",0,0,0,0,0,0,0,0,0,0,0,0,0,0,0,0,0,0,0,0,(NA)
 "16000" ,"Idaho",7,SAGDP5N,"Subsidies","Thousands of dollars",55,"525","    Funds, trusts, and other financial vehicles",0,0,0,0,0,0,0,0,0,0,0,0,0,0,0,0,0,0,0,0,(NA)
 "16000" ,"Idaho",7,SAGDP5N,"Subsidies","Thousands of dollars",56,"53","   Real estate and rental and leasing",-34263,-36898,-39575,-38765,-38826,-41382,-47763,-48332,-66910,-69416,-90317,-76101,-77023,-73313,-70239,-71109,-75652,-70251,-72601,-79017,(NA)
 "16000" ,"Idaho",7,SAGDP5N,"Subsidies","Thousands of dollars",57,"531","    Real estate",-34263,-36898,-39575,-38765,-38826,-41382,-47763,-48332,-66910,-69416,-90317,-76101,-77023,-73313,-70239,-71109,-75652,-70251,-72601,-79017,(NA)
 "16000" ,"Idaho",7,SAGDP5N,"Subsidies","Thousands of dollars",58,"532-533","    Rental and leasing services and lessors of nonfinancial intangible assets",0,0,0,0,0,0,0,0,0,0,0,0,0,0,0,0,0,0,0,0,(NA)
 "16000" ,"Idaho",7,SAGDP5N,"Subsidies","Thousands of dollars",59,"54, 55, 56","  Professional and business services",0,0,0,0,0,0,0,0,0,0,0,0,0,0,0,0,0,0,0,0,(NA)
 "16000" ,"Idaho",7,SAGDP5N,"Subsidies","Thousands of dollars",60,"54","   Professional, scientific, and technical services",0,0,0,0,0,0,0,0,0,0,0,0,0,0,0,0,0,0,0,0,(NA)
 "16000" ,"Idaho",7,SAGDP5N,"Subsidies","Thousands of dollars",61,"5411","    Legal services",0,0,0,0,0,0,0,0,0,0,0,0,0,0,0,0,0,0,0,0,(NA)
 "16000" ,"Idaho",7,SAGDP5N,"Subsidies","Thousands of dollars",62,"5415","    Computer systems design and related services",0,0,0,0,0,0,0,0,0,0,0,0,0,0,0,0,0,0,0,0,(NA)
 "16000" ,"Idaho",7,SAGDP5N,"Subsidies","Thousands of dollars",63,"5412-5414, 5416-5419","    Miscellaneous professional, scientific, and technical services",0,0,0,0,0,0,0,0,0,0,0,0,0,0,0,0,0,0,0,0,(NA)
 "16000" ,"Idaho",7,SAGDP5N,"Subsidies","Thousands of dollars",64,"55","   Management of companies and enterprises",0,0,0,0,0,0,0,0,0,0,0,0,0,0,0,0,0,0,0,0,(NA)
 "16000" ,"Idaho",7,SAGDP5N,"Subsidies","Thousands of dollars",65,"56","   Administrative and support and waste management and remediation services",0,0,0,0,0,0,0,0,0,0,0,0,0,0,0,0,0,0,0,0,(NA)
 "16000" ,"Idaho",7,SAGDP5N,"Subsidies","Thousands of dollars",66,"561","    Administrative and support services",0,0,0,0,0,0,0,0,0,0,0,0,0,0,0,0,0,0,0,0,(NA)
 "16000" ,"Idaho",7,SAGDP5N,"Subsidies","Thousands of dollars",67,"562","    Waste management and remediation services",0,0,0,0,0,0,0,0,0,0,0,0,0,0,0,0,0,0,0,0,(NA)
 "16000" ,"Idaho",7,SAGDP5N,"Subsidies","Thousands of dollars",68,"61, 62","  Educational services, health care, and social assistance",0,0,0,0,0,0,0,0,0,0,0,0,0,-2189,-19083,-11552,-15275,-14732,-8980,-5503,(NA)
 "16000" ,"Idaho",7,SAGDP5N,"Subsidies","Thousands of dollars",69,"61","   Educational services",0,0,0,0,0,0,0,0,0,0,0,0,0,0,0,0,0,0,0,0,(NA)
 "16000" ,"Idaho",7,SAGDP5N,"Subsidies","Thousands of dollars",70,"62","   Health care and social assistance",0,0,0,0,0,0,0,0,0,0,0,0,0,-2189,-19083,-11552,-15275,-14732,-8980,-5503,(NA)
 "16000" ,"Idaho",7,SAGDP5N,"Subsidies","Thousands of dollars",71,"621","    Ambulatory health care services",0,0,0,0,0,0,0,0,0,0,0,0,0,0,0,0,0,0,0,0,(NA)
 "16000" ,"Idaho",7,SAGDP5N,"Subsidies","Thousands of dollars",72,"622","    Hospitals",0,0,0,0,0,0,0,0,0,0,0,0,0,-2189,-19083,-11552,-15275,-14732,-8980,-5503,(NA)
 "16000" ,"Idaho",7,SAGDP5N,"Subsidies","Thousands of dollars",73,"623","    Nursing and residential care facilities",0,0,0,0,0,0,0,0,0,0,0,0,0,0,0,0,0,0,0,0,(NA)
 "16000" ,"Idaho",7,SAGDP5N,"Subsidies","Thousands of dollars",74,"624","    Social assistance",0,0,0,0,0,0,0,0,0,0,0,0,0,0,0,0,0,0,0,0,(NA)
 "16000" ,"Idaho",7,SAGDP5N,"Subsidies","Thousands of dollars",75,"71, 72","  Arts, entertainment, recreation, accommodation, and food services",0,0,0,0,0,0,0,0,0,0,0,0,0,0,0,0,0,0,0,0,(NA)
 "16000" ,"Idaho",7,SAGDP5N,"Subsidies","Thousands of dollars",76,"71","   Arts, entertainment, and recreation",0,0,0,0,0,0,0,0,0,0,0,0,0,0,0,0,0,0,0,0,(NA)
 "16000" ,"Idaho",7,SAGDP5N,"Subsidies","Thousands of dollars",77,"711-712","    Performing arts, spectator sports, museums, and related activities",0,0,0,0,0,0,0,0,0,0,0,0,0,0,0,0,0,0,0,0,(NA)
 "16000" ,"Idaho",7,SAGDP5N,"Subsidies","Thousands of dollars",78,"713","    Amusement, gambling, and recreation industries",0,0,0,0,0,0,0,0,0,0,0,0,0,0,0,0,0,0,0,0,(NA)
 "16000" ,"Idaho",7,SAGDP5N,"Subsidies","Thousands of dollars",79,"72","   Accommodation and food services",0,0,0,0,0,0,0,0,0,0,0,0,0,0,0,0,0,0,0,0,(NA)
 "16000" ,"Idaho",7,SAGDP5N,"Subsidies","Thousands of dollars",80,"721","    Accommodation",0,0,0,0,0,0,0,0,0,0,0,0,0,0,0,0,0,0,0,0,(NA)
 "16000" ,"Idaho",7,SAGDP5N,"Subsidies","Thousands of dollars",81,"722","    Food services and drinking places",0,0,0,0,0,0,0,0,0,0,0,0,0,0,0,0,0,0,0,0,(NA)
 "16000" ,"Idaho",7,SAGDP5N,"Subsidies","Thousands of dollars",82,"81","  Other services (except government and government enterprises)",0,0,0,0,0,0,0,0,0,0,0,0,0,0,0,0,0,0,0,0,(NA)
 "16000" ,"Idaho",7,SAGDP5N,"Subsidies","Thousands of dollars",83,"..."," Government and government enterprises",-14127,-15998,-18969,-18053,-22024,-30241,-32665,-34999,-37894,-34912,-34152,-41407,-63587,-57713,-61847,-60993,-72786,-73934,-66738,-75754,(NA)
 "16000" ,"Idaho",7,SAGDP5N,"Subsidies","Thousands of dollars",84,"...","  Federal civilian",-5772,-6939,-9123,-11009,-14460,-20995,-20844,-20827,-24264,-20463,-20797,-26894,-45574,-25429,-29599,-32854,-45121,-46325,-36361,-43333,(NA)
 "16000" ,"Idaho",7,SAGDP5N,"Subsidies","Thousands of dollars",85,"...","  Military",0,0,0,0,0,0,0,0,0,0,0,0,0,0,0,0,0,0,0,0,(NA)
 "16000" ,"Idaho",7,SAGDP5N,"Subsidies","Thousands of dollars",86,"...","  State and local",-8355,-9059,-9846,-7044,-7563,-9246,-11820,-14173,-13629,-14449,-13356,-14513,-18013,-32284,-32248,-28139,-27665,-27609,-30376,-32421,(NA)
 "16000" ,"Idaho",7,SAGDP5N,"Subsidies","Thousands of dollars",87,"11, 21","Natural resources and mining",-95255,-187428,-368713,-381603,-404674,-232914,-222983,-198757,-364848,-254459,-224300,-219993,-180049,-197027,-173439,-176366,-160365,-167316,-192990,-255574,(NA)
 "16000" ,"Idaho",7,SAGDP5N,"Subsidies","Thousands of dollars",88,"42, 44-45","Trade",0,0,0,0,0,0,0,0,0,0,0,0,-15021,-1581,-15,0,0,0,0,0,(NA)
 "16000" ,"Idaho",7,SAGDP5N,"Subsidies","Thousands of dollars",89,"...","Transportation and utilities",-329,-104,-114,-127,-8670,-419,-4424,-301,-410,-682,-515,-553,-597,-648,-613,-725,-677,-628,-654,-663,(NA)
 "16000" ,"Idaho",7,SAGDP5N,"Subsidies","Thousands of dollars",90,"...","Private goods-producing industries 2/",-95255,-187428,-368713,-381603,-404674,-232914,-222983,-198757,-364848,-254466,-224304,-220115,-180513,-198621,-175707,-178278,-160974,-167818,-193509,-256308,(NA)
 "16000" ,"Idaho",7,SAGDP5N,"Subsidies","Thousands of dollars",91,"...","Private services-providing industries 3/",-34674,-37093,-39802,-39002,-47612,-41942,-52244,-48703,-67462,-70206,-91050,-76726,-92917,-78173,-91442,-85597,-92631,-86528,-82846,-85854,(NA)
"Note: See the included footnote file."
"SAGDP5N: Subsidies 1/"
"Last updated: November 14, 2018; revised statistics for 1997-2017."
"Source: U.S. Department of Commerce / Bureau of Economic Analysis / Regional Economic Accounts"
