GeoFIPS,GeoName,Region,TableName,ComponentName,Unit,IndustryId,IndustryClassification,Description,1997,1998,1999,2000,2001,2002,2003,2004,2005,2006,2007,2008,2009,2010,2011,2012,2013,2014,2015,2016,2017
 "15000" ,"Hawaii",8,SAGDP2N,"Gross domestic product (GDP) by state","Millions of current dollars",1,"...","All industry total",37654.9,37624.4,39250.4,41500.2,42894.3,45447.1,48929.1,53761.8,58667.9,62365.0,65233.5,66864.7,65692.0,68196.9,70482.6,73582.7,75788.3,77972.5,82739.9,85648.1,88447.9
 "15000" ,"Hawaii",8,SAGDP2N,"Gross domestic product (GDP) by state","Millions of current dollars",2,"..."," Private industries",29894.7,29648.1,30833.0,32906.2,33960.2,35740.1,38451.0,42482.4,46657.9,49609.3,51863.6,52699.1,51091.4,53085.3,54707.1,57485.3,59611.0,61112.5,65473.5,68245.4,70889.3
 "15000" ,"Hawaii",8,SAGDP2N,"Gross domestic product (GDP) by state","Millions of current dollars",3,"11","  Agriculture, forestry, fishing, and hunting",333.9,331.8,357.8,354.8,351.5,377.7,409.0,422.4,421.4,435.0,413.8,430.6,456.6,480.1,559.1,536.2,518.9,487.1,498.9,471.7,444.3
 "15000" ,"Hawaii",8,SAGDP2N,"Gross domestic product (GDP) by state","Millions of current dollars",4,"111-112","   Farms",281.9,281.3,299.9,300.3,301.8,323.5,350.4,369.0,372.4,374.9,361.4,379.3,400.9,423.3,494.9,466.7,447.1,412.1,415.6,385.1,(NA)
 "15000" ,"Hawaii",8,SAGDP2N,"Gross domestic product (GDP) by state","Millions of current dollars",5,"113-115","   Forestry, fishing, and related activities",52.1,50.6,57.9,54.5,49.7,54.2,58.6,53.4,49.0,60.1,52.4,51.3,55.7,56.9,64.1,69.5,71.9,75.0,83.3,86.6,(NA)
 "15000" ,"Hawaii",8,SAGDP2N,"Gross domestic product (GDP) by state","Millions of current dollars",6,"21","  Mining, quarrying, and oil and gas extraction",34.9,35.3,40.0,41.8,38.9,34.0,38.5,42.0,41.9,63.9,93.1,98.2,103.6,86.9,69.7,70.0,63.4,60.6,64.3,75.2,54.9
 "15000" ,"Hawaii",8,SAGDP2N,"Gross domestic product (GDP) by state","Millions of current dollars",7,"211","   Oil and gas extraction",0.0,0.0,0.0,0.0,0.0,0.0,0.0,0.0,0.0,0.0,0.0,0.3,0.3,0.3,0.4,0.6,0.5,0.5,0.5,0.5,(NA)
 "15000" ,"Hawaii",8,SAGDP2N,"Gross domestic product (GDP) by state","Millions of current dollars",8,"212","   Mining (except oil and gas)",34.9,35.3,40.0,41.8,38.9,34.0,38.2,41.7,41.5,63.7,92.5,97.4,102.7,86.3,68.8,68.9,62.2,59.6,63.4,74.3,(NA)
 "15000" ,"Hawaii",8,SAGDP2N,"Gross domestic product (GDP) by state","Millions of current dollars",9,"213","   Support activities for mining",0.0,0.0,0.0,0.0,0.0,0.0,0.3,0.3,0.3,0.2,0.7,0.5,0.7,0.3,0.5,0.6,0.6,0.5,0.5,0.4,(NA)
 "15000" ,"Hawaii",8,SAGDP2N,"Gross domestic product (GDP) by state","Millions of current dollars",10,"22","  Utilities",867.1,792.9,864.2,917.0,897.9,826.3,910.5,1028.7,1054.2,1253.3,1281.3,1450.1,1427.4,1691.2,1964.4,2038.1,2047.5,2078.1,1853.7,1802.5,1786.7
 "15000" ,"Hawaii",8,SAGDP2N,"Gross domestic product (GDP) by state","Millions of current dollars",11,"23","  Construction",1673.3,1647.0,1677.9,1944.1,2065.2,2260.6,2623.9,3021.5,3834.4,4207.9,4735.6,4631.3,4193.8,3683.3,3537.8,3639.0,3708.1,3971.9,4669.5,5263.7,5210.0
 "15000" ,"Hawaii",8,SAGDP2N,"Gross domestic product (GDP) by state","Millions of current dollars",12,"31-33","  Manufacturing",758.9,724.0,801.8,826.9,927.8,979.6,1084.2,1059.1,1142.3,1185.3,1204.6,1370.9,1327.2,1259.6,1352.9,1426.3,1540.6,1670.8,1658.6,1587.5,1636.6
 "15000" ,"Hawaii",8,SAGDP2N,"Gross domestic product (GDP) by state","Millions of current dollars",13,"321,327-339","   Durable goods manufacturing",215.9,195.3,201.2,231.2,238.3,238.1,229.0,234.1,293.3,320.6,350.8,351.6,338.2,325.5,352.1,325.9,367.0,349.9,359.9,402.8,421.4
 "15000" ,"Hawaii",8,SAGDP2N,"Gross domestic product (GDP) by state","Millions of current dollars",14,"321","    Wood product manufacturing",10.6,11.1,14.8,16.0,15.8,11.1,13.6,13.4,18.2,20.3,21.0,19.3,18.1,15.6,12.5,12.0,13.1,11.0,12.3,12.3,(NA)
 "15000" ,"Hawaii",8,SAGDP2N,"Gross domestic product (GDP) by state","Millions of current dollars",15,"327","    Nonmetallic mineral product manufacturing",56.6,55.0,60.0,65.7,71.8,77.2,72.8,70.2,104.0,128.0,138.2,119.7,82.4,78.8,85.9,95.5,114.1,124.0,136.4,144.8,(NA)
 "15000" ,"Hawaii",8,SAGDP2N,"Gross domestic product (GDP) by state","Millions of current dollars",16,"331","    Primary metal manufacturing",0.5,0.6,0.6,0.6,0.5,0.6,0.7,1.3,2.7,3.7,5.3,2.4,0.5,0.5,0.5,0.6,0.8,0.6,0.8,0.8,(NA)
 "15000" ,"Hawaii",8,SAGDP2N,"Gross domestic product (GDP) by state","Millions of current dollars",17,"332","    Fabricated metal product manufacturing",28.4,26.3,21.8,28.4,26.6,28.0,32.7,34.4,37.6,35.5,35.8,33.6,32.8,27.1,25.5,27.4,28.7,28.2,31.5,36.4,(NA)
 "15000" ,"Hawaii",8,SAGDP2N,"Gross domestic product (GDP) by state","Millions of current dollars",18,"333","    Machinery manufacturing",3.4,4.0,4.3,4.4,2.3,2.7,2.5,2.6,3.5,3.9,5.3,4.2,5.6,6.2,6.9,8.5,7.1,6.7,5.8,6.3,(NA)
 "15000" ,"Hawaii",8,SAGDP2N,"Gross domestic product (GDP) by state","Millions of current dollars",19,"334","    Computer and electronic product manufacturing",18.8,13.7,14.0,21.0,27.5,15.1,4.8,4.9,7.8,7.7,10.2,19.1,26.6,27.4,22.9,22.4,34.1,27.7,31.5,30.0,(NA)
 "15000" ,"Hawaii",8,SAGDP2N,"Gross domestic product (GDP) by state","Millions of current dollars",20,"335","    Electrical equipment, appliance, and component manufacturing",2.0,1.0,1.0,1.2,0.5,0.7,0.8,1.0,1.6,2.9,2.9,2.2,2.9,2.8,4.7,3.7,1.5,1.3,2.0,2.4,(NA)
 "15000" ,"Hawaii",8,SAGDP2N,"Gross domestic product (GDP) by state","Millions of current dollars",21,"3361-3363","    Motor vehicles, bodies and trailers, and parts manufacturing",5.4,3.1,2.9,3.8,1.1,1.4,1.7,1.8,3.2,2.3,2.6,1.5,1.1,1.4,1.7,0.5,0.6,0.7,0.7,0.3,(NA)
 "15000" ,"Hawaii",8,SAGDP2N,"Gross domestic product (GDP) by state","Millions of current dollars",22,"3364-3369","    Other transportation equipment manufacturing",23.6,18.3,21.9,30.8,33.5,35.4,38.3,40.4,40.4,40.4,63.4,79.3,100.2,101.0,130.2,93.6,92.8,73.3,80.0,100.3,(NA)
 "15000" ,"Hawaii",8,SAGDP2N,"Gross domestic product (GDP) by state","Millions of current dollars",23,"337","    Furniture and related product manufacturing",24.9,24.4,25.5,32.3,32.0,31.0,31.9,35.4,31.0,33.2,30.6,27.2,23.3,18.8,17.6,16.5,16.8,16.3,17.0,17.4,(NA)
 "15000" ,"Hawaii",8,SAGDP2N,"Gross domestic product (GDP) by state","Millions of current dollars",24,"339","    Miscellaneous manufacturing",41.6,37.9,34.5,26.8,26.8,35.0,29.2,28.6,43.3,42.7,35.5,43.0,44.8,45.9,43.8,45.1,57.5,60.1,42.1,51.8,(NA)
 "15000" ,"Hawaii",8,SAGDP2N,"Gross domestic product (GDP) by state","Millions of current dollars",25,"311-316,322-326","   Nondurable goods manufacturing",543.0,528.7,600.6,595.7,689.5,741.5,855.2,825.1,849.0,864.7,853.8,1019.2,988.9,934.1,1000.7,1100.4,1173.6,1321.0,1298.7,1184.7,1215.2
 "15000" ,"Hawaii",8,SAGDP2N,"Gross domestic product (GDP) by state","Millions of current dollars",26,"311-312","    Food and beverage and tobacco products manufacturing",228.9,236.0,278.2,246.9,263.8,306.1,339.9,261.9,324.7,370.2,304.8,332.2,381.2,366.3,334.3,378.0,407.6,454.3,495.1,534.0,(NA)
 "15000" ,"Hawaii",8,SAGDP2N,"Gross domestic product (GDP) by state","Millions of current dollars",27,"313-314","    Textile mills and textile product mills",9.9,6.9,6.2,5.9,4.4,5.4,6.6,8.3,12.3,13.9,21.8,16.0,15.1,11.8,11.8,11.3,11.3,10.9,13.5,19.8,(NA)
 "15000" ,"Hawaii",8,SAGDP2N,"Gross domestic product (GDP) by state","Millions of current dollars",28,"315-316","    Apparel, leather, and allied product manufacturing",39.1,38.9,42.8,35.1,43.3,35.2,23.5,28.7,20.1,16.9,16.8,17.4,14.5,13.7,18.6,20.2,22.5,20.8,22.6,19.1,(NA)
 "15000" ,"Hawaii",8,SAGDP2N,"Gross domestic product (GDP) by state","Millions of current dollars",29,"322","    Paper manufacturing",12.6,11.3,12.8,12.1,10.7,10.8,12.3,13.4,13.2,14.7,14.0,13.0,6.3,5.4,4.9,2.9,2.5,4.9,7.4,7.9,(NA)
 "15000" ,"Hawaii",8,SAGDP2N,"Gross domestic product (GDP) by state","Millions of current dollars",30,"323","    Printing and related support activities",51.5,47.2,76.1,72.4,62.0,59.4,60.7,63.8,57.0,62.7,60.2,57.0,46.6,45.0,46.7,49.8,51.1,69.5,63.6,64.5,(NA)
 "15000" ,"Hawaii",8,SAGDP2N,"Gross domestic product (GDP) by state","Millions of current dollars",31,"324","    Petroleum and coal products manufacturing",161.4,157.3,147.0,180.6,243.0,259.0,358.9,391.7,351.1,306.6,371.0,501.6,435.4,401.5,406.3,438.0,445.0,638.9,584.3,426.6,(NA)
 "15000" ,"Hawaii",8,SAGDP2N,"Gross domestic product (GDP) by state","Millions of current dollars",32,"325","    Chemical manufacturing",28.0,22.1,28.8,31.7,48.0,52.3,39.9,40.7,47.9,57.3,45.3,62.6,69.1,71.9,157.2,174.4,207.3,95.2,85.4,81.1,(NA)
 "15000" ,"Hawaii",8,SAGDP2N,"Gross domestic product (GDP) by state","Millions of current dollars",33,"326","    Plastics and rubber products manufacturing",11.6,9.0,8.8,10.9,14.3,13.4,13.5,16.6,22.7,22.5,19.9,19.5,20.7,18.6,21.1,25.9,26.3,26.4,26.9,31.7,(NA)
 "15000" ,"Hawaii",8,SAGDP2N,"Gross domestic product (GDP) by state","Millions of current dollars",34,"42","  Wholesale trade",1464.7,1463.2,1479.0,1540.8,1591.0,1631.8,1735.2,1833.0,1951.3,1991.8,2105.3,2197.2,2073.7,2143.2,2239.4,2343.6,2454.5,2517.5,2673.9,2659.2,2806.1
 "15000" ,"Hawaii",8,SAGDP2N,"Gross domestic product (GDP) by state","Millions of current dollars",35,"44-45","  Retail trade",3115.2,3077.0,3096.4,3260.2,3420.8,3467.0,3826.6,4114.7,4428.4,4568.5,4598.2,4472.9,4310.4,4480.2,4814.1,5097.8,5257.2,5275.8,5498.8,5543.2,5804.3
 "15000" ,"Hawaii",8,SAGDP2N,"Gross domestic product (GDP) by state","Millions of current dollars",36,"48-49","  Transportation and warehousing",2162.5,2038.3,2022.4,2011.2,1841.2,1860.0,2041.0,2379.1,2723.1,3001.7,2962.2,2713.1,2722.7,3181.2,3103.2,3397.8,3612.9,3765.6,4223.7,4581.9,4930.3
 "15000" ,"Hawaii",8,SAGDP2N,"Gross domestic product (GDP) by state","Millions of current dollars",37,"481","   Air transportation",1376.0,1229.7,1241.3,1151.7,947.2,997.5,1105.9,1295.4,1411.1,1494.4,1491.9,1277.5,1459.3,1895.7,1728.2,1990.4,2098.5,2213.1,2604.9,2932.2,(NA)
 "15000" ,"Hawaii",8,SAGDP2N,"Gross domestic product (GDP) by state","Millions of current dollars",38,"482","   Rail transportation",0.0,0.0,0.0,0.0,0.0,0.0,0.0,0.0,0.0,0.0,0.0,0.0,0.0,0.0,0.0,0.0,0.0,0.0,0.0,0.0,(NA)
 "15000" ,"Hawaii",8,SAGDP2N,"Gross domestic product (GDP) by state","Millions of current dollars",39,"483","   Water transportation",99.2,110.2,99.1,111.4,124.1,76.9,91.9,152.4,250.8,409.2,424.2,351.9,262.8,241.5,256.5,243.7,306.2,305.7,296.0,293.6,(NA)
 "15000" ,"Hawaii",8,SAGDP2N,"Gross domestic product (GDP) by state","Millions of current dollars",40,"484","   Truck transportation",143.7,158.2,165.1,177.2,179.5,186.4,199.5,207.9,238.8,251.5,258.6,253.2,234.1,237.7,247.1,267.0,270.0,287.7,298.5,296.6,(NA)
 "15000" ,"Hawaii",8,SAGDP2N,"Gross domestic product (GDP) by state","Millions of current dollars",41,"485","   Transit and ground passenger transportation",81.7,79.4,82.8,88.9,92.6,92.1,114.1,122.1,129.3,146.0,149.2,150.9,158.9,179.6,204.7,229.7,244.1,262.6,260.9,250.5,(NA)
 "15000" ,"Hawaii",8,SAGDP2N,"Gross domestic product (GDP) by state","Millions of current dollars",42,"486","   Pipeline transportation",(L),(L),(L),(L),(L),(L),(L),(L),1.2,1.1,0.3,(L),(L),(L),0.0,0.0,0.0,0.0,0.0,(L),(NA)
 "15000" ,"Hawaii",8,SAGDP2N,"Gross domestic product (GDP) by state","Millions of current dollars",43,"487-488, 492","   Other transportation and support activities",431.9,425.1,411.3,459.7,474.0,481.6,496.9,563.3,648.0,656.1,592.5,630.2,558.7,577.2,624.3,626.8,654.7,658.8,723.0,767.9,(NA)
 "15000" ,"Hawaii",8,SAGDP2N,"Gross domestic product (GDP) by state","Millions of current dollars",44,"493","   Warehousing and storage",30.0,35.6,22.9,22.3,23.8,25.5,32.8,37.9,43.9,43.3,45.4,49.3,48.9,49.5,42.4,40.3,39.4,37.8,40.5,41.1,(NA)
 "15000" ,"Hawaii",8,SAGDP2N,"Gross domestic product (GDP) by state","Millions of current dollars",45,"51","  Information",1135.1,1091.3,1099.7,1119.0,1150.5,1260.4,1230.1,1491.7,1550.8,1694.6,1840.7,1757.1,1750.1,1932.5,1584.3,1533.8,1694.4,1652.1,1803.7,1830.6,1961.0
 "15000" ,"Hawaii",8,SAGDP2N,"Gross domestic product (GDP) by state","Millions of current dollars",46,"511","   Publishing industries (except Internet)",186.0,205.7,245.5,204.6,230.2,246.2,266.0,306.0,337.0,300.8,356.1,333.1,305.1,279.3,241.3,243.6,252.4,243.5,229.8,248.9,(NA)
 "15000" ,"Hawaii",8,SAGDP2N,"Gross domestic product (GDP) by state","Millions of current dollars",47,"512","   Motion picture and sound recording industries",62.7,61.9,76.6,133.8,124.9,195.0,109.1,228.6,142.0,144.3,221.3,128.8,238.3,485.9,233.4,198.1,208.5,168.2,209.4,213.1,(NA)
 "15000" ,"Hawaii",8,SAGDP2N,"Gross domestic product (GDP) by state","Millions of current dollars",48,"515, 517","   Broadcasting (except Internet) and telecommunications",856.5,792.0,752.8,760.9,751.0,732.0,761.8,857.8,971.8,1133.2,1171.0,1193.4,1116.0,1066.7,989.2,980.1,1108.1,1111.4,1216.3,1208.0,(NA)
 "15000" ,"Hawaii",8,SAGDP2N,"Gross domestic product (GDP) by state","Millions of current dollars",49,"518, 519","   Data processing, hosting, and other information services",30.0,31.7,24.8,19.7,44.4,87.2,93.3,99.3,100.0,116.2,92.4,101.8,90.8,100.6,120.5,112.1,125.3,129.0,148.3,160.6,(NA)
 "15000" ,"Hawaii",8,SAGDP2N,"Gross domestic product (GDP) by state","Millions of current dollars",50,"52, 53","  Finance, insurance, real estate, rental, and leasing",7683.2,7736.8,8212.4,8748.6,9068.9,9529.0,10097.4,11334.1,12855.2,13449.6,14344.9,14885.0,14712.1,15563.4,15928.2,16715.0,16958.9,17340.3,19086.5,20309.6,20844.5
 "15000" ,"Hawaii",8,SAGDP2N,"Gross domestic product (GDP) by state","Millions of current dollars",51,"52","   Finance and insurance",1309.0,1344.5,1399.1,1614.3,1598.4,1868.6,1936.4,2099.8,2218.9,2228.7,2309.7,2205.6,2080.9,2081.5,2262.0,2394.0,2254.3,2650.2,2887.9,2849.4,2916.3
 "15000" ,"Hawaii",8,SAGDP2N,"Gross domestic product (GDP) by state","Millions of current dollars",52,"521-522","    Monetary Authorities- central bank, credit intermediation, and related services",498.9,518.4,620.8,722.3,731.4,996.8,1013.8,1055.5,1065.6,1017.0,1026.8,997.0,853.9,813.9,862.8,957.2,907.9,928.7,1030.3,1055.0,(NA)
 "15000" ,"Hawaii",8,SAGDP2N,"Gross domestic product (GDP) by state","Millions of current dollars",53,"523","    Securities, commodity contracts, and other financial investments and related activities",132.5,108.0,121.9,137.5,131.3,127.6,108.5,119.0,159.5,174.0,154.7,116.7,129.5,135.3,132.8,157.0,182.1,161.8,163.9,186.0,(NA)
 "15000" ,"Hawaii",8,SAGDP2N,"Gross domestic product (GDP) by state","Millions of current dollars",54,"524","    Insurance carriers and related activities",674.1,712.1,648.4,747.3,727.1,735.0,802.0,912.7,978.9,1025.7,1104.7,1070.6,1087.6,1116.5,1251.0,1258.2,1143.8,1485.0,1661.4,1561.2,(NA)
 "15000" ,"Hawaii",8,SAGDP2N,"Gross domestic product (GDP) by state","Millions of current dollars",55,"525","    Funds, trusts, and other financial vehicles",3.5,5.9,8.0,7.2,8.6,9.2,12.2,12.6,14.8,12.0,23.6,21.3,9.9,15.7,15.4,21.6,20.4,74.6,32.4,47.2,(NA)
 "15000" ,"Hawaii",8,SAGDP2N,"Gross domestic product (GDP) by state","Millions of current dollars",56,"53","   Real estate and rental and leasing",6374.2,6392.3,6813.2,7134.3,7470.5,7660.4,8161.0,9234.4,10636.4,11220.9,12035.2,12679.4,12631.2,13481.9,13666.1,14321.0,14704.6,14690.1,16198.6,17460.3,17928.2
 "15000" ,"Hawaii",8,SAGDP2N,"Gross domestic product (GDP) by state","Millions of current dollars",57,"531","    Real estate",5665.9,5666.3,6053.2,6349.7,6650.5,6868.9,7320.0,8385.4,9687.7,10164.6,11010.6,11589.3,11621.2,12449.3,12586.3,13077.4,13353.0,13365.9,14735.7,15814.7,(NA)
 "15000" ,"Hawaii",8,SAGDP2N,"Gross domestic product (GDP) by state","Millions of current dollars",58,"532-533","    Rental and leasing services and lessors of nonfinancial intangible assets",708.3,726.0,760.1,784.7,819.9,791.5,841.0,848.9,948.6,1056.4,1024.6,1090.2,1010.0,1032.6,1079.8,1243.6,1351.7,1324.2,1462.8,1645.6,(NA)
 "15000" ,"Hawaii",8,SAGDP2N,"Gross domestic product (GDP) by state","Millions of current dollars",59,"54, 55, 56","  Professional and business services",2872.3,2795.7,2886.8,3115.4,3560.2,4007.8,4349.3,4765.7,4918.9,5293.8,5554.7,5886.5,5684.4,5931.9,6234.2,6500.9,6759.7,6985.8,7222.8,7417.0,7739.9
 "15000" ,"Hawaii",8,SAGDP2N,"Gross domestic product (GDP) by state","Millions of current dollars",60,"54","   Professional, scientific, and technical services",1501.0,1402.2,1439.0,1540.2,1774.5,2006.8,2133.3,2261.0,2458.7,2673.6,2838.9,3085.7,2976.6,2981.4,3115.4,3180.0,3206.9,3288.4,3381.6,3413.6,3588.5
 "15000" ,"Hawaii",8,SAGDP2N,"Gross domestic product (GDP) by state","Millions of current dollars",61,"5411","    Legal services",430.7,410.9,410.9,432.0,482.2,487.6,512.9,529.6,566.0,607.0,635.9,706.1,605.6,604.2,630.2,621.7,630.3,671.4,679.9,718.8,(NA)
 "15000" ,"Hawaii",8,SAGDP2N,"Gross domestic product (GDP) by state","Millions of current dollars",62,"5415","    Computer systems design and related services",153.2,162.3,169.8,171.0,217.0,279.6,315.6,323.0,389.8,454.7,457.0,499.3,537.7,524.6,545.6,583.3,612.6,590.6,607.1,608.3,(NA)
 "15000" ,"Hawaii",8,SAGDP2N,"Gross domestic product (GDP) by state","Millions of current dollars",63,"5412-5414, 5416-5419","    Miscellaneous professional, scientific, and technical services",917.1,829.1,858.3,937.2,1075.3,1239.6,1304.9,1408.4,1503.0,1611.9,1746.0,1880.3,1833.2,1852.6,1939.6,1975.0,1963.9,2026.4,2094.6,2086.5,(NA)
 "15000" ,"Hawaii",8,SAGDP2N,"Gross domestic product (GDP) by state","Millions of current dollars",64,"55","   Management of companies and enterprises",389.4,418.1,405.0,418.0,495.3,584.8,626.3,821.1,740.8,744.9,772.4,760.8,718.0,750.2,793.9,887.2,985.3,991.7,1013.1,1053.4,1087.4
 "15000" ,"Hawaii",8,SAGDP2N,"Gross domestic product (GDP) by state","Millions of current dollars",65,"56","   Administrative and support and waste management and remediation services",981.8,975.5,1042.9,1157.2,1290.4,1416.2,1589.7,1683.6,1719.4,1875.4,1943.4,2040.1,1989.8,2200.3,2324.9,2433.7,2567.5,2705.6,2828.2,2949.9,3063.9
 "15000" ,"Hawaii",8,SAGDP2N,"Gross domestic product (GDP) by state","Millions of current dollars",66,"561","    Administrative and support services",884.7,878.5,934.5,1037.8,1159.3,1281.0,1449.5,1549.4,1583.1,1739.9,1778.2,1876.0,1814.1,1984.1,2124.3,2208.1,2337.3,2474.6,2590.9,2673.5,(NA)
 "15000" ,"Hawaii",8,SAGDP2N,"Gross domestic product (GDP) by state","Millions of current dollars",67,"562","    Waste management and remediation services",97.1,96.9,108.4,119.5,131.1,135.2,140.1,134.1,136.3,135.5,165.3,164.1,175.8,216.2,200.6,225.5,230.3,231.1,237.3,276.4,(NA)
 "15000" ,"Hawaii",8,SAGDP2N,"Gross domestic product (GDP) by state","Millions of current dollars",68,"61, 62","  Educational services, health care, and social assistance",2754.2,2682.9,2773.7,2951.3,3141.2,3277.8,3538.6,3796.2,4028.7,4233.9,4430.0,4852.2,5163.4,5279.8,5463.1,5635.2,5817.3,5988.5,6286.1,6531.6,6847.0
 "15000" ,"Hawaii",8,SAGDP2N,"Gross domestic product (GDP) by state","Millions of current dollars",69,"61","   Educational services",408.3,399.7,416.7,454.5,468.2,475.6,540.9,592.6,615.4,650.5,684.0,767.7,844.1,871.3,893.2,930.6,921.3,923.2,917.7,934.1,936.5
 "15000" ,"Hawaii",8,SAGDP2N,"Gross domestic product (GDP) by state","Millions of current dollars",70,"62","   Health care and social assistance",2345.9,2283.2,2356.9,2496.7,2673.0,2802.2,2997.6,3203.5,3413.3,3583.4,3746.0,4084.5,4319.2,4408.5,4569.9,4704.6,4896.0,5065.3,5368.4,5597.5,5910.5
 "15000" ,"Hawaii",8,SAGDP2N,"Gross domestic product (GDP) by state","Millions of current dollars",71,"621","    Ambulatory health care services",1358.3,1231.6,1265.1,1346.7,1461.3,1557.8,1678.5,1671.0,1781.6,1863.0,1916.0,2098.8,2163.7,2222.1,2351.8,2434.8,2522.0,2596.0,2736.2,2873.5,(NA)
 "15000" ,"Hawaii",8,SAGDP2N,"Gross domestic product (GDP) by state","Millions of current dollars",72,"622","    Hospitals",628.3,656.0,668.1,696.4,697.5,692.9,722.9,903.2,948.2,1002.0,1059.4,1151.0,1282.6,1295.7,1333.0,1370.0,1412.9,1496.3,1621.1,1677.0,(NA)
 "15000" ,"Hawaii",8,SAGDP2N,"Gross domestic product (GDP) by state","Millions of current dollars",73,"623","    Nursing and residential care facilities",134.1,144.7,153.5,163.2,174.1,196.9,209.0,225.8,241.3,254.0,272.3,307.7,331.0,347.3,359.7,364.7,396.3,405.6,424.6,445.3,(NA)
 "15000" ,"Hawaii",8,SAGDP2N,"Gross domestic product (GDP) by state","Millions of current dollars",74,"624","    Social assistance",225.2,250.9,270.3,290.4,340.0,354.6,387.2,403.5,442.2,464.4,498.3,527.0,542.0,543.4,525.4,535.1,564.8,567.5,586.5,601.6,(NA)
 "15000" ,"Hawaii",8,SAGDP2N,"Gross domestic product (GDP) by state","Millions of current dollars",75,"71, 72","  Arts, entertainment, recreation, accommodation, and food services",3892.1,4052.1,4304.7,4781.4,4641.1,4877.4,5224.1,5802.9,6227.1,6638.3,6695.4,6347.4,5617.7,5796.6,6243.8,6902.6,7484.5,7549.6,8089.4,8265.1,8811.5
 "15000" ,"Hawaii",8,SAGDP2N,"Gross domestic product (GDP) by state","Millions of current dollars",76,"71","   Arts, entertainment, and recreation",521.2,507.1,513.0,547.6,529.9,559.0,586.2,594.2,599.8,611.7,680.4,754.0,771.0,707.1,698.2,765.6,897.3,943.4,941.4,894.2,1024.2
 "15000" ,"Hawaii",8,SAGDP2N,"Gross domestic product (GDP) by state","Millions of current dollars",77,"711-712","    Performing arts, spectator sports, museums, and related activities",186.2,186.5,184.6,206.5,214.0,229.8,239.4,219.5,205.5,221.4,250.4,317.2,365.8,321.6,338.8,365.9,431.1,463.2,492.2,424.1,(NA)
 "15000" ,"Hawaii",8,SAGDP2N,"Gross domestic product (GDP) by state","Millions of current dollars",78,"713","    Amusement, gambling, and recreation industries",335.1,320.6,328.4,341.2,315.9,329.2,346.8,374.7,394.2,390.2,430.1,436.7,405.2,385.5,359.4,399.7,466.2,480.1,449.2,470.1,(NA)
 "15000" ,"Hawaii",8,SAGDP2N,"Gross domestic product (GDP) by state","Millions of current dollars",79,"72","   Accommodation and food services",3370.9,3545.0,3791.7,4233.8,4111.3,4318.4,4637.9,5208.7,5627.3,6026.6,6014.9,5593.5,4846.6,5089.5,5545.6,6137.0,6587.3,6606.3,7148.0,7370.9,7787.3
 "15000" ,"Hawaii",8,SAGDP2N,"Gross domestic product (GDP) by state","Millions of current dollars",80,"721","    Accommodation",2367.8,2510.0,2672.5,3020.4,2865.5,2985.9,3175.5,3596.8,3910.7,4217.2,4165.5,3764.4,2991.4,3179.0,3548.2,4017.9,4315.8,4190.9,4495.6,4545.8,(NA)
 "15000" ,"Hawaii",8,SAGDP2N,"Gross domestic product (GDP) by state","Millions of current dollars",81,"722","    Food services and drinking places",1003.1,1035.0,1119.2,1213.4,1245.8,1332.5,1462.3,1612.0,1716.6,1809.5,1849.5,1829.1,1855.2,1910.4,1997.4,2119.0,2271.5,2415.4,2652.4,2825.1,(NA)
 "15000" ,"Hawaii",8,SAGDP2N,"Gross domestic product (GDP) by state","Millions of current dollars",82,"81","  Other services (except government and government enterprises)",1147.3,1179.7,1216.3,1293.5,1264.0,1350.7,1342.5,1391.4,1480.2,1591.7,1603.8,1606.7,1548.3,1575.3,1613.0,1649.0,1693.0,1768.9,1843.4,1906.6,2012.4
 "15000" ,"Hawaii",8,SAGDP2N,"Gross domestic product (GDP) by state","Millions of current dollars",83,"..."," Government and government enterprises",7760.2,7976.4,8417.4,8594.0,8934.2,9707.0,10478.2,11279.4,12010.0,12755.7,13369.9,14165.6,14600.6,15111.6,15775.5,16097.4,16177.4,16860.0,17266.4,17402.7,17558.6
 "15000" ,"Hawaii",8,SAGDP2N,"Gross domestic product (GDP) by state","Millions of current dollars",84,"...","  Federal civilian",1902.9,2013.9,2079.4,2236.0,2285.2,2488.7,2682.9,2781.2,2906.5,3045.4,3181.4,3273.3,3475.4,3766.4,3997.4,4098.6,3956.5,4084.6,4222.6,4357.3,(NA)
 "15000" ,"Hawaii",8,SAGDP2N,"Gross domestic product (GDP) by state","Millions of current dollars",85,"...","  Military",2265.1,2281.5,2299.0,2390.4,2589.7,2861.6,3200.8,3536.8,3882.7,4198.3,4483.8,4850.2,5013.9,5213.3,5372.7,5452.1,5328.9,5368.0,5524.5,5316.2,(NA)
 "15000" ,"Hawaii",8,SAGDP2N,"Gross domestic product (GDP) by state","Millions of current dollars",86,"...","  State and local",3592.2,3680.9,4038.9,3967.6,4059.3,4356.7,4594.4,4961.4,5220.8,5512.0,5704.6,6042.1,6111.3,6131.9,6405.3,6546.8,6891.9,7407.5,7519.3,7729.2,(NA)
 "15000" ,"Hawaii",8,SAGDP2N,"Gross domestic product (GDP) by state","Millions of current dollars",87,"11, 21","Natural resources and mining",368.8,367.2,397.8,396.5,390.4,411.8,447.5,464.3,463.2,499.0,506.9,528.8,560.2,567.0,628.8,606.2,582.3,547.7,563.2,547.0,499.2
 "15000" ,"Hawaii",8,SAGDP2N,"Gross domestic product (GDP) by state","Millions of current dollars",88,"42, 44-45","Trade",4579.9,4540.2,4575.4,4801.0,5011.7,5098.8,5561.8,5947.6,6379.7,6560.3,6703.5,6670.1,6384.1,6623.5,7053.6,7441.4,7711.7,7793.2,8172.7,8202.3,8610.4
 "15000" ,"Hawaii",8,SAGDP2N,"Gross domestic product (GDP) by state","Millions of current dollars",89,"...","Transportation and utilities",3029.6,2831.1,2886.5,2928.3,2739.1,2686.3,2951.5,3407.8,3777.3,4255.0,4243.5,4163.1,4150.1,4872.4,5067.6,5435.9,5660.3,5843.7,6077.5,6384.3,6716.9
 "15000" ,"Hawaii",8,SAGDP2N,"Gross domestic product (GDP) by state","Millions of current dollars",90,"...","Private goods-producing industries 2/",2801.0,2738.2,2877.5,3167.6,3383.4,3652.0,4155.6,4544.9,5439.9,5892.1,6447.1,6531.0,6081.2,5509.9,5519.4,5671.5,5831.0,6190.4,6891.4,7398.2,7345.8
 "15000" ,"Hawaii",8,SAGDP2N,"Gross domestic product (GDP) by state","Millions of current dollars",91,"...","Private services-providing industries 3/",27093.7,26909.9,27955.4,29738.6,30576.8,32088.1,34295.4,37937.4,41218.0,43717.1,45416.5,46168.2,45010.2,47575.4,49187.7,51813.8,53780.0,54922.1,58582.1,60847.2,63543.5
"Note: See the included footnote file."
"SAGDP2N: Gross domestic product (GDP) by state 1/"
"Last updated: November 14, 2018; revised statistics for 1997-2017."
"Source: U.S. Department of Commerce / Bureau of Economic Analysis / Regional Economic Accounts"
