GeoFIPS,GeoName,Region,TableName,ComponentName,Unit,IndustryId,IndustryClassification,Description,1997,1998,1999,2000,2001,2002,2003,2004,2005,2006,2007,2008,2009,2010,2011,2012,2013,2014,2015,2016,2017
 "95000" ,"Southeast",5,SAGDP5N,"Subsidies","Thousands of dollars",1,"...","All industry total",-5727535,-6642755,-8826273,-9189854,-10643480,-7167711,-8890551,-8293523,-11449407,-9384530,-11016914,-9684216,-10570114,-9723235,-10345261,-10052633,-10108373,-9487668,-9376325,-10004379,(NA)
 "95000" ,"Southeast",5,SAGDP5N,"Subsidies","Thousands of dollars",2,"..."," Private industries",-4014934,-5137233,-7273072,-7664389,-8969849,-5219954,-6838567,-6131313,-9221214,-7088726,-8075733,-6344883,-7318347,-6691772,-7022395,-6893862,-6724007,-6105213,-6098010,-6520674,(NA)
 "95000" ,"Southeast",5,SAGDP5N,"Subsidies","Thousands of dollars",3,"11","  Agriculture, forestry, fishing, and hunting",-1507558,-2528841,-4539502,-4994606,-5077361,-2214292,-2948403,-2359831,-4612609,-2849095,-1899684,-1767493,-1973509,-1786744,-1225139,-1364842,-1506060,-1280638,-1521748,-1752843,(NA)
 "95000" ,"Southeast",5,SAGDP5N,"Subsidies","Thousands of dollars",4,"111-112","   Farms",-1507558,-2528841,-4539502,-4994606,-5077361,-2214292,-2948403,-2359831,-4612609,-2849095,-1899684,-1767493,-1973509,-1786744,-1225139,-1364842,-1506060,-1280638,-1521748,-1752843,(NA)
 "95000" ,"Southeast",5,SAGDP5N,"Subsidies","Thousands of dollars",5,"113-115","   Forestry, fishing, and related activities",0,0,0,0,0,0,0,0,0,0,0,0,0,0,0,0,0,0,0,0,(NA)
 "95000" ,"Southeast",5,SAGDP5N,"Subsidies","Thousands of dollars",6,"21","  Mining, quarrying, and oil and gas extraction",0,0,0,0,0,0,0,0,0,0,0,0,0,0,0,0,0,0,0,0,(NA)
 "95000" ,"Southeast",5,SAGDP5N,"Subsidies","Thousands of dollars",7,"211","   Oil and gas extraction",0,0,0,0,0,0,0,0,0,0,0,0,0,0,0,0,0,0,0,0,(NA)
 "95000" ,"Southeast",5,SAGDP5N,"Subsidies","Thousands of dollars",8,"212","   Mining (except oil and gas)",0,0,0,0,0,0,0,0,0,0,0,0,0,0,0,0,0,0,0,0,(NA)
 "95000" ,"Southeast",5,SAGDP5N,"Subsidies","Thousands of dollars",9,"213","   Support activities for mining",0,0,0,0,0,0,0,0,0,0,0,0,0,0,0,0,0,0,0,0,(NA)
 "95000" ,"Southeast",5,SAGDP5N,"Subsidies","Thousands of dollars",10,"22","  Utilities",0,0,0,0,0,0,0,0,0,0,0,0,0,0,0,0,0,0,0,0,(NA)
 "95000" ,"Southeast",5,SAGDP5N,"Subsidies","Thousands of dollars",11,"23","  Construction",0,0,0,0,0,0,0,0,0,0,0,0,0,0,0,0,0,0,0,0,(NA)
 "95000" ,"Southeast",5,SAGDP5N,"Subsidies","Thousands of dollars",12,"31-33","  Manufacturing",0,0,0,0,0,0,0,0,0,-7350,-3264,-39007,-119665,-341061,-431787,-354285,-154930,-143134,-117682,-106053,(NA)
 "95000" ,"Southeast",5,SAGDP5N,"Subsidies","Thousands of dollars",13,"321,327-339","   Durable goods manufacturing",0,0,0,0,0,0,0,0,0,0,0,-35870,-107603,-301316,-383411,-290498,-132242,-97607,-91392,-83619,(NA)
 "95000" ,"Southeast",5,SAGDP5N,"Subsidies","Thousands of dollars",14,"321","    Wood product manufacturing",0,0,0,0,0,0,0,0,0,0,0,0,0,0,0,0,0,0,0,0,(NA)
 "95000" ,"Southeast",5,SAGDP5N,"Subsidies","Thousands of dollars",15,"327","    Nonmetallic mineral product manufacturing",0,0,0,0,0,0,0,0,0,0,0,0,0,0,0,0,0,0,0,0,(NA)
 "95000" ,"Southeast",5,SAGDP5N,"Subsidies","Thousands of dollars",16,"331","    Primary metal manufacturing",0,0,0,0,0,0,0,0,0,0,0,0,0,0,0,0,0,0,0,0,(NA)
 "95000" ,"Southeast",5,SAGDP5N,"Subsidies","Thousands of dollars",17,"332","    Fabricated metal product manufacturing",0,0,0,0,0,0,0,0,0,0,0,0,0,0,0,0,0,0,0,0,(NA)
 "95000" ,"Southeast",5,SAGDP5N,"Subsidies","Thousands of dollars",18,"333","    Machinery manufacturing",0,0,0,0,0,0,0,0,0,0,0,0,0,0,0,0,0,0,0,0,(NA)
 "95000" ,"Southeast",5,SAGDP5N,"Subsidies","Thousands of dollars",19,"334","    Computer and electronic product manufacturing",0,0,0,0,0,0,0,0,0,0,0,0,0,0,0,0,0,0,0,0,(NA)
 "95000" ,"Southeast",5,SAGDP5N,"Subsidies","Thousands of dollars",20,"335","    Electrical equipment, appliance, and component manufacturing",0,0,0,0,0,0,0,0,0,0,0,-35870,-107603,-301316,-383411,-290498,-132242,-97607,-91392,-83619,(NA)
 "95000" ,"Southeast",5,SAGDP5N,"Subsidies","Thousands of dollars",21,"3361-3363","    Motor vehicles, bodies and trailers, and parts manufacturing",0,0,0,0,0,0,0,0,0,0,0,0,0,0,0,0,0,0,0,0,(NA)
 "95000" ,"Southeast",5,SAGDP5N,"Subsidies","Thousands of dollars",22,"3364-3369","    Other transportation equipment manufacturing",0,0,0,0,0,0,0,0,0,0,0,0,0,0,0,0,0,0,0,0,(NA)
 "95000" ,"Southeast",5,SAGDP5N,"Subsidies","Thousands of dollars",23,"337","    Furniture and related product manufacturing",0,0,0,0,0,0,0,0,0,0,0,0,0,0,0,0,0,0,0,0,(NA)
 "95000" ,"Southeast",5,SAGDP5N,"Subsidies","Thousands of dollars",24,"339","    Miscellaneous manufacturing",0,0,0,0,0,0,0,0,0,0,0,0,0,0,0,0,0,0,0,0,(NA)
 "95000" ,"Southeast",5,SAGDP5N,"Subsidies","Thousands of dollars",25,"311-316,322-326","   Nondurable goods manufacturing",0,0,0,0,0,0,0,0,0,-7350,-3264,-3137,-12063,-39745,-48376,-63787,-22688,-45527,-26290,-22434,(NA)
 "95000" ,"Southeast",5,SAGDP5N,"Subsidies","Thousands of dollars",26,"311-312","    Food and beverage and tobacco products manufacturing",0,0,0,0,0,0,0,0,0,0,0,0,0,0,0,0,0,0,0,0,(NA)
 "95000" ,"Southeast",5,SAGDP5N,"Subsidies","Thousands of dollars",27,"313-314","    Textile mills and textile product mills",0,0,0,0,0,0,0,0,0,-7350,-3264,-3137,-3724,-3302,-3397,-3311,-3141,-2963,-6267,0,(NA)
 "95000" ,"Southeast",5,SAGDP5N,"Subsidies","Thousands of dollars",28,"315-316","    Apparel, leather, and allied product manufacturing",0,0,0,0,0,0,0,0,0,0,0,0,0,0,0,0,0,0,0,0,(NA)
 "95000" ,"Southeast",5,SAGDP5N,"Subsidies","Thousands of dollars",29,"322","    Paper manufacturing",0,0,0,0,0,0,0,0,0,0,0,0,0,0,0,0,0,0,0,0,(NA)
 "95000" ,"Southeast",5,SAGDP5N,"Subsidies","Thousands of dollars",30,"323","    Printing and related support activities",0,0,0,0,0,0,0,0,0,0,0,0,0,0,0,0,0,0,0,0,(NA)
 "95000" ,"Southeast",5,SAGDP5N,"Subsidies","Thousands of dollars",31,"324","    Petroleum and coal products manufacturing",0,0,0,0,0,0,0,0,0,0,0,0,-4971,-32437,-9524,-49894,-7319,-31248,-16457,-18933,(NA)
 "95000" ,"Southeast",5,SAGDP5N,"Subsidies","Thousands of dollars",32,"325","    Chemical manufacturing",0,0,0,0,0,0,0,0,0,0,0,0,-3367,-4005,-35455,-10582,-12229,-11316,-3566,-3501,(NA)
 "95000" ,"Southeast",5,SAGDP5N,"Subsidies","Thousands of dollars",33,"326","    Plastics and rubber products manufacturing",0,0,0,0,0,0,0,0,0,0,0,0,0,0,0,0,0,0,0,0,(NA)
 "95000" ,"Southeast",5,SAGDP5N,"Subsidies","Thousands of dollars",34,"42","  Wholesale trade",0,0,0,0,0,0,0,0,0,0,0,0,0,0,0,0,0,0,0,0,(NA)
 "95000" ,"Southeast",5,SAGDP5N,"Subsidies","Thousands of dollars",35,"44-45","  Retail trade",0,0,0,0,0,0,0,0,0,0,0,0,-720880,-77673,-746,-21,2,0,0,0,(NA)
 "95000" ,"Southeast",5,SAGDP5N,"Subsidies","Thousands of dollars",36,"48-49","  Transportation and warehousing",-121026,-81276,-83718,-98879,-1343714,-329415,-837347,-521200,-351881,-464343,-343042,-298286,-436064,-364010,-349097,-474119,-273192,-224286,-215120,-264454,(NA)
 "95000" ,"Southeast",5,SAGDP5N,"Subsidies","Thousands of dollars",37,"481","   Air transportation",-4734,237,0,-237,-1190150,-37873,-595312,-4024,-14498,-22014,-22191,-33375,-40417,-48642,-55840,-61195,-55436,-51888,-56840,-58083,(NA)
 "95000" ,"Southeast",5,SAGDP5N,"Subsidies","Thousands of dollars",38,"482","   Rail transportation",-82561,-64216,-74407,-76394,-68438,-89585,-82956,-83062,-102338,-100827,-91351,-118142,-158009,-208185,-166587,-137480,-140229,-133040,-136557,-129955,(NA)
 "95000" ,"Southeast",5,SAGDP5N,"Subsidies","Thousands of dollars",39,"483","   Water transportation",-33730,-17296,-9311,-22248,-85126,-201957,-158312,-428999,-230132,-328336,-226193,-143250,-236152,-107183,-126671,-275443,-77527,-39359,-21723,-76417,(NA)
 "95000" ,"Southeast",5,SAGDP5N,"Subsidies","Thousands of dollars",40,"484","   Truck transportation",0,0,0,0,0,0,-768,-5114,-4913,-13166,-3307,-3518,-1485,0,0,0,0,0,0,0,(NA)
 "95000" ,"Southeast",5,SAGDP5N,"Subsidies","Thousands of dollars",41,"485","   Transit and ground passenger transportation",0,0,0,0,0,0,0,0,0,0,0,0,0,0,0,0,0,0,0,0,(NA)
 "95000" ,"Southeast",5,SAGDP5N,"Subsidies","Thousands of dollars",42,"486","   Pipeline transportation",0,0,0,0,0,0,0,0,0,0,0,0,0,0,0,0,0,0,0,0,(NA)
 "95000" ,"Southeast",5,SAGDP5N,"Subsidies","Thousands of dollars",43,"487-488, 492","   Other transportation and support activities",0,0,0,0,0,0,0,0,0,0,0,0,0,0,0,0,0,0,0,0,(NA)
 "95000" ,"Southeast",5,SAGDP5N,"Subsidies","Thousands of dollars",44,"493","   Warehousing and storage",0,0,0,0,0,0,0,0,0,0,0,0,0,0,0,0,0,0,0,0,(NA)
 "95000" ,"Southeast",5,SAGDP5N,"Subsidies","Thousands of dollars",45,"51","  Information",0,0,0,0,0,0,0,0,0,0,0,0,-9289,-26239,-114814,-167141,-89221,-21924,-21611,1273,(NA)
 "95000" ,"Southeast",5,SAGDP5N,"Subsidies","Thousands of dollars",46,"511","   Publishing industries (except Internet)",0,0,0,0,0,0,0,0,0,0,0,0,0,0,0,0,0,0,0,0,(NA)
 "95000" ,"Southeast",5,SAGDP5N,"Subsidies","Thousands of dollars",47,"512","   Motion picture and sound recording industries",0,0,0,0,0,0,0,0,0,0,0,0,0,0,0,0,0,0,0,0,(NA)
 "95000" ,"Southeast",5,SAGDP5N,"Subsidies","Thousands of dollars",48,"515, 517","   Broadcasting (except Internet) and telecommunications",0,0,0,0,0,0,0,0,0,0,0,0,-9289,-26239,-114814,-167141,-89221,-21924,-21611,1273,(NA)
 "95000" ,"Southeast",5,SAGDP5N,"Subsidies","Thousands of dollars",49,"518, 519","   Data processing, hosting, and other information services",0,0,0,0,0,0,0,0,0,0,0,0,0,0,0,0,0,0,0,0,(NA)
 "95000" ,"Southeast",5,SAGDP5N,"Subsidies","Thousands of dollars",50,"52, 53","  Finance, insurance, real estate, rental, and leasing",-2386350,-2527117,-2649853,-2570904,-2548774,-2676247,-3052817,-3250282,-4256725,-3767937,-5829741,-4240096,-4058941,-3977326,-3951189,-3971101,-4005521,-3794214,-3837890,-4173210,(NA)
 "95000" ,"Southeast",5,SAGDP5N,"Subsidies","Thousands of dollars",51,"52","   Finance and insurance",-6611,-9182,-15058,-15660,-21434,-26661,-11521,-9013,-15921,-8698,-9701,-22239,-46069,-111780,-124213,-163509,-118162,-138468,-90130,-99851,(NA)
 "95000" ,"Southeast",5,SAGDP5N,"Subsidies","Thousands of dollars",52,"521-522","    Monetary Authorities- central bank, credit intermediation, and related services",-6611,-9182,-15058,-15660,-21434,-26661,-11521,-9013,-15921,-8698,-9701,-22239,-46069,-111780,-124213,-163509,-118162,-138468,-90130,-99851,(NA)
 "95000" ,"Southeast",5,SAGDP5N,"Subsidies","Thousands of dollars",53,"523","    Securities, commodity contracts, and other financial investments and related activities",0,0,0,0,0,0,0,0,0,0,0,0,0,0,0,0,0,0,0,0,(NA)
 "95000" ,"Southeast",5,SAGDP5N,"Subsidies","Thousands of dollars",54,"524","    Insurance carriers and related activities",0,0,0,0,0,0,0,0,0,0,0,0,0,0,0,0,0,0,0,0,(NA)
 "95000" ,"Southeast",5,SAGDP5N,"Subsidies","Thousands of dollars",55,"525","    Funds, trusts, and other financial vehicles",0,0,0,0,0,0,0,0,0,0,0,0,0,0,0,0,0,0,0,0,(NA)
 "95000" ,"Southeast",5,SAGDP5N,"Subsidies","Thousands of dollars",56,"53","   Real estate and rental and leasing",-2379739,-2517935,-2634794,-2555244,-2527340,-2649586,-3041296,-3241268,-4240804,-3759239,-5820040,-4217857,-4012872,-3865546,-3826976,-3807591,-3887359,-3655746,-3747760,-4073359,(NA)
 "95000" ,"Southeast",5,SAGDP5N,"Subsidies","Thousands of dollars",57,"531","    Real estate",-2379739,-2517935,-2634794,-2555244,-2527340,-2649586,-3041296,-3241268,-4240804,-3759239,-5820040,-4217857,-4012872,-3865546,-3826976,-3807591,-3887359,-3655746,-3747760,-4073359,(NA)
 "95000" ,"Southeast",5,SAGDP5N,"Subsidies","Thousands of dollars",58,"532-533","    Rental and leasing services and lessors of nonfinancial intangible assets",0,0,0,0,0,0,0,0,0,0,0,0,0,0,0,0,0,0,0,0,(NA)
 "95000" ,"Southeast",5,SAGDP5N,"Subsidies","Thousands of dollars",59,"54, 55, 56","  Professional and business services",0,0,0,0,0,0,0,0,0,0,0,0,0,0,0,0,0,0,0,0,(NA)
 "95000" ,"Southeast",5,SAGDP5N,"Subsidies","Thousands of dollars",60,"54","   Professional, scientific, and technical services",0,0,0,0,0,0,0,0,0,0,0,0,0,0,0,0,0,0,0,0,(NA)
 "95000" ,"Southeast",5,SAGDP5N,"Subsidies","Thousands of dollars",61,"5411","    Legal services",0,0,0,0,0,0,0,0,0,0,0,0,0,0,0,0,0,0,0,0,(NA)
 "95000" ,"Southeast",5,SAGDP5N,"Subsidies","Thousands of dollars",62,"5415","    Computer systems design and related services",0,0,0,0,0,0,0,0,0,0,0,0,0,0,0,0,0,0,0,0,(NA)
 "95000" ,"Southeast",5,SAGDP5N,"Subsidies","Thousands of dollars",63,"5412-5414, 5416-5419","    Miscellaneous professional, scientific, and technical services",0,0,0,0,0,0,0,0,0,0,0,0,0,0,0,0,0,0,0,0,(NA)
 "95000" ,"Southeast",5,SAGDP5N,"Subsidies","Thousands of dollars",64,"55","   Management of companies and enterprises",0,0,0,0,0,0,0,0,0,0,0,0,0,0,0,0,0,0,0,0,(NA)
 "95000" ,"Southeast",5,SAGDP5N,"Subsidies","Thousands of dollars",65,"56","   Administrative and support and waste management and remediation services",0,0,0,0,0,0,0,0,0,0,0,0,0,0,0,0,0,0,0,0,(NA)
 "95000" ,"Southeast",5,SAGDP5N,"Subsidies","Thousands of dollars",66,"561","    Administrative and support services",0,0,0,0,0,0,0,0,0,0,0,0,0,0,0,0,0,0,0,0,(NA)
 "95000" ,"Southeast",5,SAGDP5N,"Subsidies","Thousands of dollars",67,"562","    Waste management and remediation services",0,0,0,0,0,0,0,0,0,0,0,0,0,0,0,0,0,0,0,0,(NA)
 "95000" ,"Southeast",5,SAGDP5N,"Subsidies","Thousands of dollars",68,"61, 62","  Educational services, health care, and social assistance",0,0,0,0,0,0,0,0,0,0,0,0,0,-118719,-949622,-562353,-695087,-641016,-383960,-225387,(NA)
 "95000" ,"Southeast",5,SAGDP5N,"Subsidies","Thousands of dollars",69,"61","   Educational services",0,0,0,0,0,0,0,0,0,0,0,0,0,0,0,0,0,0,0,0,(NA)
 "95000" ,"Southeast",5,SAGDP5N,"Subsidies","Thousands of dollars",70,"62","   Health care and social assistance",0,0,0,0,0,0,0,0,0,0,0,0,0,-118719,-949622,-562353,-695087,-641016,-383960,-225387,(NA)
 "95000" ,"Southeast",5,SAGDP5N,"Subsidies","Thousands of dollars",71,"621","    Ambulatory health care services",0,0,0,0,0,0,0,0,0,0,0,0,0,0,0,0,0,0,0,0,(NA)
 "95000" ,"Southeast",5,SAGDP5N,"Subsidies","Thousands of dollars",72,"622","    Hospitals",0,0,0,0,0,0,0,0,0,0,0,0,0,-118719,-949622,-562353,-695087,-641016,-383960,-225387,(NA)
 "95000" ,"Southeast",5,SAGDP5N,"Subsidies","Thousands of dollars",73,"623","    Nursing and residential care facilities",0,0,0,0,0,0,0,0,0,0,0,0,0,0,0,0,0,0,0,0,(NA)
 "95000" ,"Southeast",5,SAGDP5N,"Subsidies","Thousands of dollars",74,"624","    Social assistance",0,0,0,0,0,0,0,0,0,0,0,0,0,0,0,0,0,0,0,0,(NA)
 "95000" ,"Southeast",5,SAGDP5N,"Subsidies","Thousands of dollars",75,"71, 72","  Arts, entertainment, recreation, accommodation, and food services",0,0,0,0,0,0,0,0,0,0,0,0,0,0,0,0,0,0,0,0,(NA)
 "95000" ,"Southeast",5,SAGDP5N,"Subsidies","Thousands of dollars",76,"71","   Arts, entertainment, and recreation",0,0,0,0,0,0,0,0,0,0,0,0,0,0,0,0,0,0,0,0,(NA)
 "95000" ,"Southeast",5,SAGDP5N,"Subsidies","Thousands of dollars",77,"711-712","    Performing arts, spectator sports, museums, and related activities",0,0,0,0,0,0,0,0,0,0,0,0,0,0,0,0,0,0,0,0,(NA)
 "95000" ,"Southeast",5,SAGDP5N,"Subsidies","Thousands of dollars",78,"713","    Amusement, gambling, and recreation industries",0,0,0,0,0,0,0,0,0,0,0,0,0,0,0,0,0,0,0,0,(NA)
 "95000" ,"Southeast",5,SAGDP5N,"Subsidies","Thousands of dollars",79,"72","   Accommodation and food services",0,0,0,0,0,0,0,0,0,0,0,0,0,0,0,0,0,0,0,0,(NA)
 "95000" ,"Southeast",5,SAGDP5N,"Subsidies","Thousands of dollars",80,"721","    Accommodation",0,0,0,0,0,0,0,0,0,0,0,0,0,0,0,0,0,0,0,0,(NA)
 "95000" ,"Southeast",5,SAGDP5N,"Subsidies","Thousands of dollars",81,"722","    Food services and drinking places",0,0,0,0,0,0,0,0,0,0,0,0,0,0,0,0,0,0,0,0,(NA)
 "95000" ,"Southeast",5,SAGDP5N,"Subsidies","Thousands of dollars",82,"81","  Other services (except government and government enterprises)",0,0,0,0,0,0,0,0,0,0,0,0,0,0,0,0,0,0,0,0,(NA)
 "95000" ,"Southeast",5,SAGDP5N,"Subsidies","Thousands of dollars",83,"..."," Government and government enterprises",-1712600,-1505522,-1553201,-1525465,-1673632,-1947757,-2051984,-2162211,-2228193,-2295804,-2941181,-3339333,-3251767,-3031462,-3322866,-3158771,-3384365,-3382455,-3278315,-3483705,(NA)
 "95000" ,"Southeast",5,SAGDP5N,"Subsidies","Thousands of dollars",84,"...","  Federal civilian",-202860,-208986,-222984,-279531,-336423,-324292,-313005,-323041,-345389,-320317,-376668,-494204,-596238,-476321,-612955,-658270,-907569,-964148,-775978,-809703,(NA)
 "95000" ,"Southeast",5,SAGDP5N,"Subsidies","Thousands of dollars",85,"...","  Military",0,0,0,0,0,0,0,0,0,0,0,0,0,0,0,0,0,0,0,0,(NA)
 "95000" ,"Southeast",5,SAGDP5N,"Subsidies","Thousands of dollars",86,"...","  State and local",-1509740,-1296535,-1330218,-1245934,-1337208,-1623465,-1738978,-1839170,-1882804,-1975488,-2564513,-2845130,-2655529,-2555142,-2709911,-2500501,-2476796,-2418307,-2502337,-2674002,(NA)
 "95000" ,"Southeast",5,SAGDP5N,"Subsidies","Thousands of dollars",87,"11, 21","Natural resources and mining",-1507558,-2528841,-4539502,-4994606,-5077361,-2214292,-2948403,-2359831,-4612609,-2849095,-1899684,-1767493,-1973509,-1786744,-1225139,-1364842,-1506060,-1280638,-1521748,-1752843,(NA)
 "95000" ,"Southeast",5,SAGDP5N,"Subsidies","Thousands of dollars",88,"42, 44-45","Trade",0,0,0,0,0,0,0,0,0,0,0,0,-720880,-77673,-746,-21,2,0,0,0,(NA)
 "95000" ,"Southeast",5,SAGDP5N,"Subsidies","Thousands of dollars",89,"...","Transportation and utilities",-121026,-81276,-83718,-98879,-1343714,-329415,-837347,-521200,-351881,-464343,-343042,-298286,-436064,-364010,-349097,-474119,-273192,-224286,-215120,-264454,(NA)
 "95000" ,"Southeast",5,SAGDP5N,"Subsidies","Thousands of dollars",90,"...","Private goods-producing industries 2/",-1507558,-2528841,-4539502,-4994606,-5077361,-2214292,-2948403,-2359831,-4612609,-2856446,-1902949,-1806501,-2093174,-2127805,-1656926,-1719127,-1660990,-1423772,-1639429,-1858896,(NA)
 "95000" ,"Southeast",5,SAGDP5N,"Subsidies","Thousands of dollars",91,"...","Private services-providing industries 3/",-2507376,-2608393,-2733570,-2669783,-3892488,-3005662,-3890164,-3771481,-4608605,-4232280,-6172784,-4538382,-5225174,-4563968,-5365469,-5174735,-5063018,-4681441,-4458581,-4661778,(NA)
"Note: See the included footnote file."
"SAGDP5N: Subsidies 1/"
"Last updated: November 14, 2018; revised statistics for 1997-2017."
"Source: U.S. Department of Commerce / Bureau of Economic Analysis / Regional Economic Accounts"
