GeoFIPS,GeoName,Region,TableName,ComponentName,Unit,IndustryId,IndustryClassification,Description,1997,1998,1999,2000,2001,2002,2003,2004,2005,2006,2007,2008,2009,2010,2011,2012,2013,2014,2015,2016,2017
 "20000" ,"Kansas",4,SAGDP3N,"Taxes on production and imports less subsidies","Thousands of dollars",1,"...","All industry total",5203304,5402212,5350894,5625110,5739907,6248432,6626231,7427354,7284198,7956935,8055631,8131439,7876906,8167792,8842674,9162982,9293175,9859810,9832432,10156322,(NA)
 "20000" ,"Kansas",4,SAGDP3N,"Taxes on production and imports less subsidies","Thousands of dollars",2,"..."," Private industries",5288304,5472658,5420327,5702918,5861220,6381189,6765627,7580644,7484425,8152788,8301536,8467512,8311622,8453403,9195694,9575208,9847973,10388207,10285006,10602420,(NA)
 "20000" ,"Kansas",4,SAGDP3N,"Taxes on production and imports less subsidies","Thousands of dollars",3,"11","  Agriculture, forestry, fishing, and hunting",-33442,-128368,-274142,-233761,-285299,-11496,-226007,-58581,-384715,-97694,-33114,-40854,-83873,-43718,-37253,20606,-8251,158081,121905,-39786,(NA)
 "20000" ,"Kansas",4,SAGDP3N,"Taxes on production and imports less subsidies","Thousands of dollars",4,"111-112","   Farms",-38965,-133994,-279770,-239663,-290540,-17065,-232557,-66164,-392835,-105981,-42171,-51767,-95010,-55884,-51287,5836,-24503,141696,105291,-57182,(NA)
 "20000" ,"Kansas",4,SAGDP3N,"Taxes on production and imports less subsidies","Thousands of dollars",5,"113-115","   Forestry, fishing, and related activities",5523,5626,5627,5902,5241,5569,6550,7583,8120,8286,9057,10913,11137,12166,14034,14770,16252,16386,16615,17396,(NA)
 "20000" ,"Kansas",4,SAGDP3N,"Taxes on production and imports less subsidies","Thousands of dollars",6,"21","  Mining, quarrying, and oil and gas extraction",209348,183527,152078,189599,200029,188580,251111,300690,364035,435072,445634,505984,334171,337192,373151,389101,400978,423179,378156,340074,(NA)
 "20000" ,"Kansas",4,SAGDP3N,"Taxes on production and imports less subsidies","Thousands of dollars",7,"211","   Oil and gas extraction",184202,159630,129055,165579,176367,166596,224079,266457,328175,392045,400440,455667,287275,289819,324787,331969,338412,354786,319784,283189,(NA)
 "20000" ,"Kansas",4,SAGDP3N,"Taxes on production and imports less subsidies","Thousands of dollars",8,"212","   Mining (except oil and gas)",9687,10358,10038,10344,10877,8904,10895,12071,11963,13015,13457,13792,14436,15017,14753,15974,19153,22687,25881,28135,(NA)
 "20000" ,"Kansas",4,SAGDP3N,"Taxes on production and imports less subsidies","Thousands of dollars",9,"213","   Support activities for mining",15460,13539,12985,13676,12784,13080,16136,22161,23897,30012,31737,36525,32460,32356,33612,41158,43413,45706,32491,28750,(NA)
 "20000" ,"Kansas",4,SAGDP3N,"Taxes on production and imports less subsidies","Thousands of dollars",10,"22","  Utilities",259255,256152,257971,254635,266408,286597,327337,380127,369869,387030,417111,435713,484808,508707,573674,557253,570769,589584,518593,550098,(NA)
 "20000" ,"Kansas",4,SAGDP3N,"Taxes on production and imports less subsidies","Thousands of dollars",11,"23","  Construction",44834,48292,51036,50979,49039,51376,57073,61843,60538,62138,64195,64086,65417,63318,65209,68938,72038,75448,79478,80552,(NA)
 "20000" ,"Kansas",4,SAGDP3N,"Taxes on production and imports less subsidies","Thousands of dollars",12,"31-33","  Manufacturing",342124,360390,357283,366900,427998,455908,523494,595082,544078,574708,609809,617443,650304,620156,630398,600326,661525,701390,715296,741282,(NA)
 "20000" ,"Kansas",4,SAGDP3N,"Taxes on production and imports less subsidies","Thousands of dollars",13,"321,327-339","   Durable goods manufacturing",184138,198670,201031,207928,245855,257894,291242,327400,301277,322740,347008,352561,364317,338871,326659,317841,321775,329554,331425,326929,(NA)
 "20000" ,"Kansas",4,SAGDP3N,"Taxes on production and imports less subsidies","Thousands of dollars",14,"321","    Wood product manufacturing",3297,3403,2909,2680,2763,2903,3629,3881,3518,3831,4030,4170,4297,3884,3740,3883,3935,4127,4270,4546,(NA)
 "20000" ,"Kansas",4,SAGDP3N,"Taxes on production and imports less subsidies","Thousands of dollars",15,"327","    Nonmetallic mineral product manufacturing",12460,12627,12670,13161,13196,14490,17500,19206,18207,18777,18896,20038,23057,21696,20259,19220,18249,18975,20068,21113,(NA)
 "20000" ,"Kansas",4,SAGDP3N,"Taxes on production and imports less subsidies","Thousands of dollars",16,"331","    Primary metal manufacturing",9386,10303,9505,8489,8549,10170,11564,13388,12139,13282,14542,15970,15332,14786,15187,14559,13402,14387,12167,10904,(NA)
 "20000" ,"Kansas",4,SAGDP3N,"Taxes on production and imports less subsidies","Thousands of dollars",17,"332","    Fabricated metal product manufacturing",13354,14490,13757,13989,14479,15771,19383,21843,20678,21055,23465,25513,27062,25279,25381,25762,28483,30756,30647,31298,(NA)
 "20000" ,"Kansas",4,SAGDP3N,"Taxes on production and imports less subsidies","Thousands of dollars",18,"333","    Machinery manufacturing",28191,30834,29877,31015,33326,34022,38325,43150,38996,39442,44450,47050,50473,48679,49387,50516,52275,56535,57355,60734,(NA)
 "20000" ,"Kansas",4,SAGDP3N,"Taxes on production and imports less subsidies","Thousands of dollars",19,"334","    Computer and electronic product manufacturing",12672,13320,13715,13370,18887,21796,28138,32642,31870,33356,39042,39461,43014,41851,39368,38334,38916,29169,28569,19530,(NA)
 "20000" ,"Kansas",4,SAGDP3N,"Taxes on production and imports less subsidies","Thousands of dollars",20,"335","    Electrical equipment, appliance, and component manufacturing",5945,5864,5376,5581,8675,9306,11159,12902,12091,10567,10345,9177,8150,2262,130,3551,5813,6141,6291,6674,(NA)
 "20000" ,"Kansas",4,SAGDP3N,"Taxes on production and imports less subsidies","Thousands of dollars",21,"3361-3363","    Motor vehicles, bodies and trailers, and parts manufacturing",13761,14503,15610,16426,19428,20911,25155,31872,25042,28197,28393,34190,35461,40177,39322,36580,34944,35378,36094,38196,(NA)
 "20000" ,"Kansas",4,SAGDP3N,"Taxes on production and imports less subsidies","Thousands of dollars",22,"3364-3369","    Other transportation equipment manufacturing",75680,83721,87002,92417,113872,114178,118630,129594,122985,138076,147871,139987,141949,126171,117422,110933,107844,111236,112752,117722,(NA)
 "20000" ,"Kansas",4,SAGDP3N,"Taxes on production and imports less subsidies","Thousands of dollars",23,"337","    Furniture and related product manufacturing",1822,1999,2138,2222,2260,2588,3270,3705,3490,3691,3994,4029,4172,3703,3377,3141,3190,3241,3398,3568,(NA)
 "20000" ,"Kansas",4,SAGDP3N,"Taxes on production and imports less subsidies","Thousands of dollars",24,"339","    Miscellaneous manufacturing",7570,7606,8471,8579,10421,11759,14489,15218,12261,12468,11979,12978,11349,10381,13086,11362,14723,19608,19814,12644,(NA)
 "20000" ,"Kansas",4,SAGDP3N,"Taxes on production and imports less subsidies","Thousands of dollars",25,"311-316,322-326","   Nondurable goods manufacturing",157987,161720,156252,158971,182143,198014,232252,267682,242801,251968,262801,264882,285987,281285,303739,282485,339750,371836,383871,414353,(NA)
 "20000" ,"Kansas",4,SAGDP3N,"Taxes on production and imports less subsidies","Thousands of dollars",26,"311-312","    Food and beverage and tobacco products manufacturing",61620,62871,61614,62692,64112,68809,80853,92443,83364,88760,94981,82336,87138,85612,89852,86228,112934,119347,119669,127995,(NA)
 "20000" ,"Kansas",4,SAGDP3N,"Taxes on production and imports less subsidies","Thousands of dollars",27,"313-314","    Textile mills and textile product mills",1828,1864,2042,1892,1818,1976,2649,2849,2584,2947,3280,3622,4499,4132,3943,4002,3790,3586,3428,3431,(NA)
 "20000" ,"Kansas",4,SAGDP3N,"Taxes on production and imports less subsidies","Thousands of dollars",28,"315-316","    Apparel, leather, and allied product manufacturing",1290,1430,1462,1516,1506,1737,2221,2384,2203,2166,2378,2176,2349,2293,2083,2191,1367,1339,1414,1464,(NA)
 "20000" ,"Kansas",4,SAGDP3N,"Taxes on production and imports less subsidies","Thousands of dollars",29,"322","    Paper manufacturing",7135,8258,8531,9028,10583,11117,12627,13191,10468,10659,10543,10124,11565,10722,10220,9988,10330,10027,10649,11894,(NA)
 "20000" ,"Kansas",4,SAGDP3N,"Taxes on production and imports less subsidies","Thousands of dollars",30,"323","    Printing and related support activities",9943,10106,9640,9698,9484,13073,14959,17024,15231,15376,15766,15200,17498,16738,15364,14421,13910,13408,13623,13614,(NA)
 "20000" ,"Kansas",4,SAGDP3N,"Taxes on production and imports less subsidies","Thousands of dollars",31,"324","    Petroleum and coal products manufacturing",30161,29229,22003,27090,29599,29343,33594,37685,36707,39932,43611,46765,55030,52061,60404,52727,66695,72428,75234,74031,(NA)
 "20000" ,"Kansas",4,SAGDP3N,"Taxes on production and imports less subsidies","Thousands of dollars",32,"325","    Chemical manufacturing",25594,27984,29205,27256,47709,52149,61685,72970,70948,68686,70906,74842,88111,89471,87724,87910,93543,116043,125283,151674,(NA)
 "20000" ,"Kansas",4,SAGDP3N,"Taxes on production and imports less subsidies","Thousands of dollars",33,"326","    Plastics and rubber products manufacturing",20416,19978,21754,19800,17331,19810,23664,29136,21298,23441,21336,29817,19797,20257,34148,25019,37182,35658,34573,30250,(NA)
 "20000" ,"Kansas",4,SAGDP3N,"Taxes on production and imports less subsidies","Thousands of dollars",34,"42","  Wholesale trade",1014304,1070692,1074481,1118815,1081628,1056926,1152762,1234432,1305540,1302905,1255161,1250091,1171152,1207636,1302690,1382603,1450117,1473975,1304894,1486353,(NA)
 "20000" ,"Kansas",4,SAGDP3N,"Taxes on production and imports less subsidies","Thousands of dollars",35,"44-45","  Retail trade",1302194,1401266,1443472,1471843,1599617,1590211,1704159,1773525,1890720,2035972,2108242,2071283,2029412,2111433,2485769,2629193,2697402,2699396,2902838,3023155,(NA)
 "20000" ,"Kansas",4,SAGDP3N,"Taxes on production and imports less subsidies","Thousands of dollars",36,"48-49","  Transportation and warehousing",212632,217708,211854,206821,221138,233676,262038,282974,283858,318883,331833,370214,384532,388898,414855,440664,441163,419344,450569,458335,(NA)
 "20000" ,"Kansas",4,SAGDP3N,"Taxes on production and imports less subsidies","Thousands of dollars",37,"481","   Air transportation",7383,9029,9065,9988,4671,9456,11174,15498,13933,12768,14428,14545,13956,12918,14999,19203,19037,20680,19522,21045,(NA)
 "20000" ,"Kansas",4,SAGDP3N,"Taxes on production and imports less subsidies","Thousands of dollars",38,"482","   Rail transportation",117010,125128,127378,120573,145410,143087,150058,155389,161551,199516,200357,226774,234586,244001,263848,284652,267800,232771,259947,260162,(NA)
 "20000" ,"Kansas",4,SAGDP3N,"Taxes on production and imports less subsidies","Thousands of dollars",39,"483","   Water transportation",88,107,110,123,102,116,90,120,93,55,78,60,80,158,215,139,160,173,6,33,(NA)
 "20000" ,"Kansas",4,SAGDP3N,"Taxes on production and imports less subsidies","Thousands of dollars",40,"484","   Truck transportation",24675,24499,24291,25531,24851,26995,29767,33217,35811,38210,39110,40848,43339,42860,44875,45186,46429,51402,56786,59729,(NA)
 "20000" ,"Kansas",4,SAGDP3N,"Taxes on production and imports less subsidies","Thousands of dollars",41,"485","   Transit and ground passenger transportation",4905,5165,5335,5824,5643,5977,6623,6867,6322,6022,6258,6319,7598,7783,7132,6582,6740,6553,6778,6924,(NA)
 "20000" ,"Kansas",4,SAGDP3N,"Taxes on production and imports less subsidies","Thousands of dollars",42,"486","   Pipeline transportation",39315,37805,31090,28738,25659,32315,44397,51375,48530,44210,44459,54309,54920,51889,52020,52147,68194,74385,73909,74537,(NA)
 "20000" ,"Kansas",4,SAGDP3N,"Taxes on production and imports less subsidies","Thousands of dollars",43,"487-488, 492","   Other transportation and support activities",14521,11218,10250,11119,10266,10540,13492,13578,11409,11055,19402,19353,21062,20183,22703,23491,23624,23490,24048,24679,(NA)
 "20000" ,"Kansas",4,SAGDP3N,"Taxes on production and imports less subsidies","Thousands of dollars",44,"493","   Warehousing and storage",4735,4755,4333,4926,4535,5190,6438,6931,6208,7046,7741,8006,8990,9106,9064,9264,9179,9891,9573,11225,(NA)
 "20000" ,"Kansas",4,SAGDP3N,"Taxes on production and imports less subsidies","Thousands of dollars",45,"51","  Information",338773,375238,521105,626773,612630,662316,717144,746486,742361,701341,554788,577275,560627,543098,593765,592614,609589,632392,388258,385875,(NA)
 "20000" ,"Kansas",4,SAGDP3N,"Taxes on production and imports less subsidies","Thousands of dollars",46,"511","   Publishing industries (except Internet)",12590,12226,12158,12671,20018,16860,20392,22569,20873,21396,21606,21538,23379,23236,20512,20277,19002,20568,18919,18999,(NA)
 "20000" ,"Kansas",4,SAGDP3N,"Taxes on production and imports less subsidies","Thousands of dollars",47,"512","   Motion picture and sound recording industries",9574,10773,10102,9876,12419,14125,15969,15832,15797,15675,15981,13647,16124,15407,16394,16085,15694,16168,17449,18574,(NA)
 "20000" ,"Kansas",4,SAGDP3N,"Taxes on production and imports less subsidies","Thousands of dollars",48,"515, 517","   Broadcasting (except Internet) and telecommunications",314882,350315,496809,602102,576557,627004,674811,701293,698653,656458,508150,534218,512947,497982,549801,548984,568153,586340,341465,336390,(NA)
 "20000" ,"Kansas",4,SAGDP3N,"Taxes on production and imports less subsidies","Thousands of dollars",49,"518, 519","   Data processing, hosting, and other information services",1727,1923,2035,2124,3637,4327,5972,6793,7037,7813,9052,7872,8177,6473,7059,7268,6740,9315,10425,11912,(NA)
 "20000" ,"Kansas",4,SAGDP3N,"Taxes on production and imports less subsidies","Thousands of dollars",50,"52, 53","  Finance, insurance, real estate, rental, and leasing",909856,932638,868911,887297,891304,1049463,1083305,1275341,1298234,1335981,1378919,1439801,1527400,1527183,1584510,1601761,1625186,1843210,1922033,2038486,(NA)
 "20000" ,"Kansas",4,SAGDP3N,"Taxes on production and imports less subsidies","Thousands of dollars",51,"52","   Finance and insurance",232908,235485,215328,211532,205599,228642,263012,289773,278191,289435,308849,319180,334733,323095,348158,354636,359028,495805,548889,612595,(NA)
 "20000" ,"Kansas",4,SAGDP3N,"Taxes on production and imports less subsidies","Thousands of dollars",52,"521-522","    Monetary Authorities- central bank, credit intermediation, and related services",72188,76496,77972,82098,76579,85665,101891,112271,105445,107337,111606,117102,130065,120212,118144,116769,115057,126612,135522,149835,(NA)
 "20000" ,"Kansas",4,SAGDP3N,"Taxes on production and imports less subsidies","Thousands of dollars",53,"523","    Securities, commodity contracts, and other financial investments and related activities",9567,10126,10688,11250,9304,9817,10329,10247,13134,14637,23425,23972,19583,19365,16947,18829,20329,21322,19739,20247,(NA)
 "20000" ,"Kansas",4,SAGDP3N,"Taxes on production and imports less subsidies","Thousands of dollars",54,"524","    Insurance carriers and related activities",134352,131497,110454,97895,111750,130160,147512,164686,157424,164774,166026,172230,180640,178558,207606,215019,221506,346412,392938,402692,(NA)
 "20000" ,"Kansas",4,SAGDP3N,"Taxes on production and imports less subsidies","Thousands of dollars",55,"525","    Funds, trusts, and other financial vehicles",16801,17366,16214,20289,7965,3000,3280,2569,2189,2687,7793,5877,4445,4960,5461,4019,2136,1459,691,39820,(NA)
 "20000" ,"Kansas",4,SAGDP3N,"Taxes on production and imports less subsidies","Thousands of dollars",56,"53","   Real estate and rental and leasing",676949,697153,653584,675766,685705,820821,820293,985568,1020043,1046546,1070070,1120620,1192668,1204087,1236352,1247125,1266158,1347406,1373143,1425891,(NA)
 "20000" ,"Kansas",4,SAGDP3N,"Taxes on production and imports less subsidies","Thousands of dollars",57,"531","    Real estate",582084,578382,557878,586233,586478,712147,701117,860796,886565,903060,916891,965050,1034673,1040679,1060165,1062823,1081126,1140464,1142554,1189121,(NA)
 "20000" ,"Kansas",4,SAGDP3N,"Taxes on production and imports less subsidies","Thousands of dollars",58,"532-533","    Rental and leasing services and lessors of nonfinancial intangible assets",94864,118772,95706,89533,99228,108674,119176,124772,133477,143486,153179,155570,157995,163408,176187,184302,185032,206942,230589,236770,(NA)
 "20000" ,"Kansas",4,SAGDP3N,"Taxes on production and imports less subsidies","Thousands of dollars",59,"54, 55, 56","  Professional and business services",119714,128559,128196,125560,128746,131095,155327,169717,185315,208104,237992,240473,229391,237239,230906,248548,266399,280477,314050,313595,(NA)
 "20000" ,"Kansas",4,SAGDP3N,"Taxes on production and imports less subsidies","Thousands of dollars",60,"54","   Professional, scientific, and technical services",35661,41079,43950,44880,53526,55912,65058,74868,84548,97112,124207,121540,113821,120334,110846,124500,138777,139954,142213,152699,(NA)
 "20000" ,"Kansas",4,SAGDP3N,"Taxes on production and imports less subsidies","Thousands of dollars",61,"5411","    Legal services",2230,2139,2130,2067,3256,3497,3862,4526,16075,25075,48657,45104,30048,35725,23862,36528,44392,41265,37202,41816,(NA)
 "20000" ,"Kansas",4,SAGDP3N,"Taxes on production and imports less subsidies","Thousands of dollars",62,"5415","    Computer systems design and related services",6568,9484,11443,12646,14577,13336,14595,15787,15136,16737,16430,17135,17972,19131,19927,19993,21415,22977,29241,31511,(NA)
 "20000" ,"Kansas",4,SAGDP3N,"Taxes on production and imports less subsidies","Thousands of dollars",63,"5412-5414, 5416-5419","    Miscellaneous professional, scientific, and technical services",26863,29457,30377,30167,35693,39080,46601,54555,53336,55300,59120,59301,65801,65479,67058,67979,72970,75713,75770,79372,(NA)
 "20000" ,"Kansas",4,SAGDP3N,"Taxes on production and imports less subsidies","Thousands of dollars",64,"55","   Management of companies and enterprises",39324,40356,35800,34864,30609,28498,33959,35433,37321,41333,41158,50384,48437,49630,45634,46161,48466,61983,92486,80217,(NA)
 "20000" ,"Kansas",4,SAGDP3N,"Taxes on production and imports less subsidies","Thousands of dollars",65,"56","   Administrative and support and waste management and remediation services",44729,47124,48445,45816,44611,46684,56311,59416,63446,69659,72627,68549,67133,67275,74425,77888,79156,78540,79351,80679,(NA)
 "20000" ,"Kansas",4,SAGDP3N,"Taxes on production and imports less subsidies","Thousands of dollars",66,"561","    Administrative and support services",34363,37142,38938,35687,35104,36209,42861,44835,49185,54562,56085,53417,51986,52967,60299,63328,64773,64303,64215,65062,(NA)
 "20000" ,"Kansas",4,SAGDP3N,"Taxes on production and imports less subsidies","Thousands of dollars",67,"562","    Waste management and remediation services",10366,9982,9507,10129,9507,10475,13449,14580,14261,15097,16541,15132,15147,14308,14126,14560,14383,14236,15136,15616,(NA)
 "20000" ,"Kansas",4,SAGDP3N,"Taxes on production and imports less subsidies","Thousands of dollars",68,"61, 62","  Educational services, health care, and social assistance",114550,122845,123277,128390,149639,161563,191721,215020,199631,207874,222171,226401,250857,237103,202788,222234,217802,227731,251818,264299,(NA)
 "20000" ,"Kansas",4,SAGDP3N,"Taxes on production and imports less subsidies","Thousands of dollars",69,"61","   Educational services",24079,26301,26810,28204,25103,27222,32161,33678,31441,33676,36490,40533,45114,43336,44985,46046,44546,45996,47887,46949,(NA)
 "20000" ,"Kansas",4,SAGDP3N,"Taxes on production and imports less subsidies","Thousands of dollars",70,"62","   Health care and social assistance",90471,96544,96467,100186,124536,134341,159560,181343,168190,174197,185680,185868,205743,193767,157802,176188,173256,181735,203931,217350,(NA)
 "20000" ,"Kansas",4,SAGDP3N,"Taxes on production and imports less subsidies","Thousands of dollars",71,"621","    Ambulatory health care services",39332,40731,41070,42739,38096,40600,47259,53142,49020,48422,50657,49902,53490,51080,50788,50890,49777,50985,52830,50829,(NA)
 "20000" ,"Kansas",4,SAGDP3N,"Taxes on production and imports less subsidies","Thousands of dollars",72,"622","    Hospitals",28632,31414,30994,32130,54763,59298,70668,80946,72994,77826,83000,82984,93746,86363,50638,66558,62913,68273,85365,99049,(NA)
 "20000" ,"Kansas",4,SAGDP3N,"Taxes on production and imports less subsidies","Thousands of dollars",73,"623","    Nursing and residential care facilities",15515,16583,16586,17032,24720,27353,33479,37775,37450,38951,42171,43103,47568,46860,47671,50161,51409,52968,54990,55886,(NA)
 "20000" ,"Kansas",4,SAGDP3N,"Taxes on production and imports less subsidies","Thousands of dollars",74,"624","    Social assistance",6991,7817,7818,8284,6958,7091,8153,9480,8726,8998,9853,9880,10938,9463,8705,8579,9158,9509,10746,11587,(NA)
 "20000" ,"Kansas",4,SAGDP3N,"Taxes on production and imports less subsidies","Thousands of dollars",75,"71, 72","  Arts, entertainment, recreation, accommodation, and food services",309532,345138,342887,347963,364333,368230,399347,428704,449268,491663,515736,519427,518683,526432,565263,607172,624101,634670,694549,711221,(NA)
 "20000" ,"Kansas",4,SAGDP3N,"Taxes on production and imports less subsidies","Thousands of dollars",76,"71","   Arts, entertainment, and recreation",60079,66566,71066,78953,75730,68386,69593,75227,74937,79175,82244,80756,79704,79526,93913,108003,110775,107664,120919,123752,(NA)
 "20000" ,"Kansas",4,SAGDP3N,"Taxes on production and imports less subsidies","Thousands of dollars",77,"711-712","    Performing arts, spectator sports, museums, and related activities",5797,5851,6161,6787,8003,8327,11637,13293,11321,11611,11674,11337,9627,9481,10941,11927,12138,11951,13147,13244,(NA)
 "20000" ,"Kansas",4,SAGDP3N,"Taxes on production and imports less subsidies","Thousands of dollars",78,"713","    Amusement, gambling, and recreation industries",54282,60715,64906,72166,67727,60059,57955,61934,63616,67564,70570,69420,70077,70045,82973,96076,98637,95713,107772,110508,(NA)
 "20000" ,"Kansas",4,SAGDP3N,"Taxes on production and imports less subsidies","Thousands of dollars",79,"72","   Accommodation and food services",249453,278572,271820,269010,288603,299844,329755,353477,374331,412488,433492,438671,438979,446906,471349,499169,513326,527007,573630,587469,(NA)
 "20000" ,"Kansas",4,SAGDP3N,"Taxes on production and imports less subsidies","Thousands of dollars",80,"721","    Accommodation",56491,69907,65091,59927,59312,64383,75181,82616,85501,95388,100090,98378,94220,95552,115347,123642,127685,131460,145772,150041,(NA)
 "20000" ,"Kansas",4,SAGDP3N,"Taxes on production and imports less subsidies","Thousands of dollars",81,"722","    Food services and drinking places",192961,208665,206730,209083,229290,235461,254574,270860,288830,317100,333403,340293,344759,351354,356002,375527,385641,395547,427858,437428,(NA)
 "20000" ,"Kansas",4,SAGDP3N,"Taxes on production and imports less subsidies","Thousands of dollars",82,"81","  Other services (except government and government enterprises)",144631,158582,161919,161104,154009,156744,166816,175285,175693,188811,193059,190175,188740,188725,209971,214194,219154,229329,242569,248880,(NA)
 "20000" ,"Kansas",4,SAGDP3N,"Taxes on production and imports less subsidies","Thousands of dollars",83,"..."," Government and government enterprises",-84999,-70446,-69433,-77809,-121313,-132757,-139396,-153291,-200227,-195853,-245906,-336073,-434715,-285610,-353020,-412226,-554797,-528397,-452574,-446098,(NA)
 "20000" ,"Kansas",4,SAGDP3N,"Taxes on production and imports less subsidies","Thousands of dollars",84,"...","  Federal civilian",-45762,-42489,-41207,-50156,-94044,-101692,-110668,-126768,-149587,-145502,-203642,-296644,-386962,-231753,-298863,-359578,-503090,-472430,-391508,-380879,(NA)
 "20000" ,"Kansas",4,SAGDP3N,"Taxes on production and imports less subsidies","Thousands of dollars",85,"...","  Military",0,0,0,0,0,0,0,0,0,0,0,0,0,0,0,0,0,0,0,0,(NA)
 "20000" ,"Kansas",4,SAGDP3N,"Taxes on production and imports less subsidies","Thousands of dollars",86,"...","  State and local",-39237,-27956,-28226,-27653,-27269,-31066,-28728,-26523,-50641,-50351,-42264,-39429,-47753,-53857,-54157,-52649,-51707,-55967,-61066,-65219,(NA)
 "20000" ,"Kansas",4,SAGDP3N,"Taxes on production and imports less subsidies","Thousands of dollars",87,"11, 21","Natural resources and mining",175905,55159,-122064,-44162,-85270,177084,25104,242108,-20680,337377,412520,465131,250299,293474,335898,409707,392728,581260,500061,300288,(NA)
 "20000" ,"Kansas",4,SAGDP3N,"Taxes on production and imports less subsidies","Thousands of dollars",88,"42, 44-45","Trade",2316497,2471957,2517953,2590658,2681245,2647137,2856921,3007957,3196261,3338877,3363403,3321374,3200564,3319069,3788458,4011796,4147519,4173371,4207732,4509508,(NA)
 "20000" ,"Kansas",4,SAGDP3N,"Taxes on production and imports less subsidies","Thousands of dollars",89,"...","Transportation and utilities",471887,473860,469825,461456,487546,520273,589375,663101,653727,705913,748944,805927,869340,897605,988529,997917,1011932,1008928,969162,1008433,(NA)
 "20000" ,"Kansas",4,SAGDP3N,"Taxes on production and imports less subsidies","Thousands of dollars",90,"...","Private goods-producing industries 2/",562863,463840,286254,373717,391767,684368,605671,899034,583936,974224,1086524,1146659,966019,976949,1031505,1078971,1126290,1358099,1294835,1122123,(NA)
 "20000" ,"Kansas",4,SAGDP3N,"Taxes on production and imports less subsidies","Thousands of dollars",91,"...","Private services-providing industries 3/",4725440,5008818,5134072,5329201,5469453,5696821,6159957,6681611,6900489,7178564,7215012,7320853,7345603,7476454,8164190,8496237,8721683,9030108,8990171,9480298,(NA)
"Note: See the included footnote file."
"SAGDP3N: Taxes on production and imports less subsidies 1/"
"Last updated: November 14, 2018; revised statistics for 1997-2017."
"Source: U.S. Department of Commerce / Bureau of Economic Analysis / Regional Economic Accounts"
