GeoFIPS,GeoName,Region,TableName,ComponentName,Unit,IndustryId,IndustryClassification,Description,1997,1998,1999,2000,2001,2002,2003,2004,2005,2006,2007,2008,2009,2010,2011,2012,2013,2014,2015,2016,2017
 "96000" ,"Southwest",6,SAGDP2N,"Gross domestic product (GDP) by state","Millions of current dollars",1,"...","All industry total",874281.6,920980.7,973835.7,1049508.2,1097234.1,1123889.5,1190654.7,1294631.2,1412879.9,1548035.3,1666371.1,1740145.8,1635084.6,1722307.3,1840829.1,1940752.8,2048478.5,2138148.8,2142068.3,2146477.6,2254424.1
 "96000" ,"Southwest",6,SAGDP2N,"Gross domestic product (GDP) by state","Millions of current dollars",2,"..."," Private industries",761133.9,803556.6,849578.8,917188.3,956339.4,972879.4,1030629.4,1127389.3,1235672.0,1360937.7,1467179.4,1529199.7,1414958.1,1493170.8,1609495.7,1703651.2,1804396.5,1887766.5,1880856.6,1878574.5,1978885.2
 "96000" ,"Southwest",6,SAGDP2N,"Gross domestic product (GDP) by state","Millions of current dollars",3,"11","  Agriculture, forestry, fishing, and hunting",10354.6,9612.9,10418.4,10304.5,10185.2,10939.2,12541.5,15490.7,13686.7,11823.4,13382.1,11176.7,9052.9,14112.0,15176.0,14595.3,17746.0,17629.9,18600.9,15126.6,15924.6
 "96000" ,"Southwest",6,SAGDP2N,"Gross domestic product (GDP) by state","Millions of current dollars",4,"111-112","   Farms",8855.6,8000.2,8696.7,8563.6,8643.7,9353.6,10863.4,13727.0,11835.3,9562.8,11173.1,9063.4,6835.7,11769.9,12883.4,12224.3,15449.2,15133.9,15926.4,12396.2,(NA)
 "96000" ,"Southwest",6,SAGDP2N,"Gross domestic product (GDP) by state","Millions of current dollars",5,"113-115","   Forestry, fishing, and related activities",1499.0,1612.7,1721.8,1741.0,1541.5,1585.6,1678.1,1763.6,1851.4,2260.6,2209.0,2113.3,2217.2,2342.1,2292.6,2371.0,2296.8,2495.9,2674.4,2730.4,(NA)
 "96000" ,"Southwest",6,SAGDP2N,"Gross domestic product (GDP) by state","Millions of current dollars",6,"21","  Mining, quarrying, and oil and gas extraction",44048.3,34228.9,37156.5,52901.7,62982.7,58287.2,76321.8,90556.8,124828.1,147258.5,172510.5,222803.3,143134.7,158377.2,189050.7,199271.5,229088.7,251222.5,147924.8,118834.1,150042.6
 "96000" ,"Southwest",6,SAGDP2N,"Gross domestic product (GDP) by state","Millions of current dollars",7,"211","   Oil and gas extraction",33489.9,23679.4,27281.2,42113.9,49356.6,47254.0,63874.7,75396.5,103378.7,115163.6,134910.8,178980.7,110879.5,121489.2,141702.5,148690.6,177357.7,193351.3,105979.6,90829.0,(NA)
 "96000" ,"Southwest",6,SAGDP2N,"Gross domestic product (GDP) by state","Millions of current dollars",8,"212","   Mining (except oil and gas)",3256.8,3210.7,3374.8,3200.2,2975.2,2809.0,3136.1,4006.2,5677.6,7469.3,8373.8,9346.8,8920.1,10244.8,11515.2,10933.5,10373.1,10122.5,8798.9,7829.7,(NA)
 "96000" ,"Southwest",6,SAGDP2N,"Gross domestic product (GDP) by state","Millions of current dollars",9,"213","   Support activities for mining",7301.5,7338.8,6500.5,7587.6,10650.9,8224.2,9311.1,11154.0,15771.8,24625.6,29225.9,34475.7,23335.1,26643.1,35832.9,39647.5,41357.9,47748.8,33146.3,20175.4,(NA)
 "96000" ,"Southwest",6,SAGDP2N,"Gross domestic product (GDP) by state","Millions of current dollars",10,"22","  Utilities",21781.6,21076.8,23787.6,25343.2,27199.7,24550.2,25806.3,27033.3,27228.4,31661.0,32201.2,31822.7,32802.5,35479.2,38168.4,36501.8,37116.5,38112.1,38169.3,39013.0,40782.0
 "96000" ,"Southwest",6,SAGDP2N,"Gross domestic product (GDP) by state","Millions of current dollars",11,"23","  Construction",37574.5,43362.4,48165.1,54465.9,59010.2,60168.7,63121.3,65454.6,76245.6,87980.9,96567.5,92557.1,81158.6,74664.2,75650.7,82502.8,88458.9,96375.1,103481.0,108648.1,112147.7
 "96000" ,"Southwest",6,SAGDP2N,"Gross domestic product (GDP) by state","Millions of current dollars",12,"31-33","  Manufacturing",147885.8,149076.7,145588.9,148723.8,145869.7,143533.5,153633.4,183996.0,187940.0,212612.9,227076.2,208661.2,195957.1,217221.2,246466.0,252003.9,266506.8,248361.7,260715.9,243226.0,253645.2
 "96000" ,"Southwest",6,SAGDP2N,"Gross domestic product (GDP) by state","Millions of current dollars",13,"321,327-339","   Durable goods manufacturing",91544.5,93280.7,90316.0,94345.1,85193.8,86037.5,90458.4,99334.9,103274.2,116063.7,117679.0,119711.2,107463.5,112917.8,123545.1,128286.5,132795.7,136970.6,135747.8,134914.4,138296.8
 "96000" ,"Southwest",6,SAGDP2N,"Gross domestic product (GDP) by state","Millions of current dollars",14,"321","    Wood product manufacturing",1849.3,2110.7,2260.5,2064.0,2004.6,1995.1,2099.4,2242.8,2444.2,2305.2,2091.1,1931.2,1771.8,1618.2,1655.1,1919.7,2150.3,2166.5,2094.5,2671.1,(NA)
 "96000" ,"Southwest",6,SAGDP2N,"Gross domestic product (GDP) by state","Millions of current dollars",15,"327","    Nonmetallic mineral product manufacturing",4243.1,4681.9,5513.0,5405.6,5093.2,5489.9,5077.3,5682.3,6677.9,7091.3,7183.9,6441.5,5202.0,4870.0,4722.9,5334.5,6304.0,7231.7,7774.1,8166.3,(NA)
 "96000" ,"Southwest",6,SAGDP2N,"Gross domestic product (GDP) by state","Millions of current dollars",16,"331","    Primary metal manufacturing",2594.3,2693.3,2388.3,2742.0,2808.9,2493.2,2471.1,4166.6,3536.0,4759.8,5138.2,5625.2,3839.6,4100.9,5531.6,5448.9,5114.1,5210.2,4783.5,3882.9,(NA)
 "96000" ,"Southwest",6,SAGDP2N,"Gross domestic product (GDP) by state","Millions of current dollars",17,"332","    Fabricated metal product manufacturing",10166.3,11078.6,10454.2,11124.6,11090.7,10735.6,10108.3,10729.7,12468.8,14036.6,15939.8,16337.7,14118.5,13768.0,16067.8,18597.6,18648.9,19468.9,17823.4,15984.6,(NA)
 "96000" ,"Southwest",6,SAGDP2N,"Gross domestic product (GDP) by state","Millions of current dollars",18,"333","    Machinery manufacturing",8629.5,8963.1,8735.8,10197.1,9706.4,8531.3,8733.2,11995.5,13998.1,16352.0,19569.0,19665.1,16602.6,18651.3,22546.7,23930.9,25348.2,26048.4,20943.8,18311.5,(NA)
 "96000" ,"Southwest",6,SAGDP2N,"Gross domestic product (GDP) by state","Millions of current dollars",19,"334","    Computer and electronic product manufacturing",44550.7,43276.3,37519.0,39247.8,29597.8,33840.8,38658.4,42609.1,39447.5,45276.3,37378.5,39742.2,37105.2,40345.0,40589.8,37667.7,36029.5,36407.8,40750.4,40819.2,(NA)
 "96000" ,"Southwest",6,SAGDP2N,"Gross domestic product (GDP) by state","Millions of current dollars",20,"335","    Electrical equipment, appliance, and component manufacturing",2096.8,2028.8,2146.8,2240.5,2101.0,2267.9,2260.5,1974.4,2240.2,2902.4,2813.8,3292.0,3124.0,3105.9,2716.2,2838.1,3169.4,3133.6,3493.7,3087.9,(NA)
 "96000" ,"Southwest",6,SAGDP2N,"Gross domestic product (GDP) by state","Millions of current dollars",21,"3361-3363","    Motor vehicles, bodies and trailers, and parts manufacturing",5607.2,6136.4,6760.1,7698.0,7098.4,7391.8,7681.8,6248.1,6176.4,7421.8,6969.5,5361.8,2841.0,5784.6,8147.2,8954.0,10444.0,11513.8,14162.5,14703.1,(NA)
 "96000" ,"Southwest",6,SAGDP2N,"Gross domestic product (GDP) by state","Millions of current dollars",22,"3364-3369","    Other transportation equipment manufacturing",6678.0,7161.4,9474.5,8106.5,10521.0,7686.7,7862.3,7852.3,10302.0,9376.8,13560.3,14848.5,16357.8,14086.2,15216.6,17414.1,18949.6,19204.6,17283.1,20229.7,(NA)
 "96000" ,"Southwest",6,SAGDP2N,"Gross domestic product (GDP) by state","Millions of current dollars",23,"337","    Furniture and related product manufacturing",1641.9,1791.1,1985.0,2040.8,1977.5,1926.7,1849.2,1898.0,2133.8,2475.9,2227.0,1858.0,1749.9,1929.2,1852.2,1574.5,1727.1,1718.3,1947.5,1972.1,(NA)
 "96000" ,"Southwest",6,SAGDP2N,"Gross domestic product (GDP) by state","Millions of current dollars",24,"339","    Miscellaneous manufacturing",3487.4,3359.2,3078.8,3478.3,3194.4,3678.4,3656.9,3935.9,3849.3,4065.5,4807.9,4608.0,4750.9,4658.6,4499.0,4606.6,4910.5,4866.7,4691.3,5086.0,(NA)
 "96000" ,"Southwest",6,SAGDP2N,"Gross domestic product (GDP) by state","Millions of current dollars",25,"311-316,322-326","   Nondurable goods manufacturing",56341.3,55796.0,55272.9,54378.7,60675.9,57496.1,63175.0,84661.2,84665.7,96549.3,109397.2,88950.0,88493.7,104303.3,122920.9,123717.4,133711.1,111391.1,124968.1,108311.6,115348.4
 "96000" ,"Southwest",6,SAGDP2N,"Gross domestic product (GDP) by state","Millions of current dollars",26,"311-312","    Food and beverage and tobacco products manufacturing",9126.3,9516.2,10873.2,11024.1,11502.6,12535.2,13078.1,13390.9,13381.4,14699.8,14140.4,14614.9,16627.1,14709.7,13949.4,14099.0,15038.9,15870.5,18617.1,18486.9,(NA)
 "96000" ,"Southwest",6,SAGDP2N,"Gross domestic product (GDP) by state","Millions of current dollars",27,"313-314","    Textile mills and textile product mills",618.8,594.0,593.4,649.7,581.8,642.3,491.3,571.4,587.3,569.8,540.1,533.0,506.2,484.1,500.8,547.3,575.1,771.6,740.9,694.2,(NA)
 "96000" ,"Southwest",6,SAGDP2N,"Gross domestic product (GDP) by state","Millions of current dollars",28,"315-316","    Apparel, leather, and allied product manufacturing",2231.4,2112.4,2168.6,2054.8,1852.1,1671.3,1139.1,851.5,808.9,645.2,722.0,741.2,465.5,493.2,516.2,538.4,580.9,510.1,535.4,528.1,(NA)
 "96000" ,"Southwest",6,SAGDP2N,"Gross domestic product (GDP) by state","Millions of current dollars",29,"322","    Paper manufacturing",3169.0,3777.0,3827.9,3975.3,3328.2,3220.9,2926.0,3142.5,2966.3,3030.1,2969.1,2656.2,3385.1,3199.5,3070.8,2862.7,3129.0,3099.3,3191.6,3204.0,(NA)
 "96000" ,"Southwest",6,SAGDP2N,"Gross domestic product (GDP) by state","Millions of current dollars",30,"323","    Printing and related support activities",2649.8,2803.1,3174.1,3205.3,3228.1,2911.9,2888.4,2891.0,3073.7,3269.9,3210.6,3003.2,2727.3,2778.2,2667.8,2826.2,2722.6,2659.6,2699.5,2560.6,(NA)
 "96000" ,"Southwest",6,SAGDP2N,"Gross domestic product (GDP) by state","Millions of current dollars",31,"324","    Petroleum and coal products manufacturing",12744.5,11383.5,11992.4,11371.0,20207.1,13631.3,18143.3,31735.4,28692.2,31826.1,47151.5,31022.7,26911.6,34942.1,55924.5,52278.0,57853.1,33198.2,43351.4,25237.4,(NA)
 "96000" ,"Southwest",6,SAGDP2N,"Gross domestic product (GDP) by state","Millions of current dollars",32,"325","    Chemical manufacturing",21128.5,20362.7,16968.2,16523.6,14178.6,17512.5,19333.9,26588.7,29895.8,36859.5,35053.0,31051.8,32313.6,42227.2,40899.0,44448.5,47514.4,49113.1,48836.5,50728.7,(NA)
 "96000" ,"Southwest",6,SAGDP2N,"Gross domestic product (GDP) by state","Millions of current dollars",33,"326","    Plastics and rubber products manufacturing",4673.0,5247.0,5675.1,5575.0,5797.4,5370.6,5175.0,5489.9,5260.1,5648.9,5610.5,5327.1,5557.4,5469.4,5392.4,6117.2,6297.2,6168.7,6995.8,6871.7,(NA)
 "96000" ,"Southwest",6,SAGDP2N,"Gross domestic product (GDP) by state","Millions of current dollars",34,"42","  Wholesale trade",55598.7,61756.9,65976.9,70452.4,69324.5,68332.4,70466.3,80649.1,88932.6,97986.4,107349.8,113824.7,109417.4,118710.4,129191.3,146195.4,152191.4,158787.4,165149.0,163912.5,167294.4
 "96000" ,"Southwest",6,SAGDP2N,"Gross domestic product (GDP) by state","Millions of current dollars",35,"44-45","  Retail trade",60791.7,66961.8,70096.7,73804.4,77322.7,80011.9,83088.3,85022.8,91696.3,97828.4,99081.7,97620.9,96889.2,99718.1,103545.0,110659.4,115474.7,121051.3,128090.0,130878.8,133064.2
 "96000" ,"Southwest",6,SAGDP2N,"Gross domestic product (GDP) by state","Millions of current dollars",36,"48-49","  Transportation and warehousing",30506.8,34612.0,36376.2,38647.0,42325.1,38519.2,40092.5,44208.0,47100.4,52037.6,53100.5,56740.4,53088.2,58064.7,61581.6,68199.4,67933.5,73868.4,80261.2,81175.5,91740.4
 "96000" ,"Southwest",6,SAGDP2N,"Gross domestic product (GDP) by state","Millions of current dollars",37,"481","   Air transportation",8494.8,9032.8,9515.5,9502.8,8764.2,9028.5,9238.6,10145.5,10436.7,11383.7,12170.5,11523.1,11742.0,13079.5,13386.9,14327.9,14370.7,15563.0,18305.7,19009.8,(NA)
 "96000" ,"Southwest",6,SAGDP2N,"Gross domestic product (GDP) by state","Millions of current dollars",38,"482","   Rail transportation",2415.3,2720.8,2808.4,3011.0,2979.0,2902.7,3181.8,3493.8,3998.7,4703.5,4635.9,5366.9,4661.3,4867.6,5416.4,5873.4,6032.8,6314.4,6359.9,5823.7,(NA)
 "96000" ,"Southwest",6,SAGDP2N,"Gross domestic product (GDP) by state","Millions of current dollars",39,"483","   Water transportation",714.6,707.9,683.2,818.5,807.9,660.3,777.9,934.5,865.7,1125.0,947.4,1070.3,1042.5,984.3,934.6,931.7,1343.3,1430.6,1165.1,1021.2,(NA)
 "96000" ,"Southwest",6,SAGDP2N,"Gross domestic product (GDP) by state","Millions of current dollars",40,"484","   Truck transportation",7731.1,8961.6,9600.5,10319.6,10317.4,10254.5,10567.9,11407.3,12768.9,14441.1,14720.7,14436.0,13064.8,13721.6,15427.8,17407.7,18272.8,20402.3,20977.9,19605.4,(NA)
 "96000" ,"Southwest",6,SAGDP2N,"Gross domestic product (GDP) by state","Millions of current dollars",41,"485","   Transit and ground passenger transportation",898.7,1046.6,1197.4,1181.6,1215.3,1264.9,1283.5,1276.9,1294.1,1420.6,1526.7,1725.5,1866.1,1957.2,2150.4,2210.7,2253.9,2413.9,2579.0,2372.9,(NA)
 "96000" ,"Southwest",6,SAGDP2N,"Gross domestic product (GDP) by state","Millions of current dollars",42,"486","   Pipeline transportation",2665.7,3841.4,4601.3,4821.7,9040.6,4770.0,4690.5,4618.2,4038.8,4279.1,5378.7,6516.8,5568.1,7948.6,7955.4,10813.7,8953.9,10677.0,12430.3,13542.8,(NA)
 "96000" ,"Southwest",6,SAGDP2N,"Gross domestic product (GDP) by state","Millions of current dollars",43,"487-488, 492","   Other transportation and support activities",6115.6,6520.8,6133.6,7042.7,7304.2,7600.7,7847.9,9097.6,10091.9,10771.9,10158.3,11087.2,10275.2,10911.7,11526.8,11725.3,11725.3,11893.7,12882.4,13262.4,(NA)
 "96000" ,"Southwest",6,SAGDP2N,"Gross domestic product (GDP) by state","Millions of current dollars",44,"493","   Warehousing and storage",1471.1,1780.1,1836.2,1949.0,1896.6,2037.6,2504.5,3234.1,3605.5,3912.8,3562.3,5014.6,4868.2,4594.2,4783.3,4909.0,4980.7,5173.5,5560.9,6537.4,(NA)
 "96000" ,"Southwest",6,SAGDP2N,"Gross domestic product (GDP) by state","Millions of current dollars",45,"51","  Information",36650.3,40783.2,42734.8,44322.7,45161.5,48877.6,49822.7,53069.0,54210.9,56781.4,65967.2,69157.8,64748.6,64332.3,64012.0,62965.9,68692.8,68880.0,74522.5,78350.6,81490.1
 "96000" ,"Southwest",6,SAGDP2N,"Gross domestic product (GDP) by state","Millions of current dollars",46,"511","   Publishing industries (except Internet)",6039.2,6577.0,8027.2,7292.4,7147.2,8954.3,10044.9,11814.5,12412.0,11168.6,13036.9,11713.6,10741.4,11529.2,11519.7,12202.9,12724.4,12211.8,12510.6,13579.9,(NA)
 "96000" ,"Southwest",6,SAGDP2N,"Gross domestic product (GDP) by state","Millions of current dollars",47,"512","   Motion picture and sound recording industries",1072.7,1433.9,1898.5,1494.3,1798.3,2052.6,1869.7,1785.2,1631.0,1880.9,2393.8,3065.3,2931.8,3047.7,2738.6,2870.1,2962.0,2785.2,3183.9,3626.3,(NA)
 "96000" ,"Southwest",6,SAGDP2N,"Gross domestic product (GDP) by state","Millions of current dollars",48,"515, 517","   Broadcasting (except Internet) and telecommunications",25811.5,28518.8,29445.1,32691.4,32484.6,30641.2,30742.3,31406.4,33205.8,35703.8,44542.9,46428.7,42641.3,40744.7,39818.4,39017.9,43803.3,43520.0,45635.8,45873.6,(NA)
 "96000" ,"Southwest",6,SAGDP2N,"Gross domestic product (GDP) by state","Millions of current dollars",49,"518, 519","   Data processing, hosting, and other information services",3726.9,4253.5,3363.9,2844.5,3731.4,7229.4,7165.8,8063.0,6962.0,8028.1,5993.5,7950.2,8434.1,9010.7,9935.3,8874.9,9203.1,10363.0,13192.1,15270.9,(NA)
 "96000" ,"Southwest",6,SAGDP2N,"Gross domestic product (GDP) by state","Millions of current dollars",50,"52, 53","  Finance, insurance, real estate, rental, and leasing",134090.0,144231.7,157706.4,167834.2,175082.2,183898.5,189769.4,195983.8,218237.4,230114.9,240830.7,240501.2,241575.8,250322.8,265879.4,286366.1,299601.8,322281.5,341261.2,361135.3,369887.0
 "96000" ,"Southwest",6,SAGDP2N,"Gross domestic product (GDP) by state","Millions of current dollars",51,"52","   Finance and insurance",45048.5,50774.5,55111.0,58257.0,62218.5,64502.3,69140.5,70759.7,78612.0,78431.4,77558.6,72872.7,75145.3,78914.3,83187.7,94634.3,98363.7,106054.9,115277.3,124041.2,126056.0
 "96000" ,"Southwest",6,SAGDP2N,"Gross domestic product (GDP) by state","Millions of current dollars",52,"521-522","    Monetary Authorities- central bank, credit intermediation, and related services",20194.6,23263.1,27198.0,26963.8,29340.8,31754.5,33472.3,31315.0,36622.6,35411.4,34542.4,34822.9,33307.8,33207.4,37553.9,42928.2,42386.2,45178.5,48344.8,50678.3,(NA)
 "96000" ,"Southwest",6,SAGDP2N,"Gross domestic product (GDP) by state","Millions of current dollars",53,"523","    Securities, commodity contracts, and other financial investments and related activities",5880.4,6261.9,6231.7,7001.9,8650.3,7895.2,7290.6,7494.9,9317.4,10633.3,9931.5,5537.6,10397.9,11013.5,9930.5,14233.0,16128.0,14389.7,14712.6,17689.1,(NA)
 "96000" ,"Southwest",6,SAGDP2N,"Gross domestic product (GDP) by state","Millions of current dollars",54,"524","    Insurance carriers and related activities",18413.1,20453.0,20743.6,23340.1,23340.1,23357.5,27048.0,30168.9,29851.4,30301.9,31764.4,30856.8,30701.9,33573.2,34672.4,36181.4,38357.6,44909.6,50673.1,53919.3,(NA)
 "96000" ,"Southwest",6,SAGDP2N,"Gross domestic product (GDP) by state","Millions of current dollars",55,"525","    Funds, trusts, and other financial vehicles",560.4,796.6,937.7,951.2,887.3,1495.1,1329.6,1780.9,2820.6,2084.8,1320.4,1655.3,737.6,1120.2,1030.9,1291.7,1491.9,1577.1,1546.8,1754.4,(NA)
 "96000" ,"Southwest",6,SAGDP2N,"Gross domestic product (GDP) by state","Millions of current dollars",56,"53","   Real estate and rental and leasing",89041.4,93457.2,102595.4,109577.2,112863.8,119396.2,120628.9,125224.1,139625.3,151683.5,163272.1,167628.5,166430.5,171408.5,182691.7,191731.8,201238.1,216226.6,225983.9,237094.1,243830.9
 "96000" ,"Southwest",6,SAGDP2N,"Gross domestic product (GDP) by state","Millions of current dollars",57,"531","    Real estate",77422.2,80935.6,88616.8,94833.0,96509.0,103017.5,104654.3,109186.0,120241.9,126069.3,136980.9,142218.3,144455.1,149832.0,158600.2,167200.1,175616.3,185921.9,196337.5,205644.3,(NA)
 "96000" ,"Southwest",6,SAGDP2N,"Gross domestic product (GDP) by state","Millions of current dollars",58,"532-533","    Rental and leasing services and lessors of nonfinancial intangible assets",11619.3,12521.6,13978.6,14744.1,16354.7,16378.7,15974.6,16038.1,19383.4,25614.2,26291.2,25410.2,21975.4,21576.6,24091.6,24531.7,25621.8,30304.8,29646.4,31449.8,(NA)
 "96000" ,"Southwest",6,SAGDP2N,"Gross domestic product (GDP) by state","Millions of current dollars",59,"54, 55, 56","  Professional and business services",75832.8,83558.1,89894.9,99879.3,106644.0,109747.9,113714.6,124382.9,136841.0,152183.9,167344.2,181686.6,173328.7,180836.8,191845.8,203478.5,212079.1,227257.5,240630.1,244560.8,258141.7
 "96000" ,"Southwest",6,SAGDP2N,"Gross domestic product (GDP) by state","Millions of current dollars",60,"54","   Professional, scientific, and technical services",47918.3,53100.7,56790.5,62582.2,66799.7,69327.8,70537.3,75229.2,81787.1,90975.6,98656.0,109179.2,104075.6,108579.0,115422.8,122411.4,126334.0,132681.7,141529.1,143877.9,149523.8
 "96000" ,"Southwest",6,SAGDP2N,"Gross domestic product (GDP) by state","Millions of current dollars",61,"5411","    Legal services",10143.7,11288.1,11829.4,12640.3,13374.7,13861.5,14884.8,15804.6,16465.1,17341.5,18357.3,20825.6,19015.4,18651.5,19800.6,20186.3,20141.0,20891.7,21795.4,22842.9,(NA)
 "96000" ,"Southwest",6,SAGDP2N,"Gross domestic product (GDP) by state","Millions of current dollars",62,"5415","    Computer systems design and related services",5853.3,7445.8,8295.2,10066.3,10294.3,8940.6,9466.9,10343.0,11847.9,13699.5,15141.5,16297.6,16718.4,17960.9,20162.8,22276.0,24427.1,25880.0,29096.6,30864.8,(NA)
 "96000" ,"Southwest",6,SAGDP2N,"Gross domestic product (GDP) by state","Millions of current dollars",63,"5412-5414, 5416-5419","    Miscellaneous professional, scientific, and technical services",31921.2,34366.8,36665.9,39875.6,43130.7,46525.7,46185.6,49081.5,53474.2,59934.7,65157.2,72056.0,68341.7,71966.6,75459.3,79949.1,81765.9,85910.0,90637.1,90170.1,(NA)
 "96000" ,"Southwest",6,SAGDP2N,"Gross domestic product (GDP) by state","Millions of current dollars",64,"55","   Management of companies and enterprises",4340.6,4682.9,4824.4,5531.0,6293.2,6596.8,7271.1,8950.1,10144.0,11585.6,14257.4,15330.9,15122.0,16227.1,17479.5,19503.2,20671.6,24730.7,25621.4,25829.8,28863.1
 "96000" ,"Southwest",6,SAGDP2N,"Gross domestic product (GDP) by state","Millions of current dollars",65,"56","   Administrative and support and waste management and remediation services",23574.0,25774.6,28280.0,31766.1,33551.0,33823.3,35906.2,40203.6,44909.8,49622.7,54430.8,57176.6,54131.1,56030.8,58943.5,61563.8,65073.5,69845.0,73479.6,74853.1,79754.7
 "96000" ,"Southwest",6,SAGDP2N,"Gross domestic product (GDP) by state","Millions of current dollars",66,"561","    Administrative and support services",21708.7,23824.0,26041.4,29432.6,30844.8,30870.6,32722.2,36724.8,41118.2,45701.3,50380.5,52742.8,49430.4,50781.1,54199.1,56615.3,59929.6,64077.3,67008.2,68092.4,(NA)
 "96000" ,"Southwest",6,SAGDP2N,"Gross domestic product (GDP) by state","Millions of current dollars",67,"562","    Waste management and remediation services",1865.3,1950.5,2238.6,2333.5,2706.2,2952.7,3184.0,3478.8,3791.7,3921.4,4050.3,4433.8,4700.7,5249.7,4744.4,4948.5,5143.8,5767.7,6471.3,6760.7,(NA)
 "96000" ,"Southwest",6,SAGDP2N,"Gross domestic product (GDP) by state","Millions of current dollars",68,"61, 62","  Educational services, health care, and social assistance",53727.4,56678.2,59643.7,63384.9,69124.7,75567.0,80146.7,86025.7,89180.8,96056.9,101694.9,111658.8,122009.6,128129.2,133464.9,138395.3,142471.4,147961.0,157517.3,165700.3,172029.3
 "96000" ,"Southwest",6,SAGDP2N,"Gross domestic product (GDP) by state","Millions of current dollars",69,"61","   Educational services",4398.9,4659.7,5432.2,5980.8,6493.4,6858.2,7550.7,8579.6,8881.9,9430.2,10052.5,11324.2,13041.7,14166.3,14803.3,15471.5,15721.6,16259.6,17075.0,18002.7,18073.9
 "96000" ,"Southwest",6,SAGDP2N,"Gross domestic product (GDP) by state","Millions of current dollars",70,"62","   Health care and social assistance",49328.5,52018.5,54211.4,57404.1,62631.3,68708.8,72596.0,77446.0,80298.9,86626.7,91642.4,100334.6,108967.9,113963.0,118661.6,122923.8,126749.8,131701.5,140442.3,147697.5,153955.4
 "96000" ,"Southwest",6,SAGDP2N,"Gross domestic product (GDP) by state","Millions of current dollars",71,"621","    Ambulatory health care services",25595.1,26920.4,28019.1,30045.4,32837.9,35882.6,37920.4,41031.9,43984.3,47658.7,50268.9,55037.6,59488.3,62506.0,65815.3,68120.5,69961.0,72585.5,77735.6,82389.2,(NA)
 "96000" ,"Southwest",6,SAGDP2N,"Gross domestic product (GDP) by state","Millions of current dollars",72,"622","    Hospitals",16440.8,17192.1,17666.1,18203.5,19919.5,22188.1,23272.3,24569.8,23875.8,25721.8,27419.1,30378.2,33759.8,35061.9,36343.1,37545.0,38713.9,40123.7,42620.5,43952.3,(NA)
 "96000" ,"Southwest",6,SAGDP2N,"Gross domestic product (GDP) by state","Millions of current dollars",73,"623","    Nursing and residential care facilities",4260.4,4523.3,4784.5,5067.7,5484.3,5922.8,6318.6,6587.9,6785.2,7213.1,7520.3,8110.4,8709.9,9231.6,9496.5,9800.7,10086.2,10496.5,10946.3,11558.3,(NA)
 "96000" ,"Southwest",6,SAGDP2N,"Gross domestic product (GDP) by state","Millions of current dollars",74,"624","    Social assistance",3032.2,3382.7,3741.8,4087.4,4389.6,4715.3,5084.6,5256.4,5653.7,6033.1,6434.1,6808.5,7009.9,7163.6,7006.7,7457.6,7988.7,8495.8,9139.8,9797.8,(NA)
 "96000" ,"Southwest",6,SAGDP2N,"Gross domestic product (GDP) by state","Millions of current dollars",75,"71, 72","  Arts, entertainment, recreation, accommodation, and food services",29350.3,32079.1,35332.7,38653.4,39188.1,41741.8,43670.9,46006.6,48379.3,53135.4,55347.3,56046.8,56707.9,57844.5,59549.7,64105.5,67212.1,73159.7,80043.7,82966.7,86260.6
 "96000" ,"Southwest",6,SAGDP2N,"Gross domestic product (GDP) by state","Millions of current dollars",76,"71","   Arts, entertainment, and recreation",5274.2,5538.3,6072.8,6665.5,6386.3,7169.5,7763.9,7774.6,7945.3,8538.0,8914.4,9101.6,9811.1,9831.3,10428.8,11458.0,12325.2,13589.6,14720.4,16123.9,17705.4
 "96000" ,"Southwest",6,SAGDP2N,"Gross domestic product (GDP) by state","Millions of current dollars",77,"711-712","    Performing arts, spectator sports, museums, and related activities",2434.5,2749.6,3027.5,3370.2,3465.2,4120.7,4526.9,4212.0,4037.9,4246.6,4155.5,4207.5,4887.4,4595.1,5068.9,5730.9,6386.4,7032.3,7862.1,9094.0,(NA)
 "96000" ,"Southwest",6,SAGDP2N,"Gross domestic product (GDP) by state","Millions of current dollars",78,"713","    Amusement, gambling, and recreation industries",2839.7,2788.7,3045.3,3295.2,2921.1,3048.8,3236.9,3562.6,3907.4,4291.4,4758.9,4894.1,4923.7,5236.2,5359.8,5727.1,5938.8,6557.2,6858.3,7029.9,(NA)
 "96000" ,"Southwest",6,SAGDP2N,"Gross domestic product (GDP) by state","Millions of current dollars",79,"72","   Accommodation and food services",24076.1,26540.7,29259.9,31987.9,32801.8,34572.2,35907.1,38232.0,40434.0,44597.4,46432.9,46945.2,46896.9,48013.2,49120.9,52647.6,54886.9,59570.2,65323.3,66842.8,68555.2
 "96000" ,"Southwest",6,SAGDP2N,"Gross domestic product (GDP) by state","Millions of current dollars",80,"721","    Accommodation",5725.7,6180.4,6758.6,7431.0,7258.9,7314.3,7404.5,8047.8,9030.9,10809.8,12296.1,11461.3,9428.2,9843.1,10855.7,11843.7,12160.4,13412.6,14861.9,14305.9,(NA)
 "96000" ,"Southwest",6,SAGDP2N,"Gross domestic product (GDP) by state","Millions of current dollars",81,"722","    Food services and drinking places",18350.4,20360.3,22501.3,24556.9,25542.9,27257.9,28502.6,30184.2,31403.1,33787.6,34136.8,35483.9,37468.7,38170.1,38265.2,40803.8,42726.5,46157.6,50461.4,52536.9,(NA)
 "96000" ,"Southwest",6,SAGDP2N,"Gross domestic product (GDP) by state","Millions of current dollars",82,"81","  Other services (except government and government enterprises)",22941.1,25538.0,26700.1,28470.9,26919.0,28704.3,28433.7,29509.9,31164.8,33476.0,34725.5,34941.6,35086.8,35358.0,35914.3,38410.4,39822.8,42818.2,44489.8,45046.1,46435.4
 "96000" ,"Southwest",6,SAGDP2N,"Gross domestic product (GDP) by state","Millions of current dollars",83,"..."," Government and government enterprises",113147.7,117424.1,124256.9,132320.0,140894.7,151010.2,160025.3,167241.9,177207.9,187097.6,199191.8,210946.1,220126.6,229136.6,231333.4,237101.6,244082.0,250382.4,261211.8,267903.1,275539.0
 "96000" ,"Southwest",6,SAGDP2N,"Gross domestic product (GDP) by state","Millions of current dollars",84,"...","  Federal civilian",22116.2,23100.1,23846.6,25325.2,25744.5,27453.0,29242.6,31014.1,32434.5,33928.6,35672.9,37129.9,38879.0,41479.2,42305.5,42266.9,41473.9,42630.0,45006.4,46538.3,(NA)
 "96000" ,"Southwest",6,SAGDP2N,"Gross domestic product (GDP) by state","Millions of current dollars",85,"...","  Military",11393.3,11520.0,11754.3,12231.9,12889.3,14707.3,16783.1,17808.0,19140.6,20697.7,22181.9,24028.0,25614.9,26447.1,26815.6,26975.8,26024.9,25444.4,25312.4,24919.3,(NA)
 "96000" ,"Southwest",6,SAGDP2N,"Gross domestic product (GDP) by state","Millions of current dollars",86,"...","  State and local",79638.1,82804.0,88656.0,94762.9,102260.9,108849.9,113999.7,118419.8,125632.8,132471.3,141337.0,149788.1,155632.7,161210.2,162212.3,167858.9,176583.2,182307.9,190893.0,196445.5,(NA)
 "96000" ,"Southwest",6,SAGDP2N,"Gross domestic product (GDP) by state","Millions of current dollars",87,"11, 21","Natural resources and mining",54402.9,43841.8,47575.0,63206.2,73167.8,69226.3,88863.3,106047.4,138514.8,159081.9,185892.7,233979.9,152187.5,172489.2,204226.6,213866.9,246834.7,268852.4,166525.7,133960.7,165967.2
 "96000" ,"Southwest",6,SAGDP2N,"Gross domestic product (GDP) by state","Millions of current dollars",88,"42, 44-45","Trade",116390.4,128718.7,136073.6,144256.8,146647.2,148344.3,153554.7,165671.9,180628.8,195814.8,206431.5,211445.6,206306.6,218428.6,232736.3,256854.8,267666.1,279838.7,293238.9,294791.3,300358.7
 "96000" ,"Southwest",6,SAGDP2N,"Gross domestic product (GDP) by state","Millions of current dollars",89,"...","Transportation and utilities",52288.5,55688.8,60163.8,63990.2,69524.8,63069.4,65898.8,71241.3,74328.7,83698.6,85301.8,88563.1,85890.7,93543.9,99750.0,104701.2,105050.0,111980.5,118430.6,120188.6,132522.5
 "96000" ,"Southwest",6,SAGDP2N,"Gross domestic product (GDP) by state","Millions of current dollars",90,"...","Private goods-producing industries 2/",239863.2,236280.8,241329.0,266395.8,278047.8,272928.6,305618.0,355498.1,402700.3,459675.7,509536.4,535198.3,429303.3,464374.5,526343.3,548373.6,601800.4,613589.2,530722.6,485834.8,531760.1
 "96000" ,"Southwest",6,SAGDP2N,"Gross domestic product (GDP) by state","Millions of current dollars",91,"...","Private services-providing industries 3/",521270.8,567275.8,608249.8,650792.4,678291.6,699950.8,725011.5,771891.2,832971.7,901261.9,957643.0,994001.5,985654.8,1028796.2,1083152.4,1155277.6,1202596.1,1274177.3,1350134.0,1392739.7,1447125.1
"Note: See the included footnote file."
"SAGDP2N: Gross domestic product (GDP) by state 1/"
"Last updated: November 14, 2018; revised statistics for 1997-2017."
"Source: U.S. Department of Commerce / Bureau of Economic Analysis / Regional Economic Accounts"
