GeoFIPS,GeoName,Region,TableName,ComponentName,Unit,IndustryId,IndustryClassification,Description,1997,1998,1999,2000,2001,2002,2003,2004,2005,2006,2007,2008,2009,2010,2011,2012,2013,2014,2015,2016,2017
 "54000" ,"West Virginia",5,SAGDP5N,"Subsidies","Thousands of dollars",1,"...","All industry total",-80500,-77664,-85666,-95772,-102454,-89218,-99543,-105548,-126240,-111602,-116222,-111021,-128990,-120860,-150993,-140008,-140992,-130094,-120456,-126840,(NA)
 "54000" ,"West Virginia",5,SAGDP5N,"Subsidies","Thousands of dollars",2,"..."," Private industries",-47873,-54695,-63127,-68886,-74486,-56093,-63504,-67494,-89314,-77385,-80431,-73212,-94449,-88613,-114583,-101926,-102818,-93823,-85456,-89558,(NA)
 "54000" ,"West Virginia",5,SAGDP5N,"Subsidies","Thousands of dollars",3,"11","  Agriculture, forestry, fishing, and hunting",-7446,-13980,-21141,-28614,-32448,-10704,-14739,-14393,-29319,-16362,-8132,-11208,-12132,-12116,-11312,-9227,-10816,-10958,-12472,-15407,(NA)
 "54000" ,"West Virginia",5,SAGDP5N,"Subsidies","Thousands of dollars",4,"111-112","   Farms",-7446,-13980,-21141,-28614,-32448,-10704,-14739,-14393,-29319,-16362,-8132,-11208,-12132,-12116,-11312,-9227,-10816,-10958,-12472,-15407,(NA)
 "54000" ,"West Virginia",5,SAGDP5N,"Subsidies","Thousands of dollars",5,"113-115","   Forestry, fishing, and related activities",0,0,0,0,0,0,0,0,0,0,0,0,0,0,0,0,0,0,0,0,(NA)
 "54000" ,"West Virginia",5,SAGDP5N,"Subsidies","Thousands of dollars",6,"21","  Mining, quarrying, and oil and gas extraction",0,0,0,0,0,0,0,0,0,0,0,0,0,0,0,0,0,0,0,0,(NA)
 "54000" ,"West Virginia",5,SAGDP5N,"Subsidies","Thousands of dollars",7,"211","   Oil and gas extraction",0,0,0,0,0,0,0,0,0,0,0,0,0,0,0,0,0,0,0,0,(NA)
 "54000" ,"West Virginia",5,SAGDP5N,"Subsidies","Thousands of dollars",8,"212","   Mining (except oil and gas)",0,0,0,0,0,0,0,0,0,0,0,0,0,0,0,0,0,0,0,0,(NA)
 "54000" ,"West Virginia",5,SAGDP5N,"Subsidies","Thousands of dollars",9,"213","   Support activities for mining",0,0,0,0,0,0,0,0,0,0,0,0,0,0,0,0,0,0,0,0,(NA)
 "54000" ,"West Virginia",5,SAGDP5N,"Subsidies","Thousands of dollars",10,"22","  Utilities",0,0,0,0,0,0,0,0,0,0,0,0,0,0,0,0,0,0,0,0,(NA)
 "54000" ,"West Virginia",5,SAGDP5N,"Subsidies","Thousands of dollars",11,"23","  Construction",0,0,0,0,0,0,0,0,0,0,0,0,0,0,0,0,0,0,0,0,(NA)
 "54000" ,"West Virginia",5,SAGDP5N,"Subsidies","Thousands of dollars",12,"31-33","  Manufacturing",0,0,0,0,0,0,0,0,0,-6,-2,-217,-880,-2102,-3292,-2338,-1031,-1306,-690,-751,(NA)
 "54000" ,"West Virginia",5,SAGDP5N,"Subsidies","Thousands of dollars",13,"321,327-339","   Durable goods manufacturing",0,0,0,0,0,0,0,0,0,0,0,-215,-634,-1525,-1965,-1254,-502,-299,-270,-211,(NA)
 "54000" ,"West Virginia",5,SAGDP5N,"Subsidies","Thousands of dollars",14,"321","    Wood product manufacturing",0,0,0,0,0,0,0,0,0,0,0,0,0,0,0,0,0,0,0,0,(NA)
 "54000" ,"West Virginia",5,SAGDP5N,"Subsidies","Thousands of dollars",15,"327","    Nonmetallic mineral product manufacturing",0,0,0,0,0,0,0,0,0,0,0,0,0,0,0,0,0,0,0,0,(NA)
 "54000" ,"West Virginia",5,SAGDP5N,"Subsidies","Thousands of dollars",16,"331","    Primary metal manufacturing",0,0,0,0,0,0,0,0,0,0,0,0,0,0,0,0,0,0,0,0,(NA)
 "54000" ,"West Virginia",5,SAGDP5N,"Subsidies","Thousands of dollars",17,"332","    Fabricated metal product manufacturing",0,0,0,0,0,0,0,0,0,0,0,0,0,0,0,0,0,0,0,0,(NA)
 "54000" ,"West Virginia",5,SAGDP5N,"Subsidies","Thousands of dollars",18,"333","    Machinery manufacturing",0,0,0,0,0,0,0,0,0,0,0,0,0,0,0,0,0,0,0,0,(NA)
 "54000" ,"West Virginia",5,SAGDP5N,"Subsidies","Thousands of dollars",19,"334","    Computer and electronic product manufacturing",0,0,0,0,0,0,0,0,0,0,0,0,0,0,0,0,0,0,0,0,(NA)
 "54000" ,"West Virginia",5,SAGDP5N,"Subsidies","Thousands of dollars",20,"335","    Electrical equipment, appliance, and component manufacturing",0,0,0,0,0,0,0,0,0,0,0,-215,-634,-1525,-1965,-1254,-502,-299,-270,-211,(NA)
 "54000" ,"West Virginia",5,SAGDP5N,"Subsidies","Thousands of dollars",21,"3361-3363","    Motor vehicles, bodies and trailers, and parts manufacturing",0,0,0,0,0,0,0,0,0,0,0,0,0,0,0,0,0,0,0,0,(NA)
 "54000" ,"West Virginia",5,SAGDP5N,"Subsidies","Thousands of dollars",22,"3364-3369","    Other transportation equipment manufacturing",0,0,0,0,0,0,0,0,0,0,0,0,0,0,0,0,0,0,0,0,(NA)
 "54000" ,"West Virginia",5,SAGDP5N,"Subsidies","Thousands of dollars",23,"337","    Furniture and related product manufacturing",0,0,0,0,0,0,0,0,0,0,0,0,0,0,0,0,0,0,0,0,(NA)
 "54000" ,"West Virginia",5,SAGDP5N,"Subsidies","Thousands of dollars",24,"339","    Miscellaneous manufacturing",0,0,0,0,0,0,0,0,0,0,0,0,0,0,0,0,0,0,0,0,(NA)
 "54000" ,"West Virginia",5,SAGDP5N,"Subsidies","Thousands of dollars",25,"311-316,322-326","   Nondurable goods manufacturing",0,0,0,0,0,0,0,0,0,-6,-2,-3,-246,-577,-1327,-1085,-530,-1007,-421,-540,(NA)
 "54000" ,"West Virginia",5,SAGDP5N,"Subsidies","Thousands of dollars",26,"311-312","    Food and beverage and tobacco products manufacturing",0,0,0,0,0,0,0,0,0,0,0,0,0,0,0,0,0,0,0,0,(NA)
 "54000" ,"West Virginia",5,SAGDP5N,"Subsidies","Thousands of dollars",27,"313-314","    Textile mills and textile product mills",0,0,0,0,0,0,0,0,0,-6,-2,-3,-4,-3,-3,-4,-3,-3,-6,0,(NA)
 "54000" ,"West Virginia",5,SAGDP5N,"Subsidies","Thousands of dollars",28,"315-316","    Apparel, leather, and allied product manufacturing",0,0,0,0,0,0,0,0,0,0,0,0,0,0,0,0,0,0,0,0,(NA)
 "54000" ,"West Virginia",5,SAGDP5N,"Subsidies","Thousands of dollars",29,"322","    Paper manufacturing",0,0,0,0,0,0,0,0,0,0,0,0,0,0,0,0,0,0,0,0,(NA)
 "54000" ,"West Virginia",5,SAGDP5N,"Subsidies","Thousands of dollars",30,"323","    Printing and related support activities",0,0,0,0,0,0,0,0,0,0,0,0,0,0,0,0,0,0,0,0,(NA)
 "54000" ,"West Virginia",5,SAGDP5N,"Subsidies","Thousands of dollars",31,"324","    Petroleum and coal products manufacturing",0,0,0,0,0,0,0,0,0,0,0,0,-79,-417,-150,-753,-113,-573,-286,-404,(NA)
 "54000" ,"West Virginia",5,SAGDP5N,"Subsidies","Thousands of dollars",32,"325","    Chemical manufacturing",0,0,0,0,0,0,0,0,0,0,0,0,-164,-157,-1175,-328,-413,-430,-129,-137,(NA)
 "54000" ,"West Virginia",5,SAGDP5N,"Subsidies","Thousands of dollars",33,"326","    Plastics and rubber products manufacturing",0,0,0,0,0,0,0,0,0,0,0,0,0,0,0,0,0,0,0,0,(NA)
 "54000" ,"West Virginia",5,SAGDP5N,"Subsidies","Thousands of dollars",34,"42","  Wholesale trade",0,0,0,0,0,0,0,0,0,0,0,0,0,0,0,0,0,0,0,0,(NA)
 "54000" ,"West Virginia",5,SAGDP5N,"Subsidies","Thousands of dollars",35,"44-45","  Retail trade",0,0,0,0,0,0,0,0,0,0,0,0,-15250,-1638,-16,0,0,0,0,0,(NA)
 "54000" ,"West Virginia",5,SAGDP5N,"Subsidies","Thousands of dollars",36,"48-49","  Transportation and warehousing",-1896,-1158,-1036,-1194,-2993,-3742,-3736,-7505,-5141,-6313,-5158,-3686,-5697,-3178,-2920,-4186,-2162,-1685,-1585,-2161,(NA)
 "54000" ,"West Virginia",5,SAGDP5N,"Subsidies","Thousands of dollars",37,"481","   Air transportation",-2,0,0,0,-443,-14,-221,-1,-5,-8,-8,-12,-15,-18,-21,-23,-21,-19,-21,-22,(NA)
 "54000" ,"West Virginia",5,SAGDP5N,"Subsidies","Thousands of dollars",38,"482","   Rail transportation",-1277,-849,-886,-832,-1412,-1318,-1459,-1631,-1744,-1157,-1317,-1300,-1747,-2092,-1621,-1337,-1374,-1324,-1383,-1473,(NA)
 "54000" ,"West Virginia",5,SAGDP5N,"Subsidies","Thousands of dollars",39,"483","   Water transportation",-617,-309,-150,-361,-1139,-2410,-2039,-5765,-3287,-4870,-3765,-2294,-3901,-1068,-1278,-2826,-767,-342,-181,-667,(NA)
 "54000" ,"West Virginia",5,SAGDP5N,"Subsidies","Thousands of dollars",40,"484","   Truck transportation",0,0,0,0,0,0,-16,-106,-104,-278,-69,-79,-35,0,0,0,0,0,0,0,(NA)
 "54000" ,"West Virginia",5,SAGDP5N,"Subsidies","Thousands of dollars",41,"485","   Transit and ground passenger transportation",0,0,0,0,0,0,0,0,0,0,0,0,0,0,0,0,0,0,0,0,(NA)
 "54000" ,"West Virginia",5,SAGDP5N,"Subsidies","Thousands of dollars",42,"486","   Pipeline transportation",0,0,0,0,0,0,0,0,0,0,0,0,0,0,0,0,0,0,0,0,(NA)
 "54000" ,"West Virginia",5,SAGDP5N,"Subsidies","Thousands of dollars",43,"487-488, 492","   Other transportation and support activities",0,0,0,0,0,0,0,0,0,0,0,0,0,0,0,0,0,0,0,0,(NA)
 "54000" ,"West Virginia",5,SAGDP5N,"Subsidies","Thousands of dollars",44,"493","   Warehousing and storage",0,0,0,0,0,0,0,0,0,0,0,0,0,0,0,0,0,0,0,0,(NA)
 "54000" ,"West Virginia",5,SAGDP5N,"Subsidies","Thousands of dollars",45,"51","  Information",0,0,0,0,0,0,0,0,0,0,0,0,-125,-380,-1658,-2048,-989,-240,-247,14,(NA)
 "54000" ,"West Virginia",5,SAGDP5N,"Subsidies","Thousands of dollars",46,"511","   Publishing industries (except Internet)",0,0,0,0,0,0,0,0,0,0,0,0,0,0,0,0,0,0,0,0,(NA)
 "54000" ,"West Virginia",5,SAGDP5N,"Subsidies","Thousands of dollars",47,"512","   Motion picture and sound recording industries",0,0,0,0,0,0,0,0,0,0,0,0,0,0,0,0,0,0,0,0,(NA)
 "54000" ,"West Virginia",5,SAGDP5N,"Subsidies","Thousands of dollars",48,"515, 517","   Broadcasting (except Internet) and telecommunications",0,0,0,0,0,0,0,0,0,0,0,0,-125,-380,-1658,-2048,-989,-240,-247,14,(NA)
 "54000" ,"West Virginia",5,SAGDP5N,"Subsidies","Thousands of dollars",49,"518, 519","   Data processing, hosting, and other information services",0,0,0,0,0,0,0,0,0,0,0,0,0,0,0,0,0,0,0,0,(NA)
 "54000" ,"West Virginia",5,SAGDP5N,"Subsidies","Thousands of dollars",50,"52, 53","  Finance, insurance, real estate, rental, and leasing",-38531,-39558,-40950,-39079,-39045,-41648,-45029,-45597,-54854,-54704,-67138,-58101,-60364,-65058,-62622,-64986,-63868,-57671,-57589,-63720,(NA)
 "54000" ,"West Virginia",5,SAGDP5N,"Subsidies","Thousands of dollars",51,"52","   Finance and insurance",-134,-184,-263,-265,-283,-323,-118,-104,-165,-94,-140,-277,-389,-913,-1098,-1284,-657,-937,-636,-531,(NA)
 "54000" ,"West Virginia",5,SAGDP5N,"Subsidies","Thousands of dollars",52,"521-522","    Monetary Authorities- central bank, credit intermediation, and related services",-134,-184,-263,-265,-283,-323,-118,-104,-165,-94,-140,-277,-389,-913,-1098,-1284,-657,-937,-636,-531,(NA)
 "54000" ,"West Virginia",5,SAGDP5N,"Subsidies","Thousands of dollars",53,"523","    Securities, commodity contracts, and other financial investments and related activities",0,0,0,0,0,0,0,0,0,0,0,0,0,0,0,0,0,0,0,0,(NA)
 "54000" ,"West Virginia",5,SAGDP5N,"Subsidies","Thousands of dollars",54,"524","    Insurance carriers and related activities",0,0,0,0,0,0,0,0,0,0,0,0,0,0,0,0,0,0,0,0,(NA)
 "54000" ,"West Virginia",5,SAGDP5N,"Subsidies","Thousands of dollars",55,"525","    Funds, trusts, and other financial vehicles",0,0,0,0,0,0,0,0,0,0,0,0,0,0,0,0,0,0,0,0,(NA)
 "54000" ,"West Virginia",5,SAGDP5N,"Subsidies","Thousands of dollars",56,"53","   Real estate and rental and leasing",-38397,-39374,-40687,-38814,-38761,-41325,-44912,-45493,-54688,-54610,-66998,-57824,-59976,-64145,-61525,-63703,-63212,-56734,-56953,-63189,(NA)
 "54000" ,"West Virginia",5,SAGDP5N,"Subsidies","Thousands of dollars",57,"531","    Real estate",-38397,-39374,-40687,-38814,-38761,-41325,-44912,-45493,-54688,-54610,-66998,-57824,-59976,-64145,-61525,-63703,-63212,-56734,-56953,-63189,(NA)
 "54000" ,"West Virginia",5,SAGDP5N,"Subsidies","Thousands of dollars",58,"532-533","    Rental and leasing services and lessors of nonfinancial intangible assets",0,0,0,0,0,0,0,0,0,0,0,0,0,0,0,0,0,0,0,0,(NA)
 "54000" ,"West Virginia",5,SAGDP5N,"Subsidies","Thousands of dollars",59,"54, 55, 56","  Professional and business services",0,0,0,0,0,0,0,0,0,0,0,0,0,0,0,0,0,0,0,0,(NA)
 "54000" ,"West Virginia",5,SAGDP5N,"Subsidies","Thousands of dollars",60,"54","   Professional, scientific, and technical services",0,0,0,0,0,0,0,0,0,0,0,0,0,0,0,0,0,0,0,0,(NA)
 "54000" ,"West Virginia",5,SAGDP5N,"Subsidies","Thousands of dollars",61,"5411","    Legal services",0,0,0,0,0,0,0,0,0,0,0,0,0,0,0,0,0,0,0,0,(NA)
 "54000" ,"West Virginia",5,SAGDP5N,"Subsidies","Thousands of dollars",62,"5415","    Computer systems design and related services",0,0,0,0,0,0,0,0,0,0,0,0,0,0,0,0,0,0,0,0,(NA)
 "54000" ,"West Virginia",5,SAGDP5N,"Subsidies","Thousands of dollars",63,"5412-5414, 5416-5419","    Miscellaneous professional, scientific, and technical services",0,0,0,0,0,0,0,0,0,0,0,0,0,0,0,0,0,0,0,0,(NA)
 "54000" ,"West Virginia",5,SAGDP5N,"Subsidies","Thousands of dollars",64,"55","   Management of companies and enterprises",0,0,0,0,0,0,0,0,0,0,0,0,0,0,0,0,0,0,0,0,(NA)
 "54000" ,"West Virginia",5,SAGDP5N,"Subsidies","Thousands of dollars",65,"56","   Administrative and support and waste management and remediation services",0,0,0,0,0,0,0,0,0,0,0,0,0,0,0,0,0,0,0,0,(NA)
 "54000" ,"West Virginia",5,SAGDP5N,"Subsidies","Thousands of dollars",66,"561","    Administrative and support services",0,0,0,0,0,0,0,0,0,0,0,0,0,0,0,0,0,0,0,0,(NA)
 "54000" ,"West Virginia",5,SAGDP5N,"Subsidies","Thousands of dollars",67,"562","    Waste management and remediation services",0,0,0,0,0,0,0,0,0,0,0,0,0,0,0,0,0,0,0,0,(NA)
 "54000" ,"West Virginia",5,SAGDP5N,"Subsidies","Thousands of dollars",68,"61, 62","  Educational services, health care, and social assistance",0,0,0,0,0,0,0,0,0,0,0,0,0,-4141,-32763,-19140,-23951,-21964,-12873,-7533,(NA)
 "54000" ,"West Virginia",5,SAGDP5N,"Subsidies","Thousands of dollars",69,"61","   Educational services",0,0,0,0,0,0,0,0,0,0,0,0,0,0,0,0,0,0,0,0,(NA)
 "54000" ,"West Virginia",5,SAGDP5N,"Subsidies","Thousands of dollars",70,"62","   Health care and social assistance",0,0,0,0,0,0,0,0,0,0,0,0,0,-4141,-32763,-19140,-23951,-21964,-12873,-7533,(NA)
 "54000" ,"West Virginia",5,SAGDP5N,"Subsidies","Thousands of dollars",71,"621","    Ambulatory health care services",0,0,0,0,0,0,0,0,0,0,0,0,0,0,0,0,0,0,0,0,(NA)
 "54000" ,"West Virginia",5,SAGDP5N,"Subsidies","Thousands of dollars",72,"622","    Hospitals",0,0,0,0,0,0,0,0,0,0,0,0,0,-4141,-32763,-19140,-23951,-21964,-12873,-7533,(NA)
 "54000" ,"West Virginia",5,SAGDP5N,"Subsidies","Thousands of dollars",73,"623","    Nursing and residential care facilities",0,0,0,0,0,0,0,0,0,0,0,0,0,0,0,0,0,0,0,0,(NA)
 "54000" ,"West Virginia",5,SAGDP5N,"Subsidies","Thousands of dollars",74,"624","    Social assistance",0,0,0,0,0,0,0,0,0,0,0,0,0,0,0,0,0,0,0,0,(NA)
 "54000" ,"West Virginia",5,SAGDP5N,"Subsidies","Thousands of dollars",75,"71, 72","  Arts, entertainment, recreation, accommodation, and food services",0,0,0,0,0,0,0,0,0,0,0,0,0,0,0,0,0,0,0,0,(NA)
 "54000" ,"West Virginia",5,SAGDP5N,"Subsidies","Thousands of dollars",76,"71","   Arts, entertainment, and recreation",0,0,0,0,0,0,0,0,0,0,0,0,0,0,0,0,0,0,0,0,(NA)
 "54000" ,"West Virginia",5,SAGDP5N,"Subsidies","Thousands of dollars",77,"711-712","    Performing arts, spectator sports, museums, and related activities",0,0,0,0,0,0,0,0,0,0,0,0,0,0,0,0,0,0,0,0,(NA)
 "54000" ,"West Virginia",5,SAGDP5N,"Subsidies","Thousands of dollars",78,"713","    Amusement, gambling, and recreation industries",0,0,0,0,0,0,0,0,0,0,0,0,0,0,0,0,0,0,0,0,(NA)
 "54000" ,"West Virginia",5,SAGDP5N,"Subsidies","Thousands of dollars",79,"72","   Accommodation and food services",0,0,0,0,0,0,0,0,0,0,0,0,0,0,0,0,0,0,0,0,(NA)
 "54000" ,"West Virginia",5,SAGDP5N,"Subsidies","Thousands of dollars",80,"721","    Accommodation",0,0,0,0,0,0,0,0,0,0,0,0,0,0,0,0,0,0,0,0,(NA)
 "54000" ,"West Virginia",5,SAGDP5N,"Subsidies","Thousands of dollars",81,"722","    Food services and drinking places",0,0,0,0,0,0,0,0,0,0,0,0,0,0,0,0,0,0,0,0,(NA)
 "54000" ,"West Virginia",5,SAGDP5N,"Subsidies","Thousands of dollars",82,"81","  Other services (except government and government enterprises)",0,0,0,0,0,0,0,0,0,0,0,0,0,0,0,0,0,0,0,0,(NA)
 "54000" ,"West Virginia",5,SAGDP5N,"Subsidies","Thousands of dollars",83,"..."," Government and government enterprises",-32628,-22969,-22539,-26885,-27968,-33124,-36039,-38054,-36926,-34217,-35791,-37809,-34540,-32247,-36409,-38082,-38173,-36271,-35000,-37282,(NA)
 "54000" ,"West Virginia",5,SAGDP5N,"Subsidies","Thousands of dollars",84,"...","  Federal civilian",-543,-460,-472,-719,-832,-967,-1176,-956,-814,-775,-920,-1226,-1359,-1005,-1118,-1268,-1734,-1864,-1498,-1454,(NA)
 "54000" ,"West Virginia",5,SAGDP5N,"Subsidies","Thousands of dollars",85,"...","  Military",0,0,0,0,0,0,0,0,0,0,0,0,0,0,0,0,0,0,0,0,(NA)
 "54000" ,"West Virginia",5,SAGDP5N,"Subsidies","Thousands of dollars",86,"...","  State and local",-32084,-22509,-22067,-26166,-27136,-32157,-34863,-37098,-36112,-33442,-34871,-36584,-33181,-31242,-35291,-36814,-36439,-34406,-33502,-35828,(NA)
 "54000" ,"West Virginia",5,SAGDP5N,"Subsidies","Thousands of dollars",87,"11, 21","Natural resources and mining",-7446,-13980,-21141,-28614,-32448,-10704,-14739,-14393,-29319,-16362,-8132,-11208,-12132,-12116,-11312,-9227,-10816,-10958,-12472,-15407,(NA)
 "54000" ,"West Virginia",5,SAGDP5N,"Subsidies","Thousands of dollars",88,"42, 44-45","Trade",0,0,0,0,0,0,0,0,0,0,0,0,-15250,-1638,-16,0,0,0,0,0,(NA)
 "54000" ,"West Virginia",5,SAGDP5N,"Subsidies","Thousands of dollars",89,"...","Transportation and utilities",-1896,-1158,-1036,-1194,-2993,-3742,-3736,-7505,-5141,-6313,-5158,-3686,-5697,-3178,-2920,-4186,-2162,-1685,-1585,-2161,(NA)
 "54000" ,"West Virginia",5,SAGDP5N,"Subsidies","Thousands of dollars",90,"...","Private goods-producing industries 2/",-7446,-13980,-21141,-28614,-32448,-10704,-14739,-14393,-29319,-16368,-8135,-11425,-13012,-14218,-14605,-11566,-11848,-12264,-13163,-16158,(NA)
 "54000" ,"West Virginia",5,SAGDP5N,"Subsidies","Thousands of dollars",91,"...","Private services-providing industries 3/",-40427,-40715,-41986,-40273,-42038,-45390,-48765,-53101,-59995,-61017,-72296,-61786,-81437,-74395,-99979,-90360,-90971,-81559,-72293,-73400,(NA)
"Note: See the included footnote file."
"SAGDP5N: Subsidies 1/"
"Last updated: November 14, 2018; revised statistics for 1997-2017."
"Source: U.S. Department of Commerce / Bureau of Economic Analysis / Regional Economic Accounts"
