GeoFIPS,GeoName,Region,TableName,ComponentName,Unit,IndustryId,IndustryClassification,Description,1997,1998,1999,2000,2001,2002,2003,2004,2005,2006,2007,2008,2009,2010,2011,2012,2013,2014,2015,2016,2017
 "95000" ,"Southeast",5,SAGDP3N,"Taxes on production and imports less subsidies","Thousands of dollars",1,"...","All industry total",132430513,139458024,146224111,153358743,156097764,167677834,177892431,194576391,210280331,226404019,230967667,230714628,226656614,232176360,235971666,242515636,249864113,258619484,262220318,271868244,(NA)
 "95000" ,"Southeast",5,SAGDP3N,"Taxes on production and imports less subsidies","Thousands of dollars",2,"..."," Private industries",134099449,140918634,147727921,154835687,157708352,169550179,179860715,196640552,212403274,228591023,233793161,233934819,229788446,235076214,239164517,245546708,253122132,261869675,265362573,275213919,(NA)
 "95000" ,"Southeast",5,SAGDP3N,"Taxes on production and imports less subsidies","Thousands of dollars",3,"11","  Agriculture, forestry, fishing, and hunting",-748388,-1787937,-3748324,-4210442,-4285729,-1352845,-2017183,-1377723,-3554000,-1731674,-525969,-273563,-603669,-379591,323733,217901,152081,580651,198771,-120278,(NA)
 "95000" ,"Southeast",5,SAGDP3N,"Taxes on production and imports less subsidies","Thousands of dollars",4,"111-112","   Farms",-924976,-1964606,-3929119,-4403202,-4484925,-1548541,-2242353,-1615428,-3824759,-2023373,-865162,-697217,-918555,-743149,-72045,-161918,-249996,182219,-140808,-459666,(NA)
 "95000" ,"Southeast",5,SAGDP3N,"Taxes on production and imports less subsidies","Thousands of dollars",5,"113-115","   Forestry, fishing, and related activities",176587,176669,180794,192759,199197,195697,225170,237705,270759,291699,339193,423654,314885,363558,395777,379818,402077,398432,339579,339388,(NA)
 "95000" ,"Southeast",5,SAGDP3N,"Taxes on production and imports less subsidies","Thousands of dollars",6,"21","  Mining, quarrying, and oil and gas extraction",2336117,2322922,2283804,2441115,2572686,2336638,2520224,2687247,3467113,3590989,4145793,4653391,3420292,4162477,4593521,4528258,4591842,4676282,3670916,3285915,(NA)
 "95000" ,"Southeast",5,SAGDP3N,"Taxes on production and imports less subsidies","Thousands of dollars",7,"211","   Oil and gas extraction",977878,1020339,972425,1083073,1194049,1105636,1202893,1300683,1825191,1868409,2249080,2608433,1645609,1903323,2030006,2100719,2141147,2267806,1825503,1609746,(NA)
 "95000" ,"Southeast",5,SAGDP3N,"Taxes on production and imports less subsidies","Thousands of dollars",8,"212","   Mining (except oil and gas)",1256165,1192875,1208403,1240228,1267521,1115207,1196243,1258477,1499879,1549095,1703462,1821904,1526091,2012215,2323404,2165774,2196767,2137171,1584155,1416308,(NA)
 "95000" ,"Southeast",5,SAGDP3N,"Taxes on production and imports less subsidies","Thousands of dollars",9,"213","   Support activities for mining",102073,109709,102976,117815,111115,115795,121088,128087,142043,173486,193252,223053,248593,246939,240111,261766,253927,271305,261259,259861,(NA)
 "95000" ,"Southeast",5,SAGDP3N,"Taxes on production and imports less subsidies","Thousands of dollars",10,"22","  Utilities",7700126,7797586,8143417,8590879,8794732,9198593,9814442,10644597,11781817,13245240,13900648,14500842,14590180,14775373,14900557,15165753,15143644,15077611,14975931,15531994,(NA)
 "95000" ,"Southeast",5,SAGDP3N,"Taxes on production and imports less subsidies","Thousands of dollars",11,"23","  Construction",931640,1051779,1152953,1200032,1271091,1359420,1435905,1676751,1898712,1946709,1879144,1717188,1584943,1542846,1534512,1577396,1666159,1732385,1814694,1913555,(NA)
 "95000" ,"Southeast",5,SAGDP3N,"Taxes on production and imports less subsidies","Thousands of dollars",12,"31-33","  Manufacturing",12796268,12762854,13214326,14902743,15246711,16120521,16921418,17634296,18493904,18939397,18677883,19267986,26441569,26000707,26646464,26812706,27413642,26885160,26693781,26612845,(NA)
 "95000" ,"Southeast",5,SAGDP3N,"Taxes on production and imports less subsidies","Thousands of dollars",13,"321,327-339","   Durable goods manufacturing",2545132,2695758,2971834,3147028,3346216,3587127,3694503,3943939,4240685,4420242,4741359,4842506,4831265,4560324,4443754,4580002,5272991,5524936,5767346,5676480,(NA)
 "95000" ,"Southeast",5,SAGDP3N,"Taxes on production and imports less subsidies","Thousands of dollars",14,"321","    Wood product manufacturing",168388,177062,188295,189219,169088,179994,183939,205989,231900,248030,247010,238274,236285,233019,227029,221624,229704,240849,255404,272680,(NA)
 "95000" ,"Southeast",5,SAGDP3N,"Taxes on production and imports less subsidies","Thousands of dollars",15,"327","    Nonmetallic mineral product manufacturing",184518,193807,208594,219627,217143,228043,237709,257135,280551,319853,345500,344172,346356,329432,319098,314567,318603,330358,342495,350320,(NA)
 "95000" ,"Southeast",5,SAGDP3N,"Taxes on production and imports less subsidies","Thousands of dollars",16,"331","    Primary metal manufacturing",309398,321210,345246,354735,308006,322572,320296,338807,346261,363026,419784,441135,467772,461933,461943,472780,479521,489021,508553,531006,(NA)
 "95000" ,"Southeast",5,SAGDP3N,"Taxes on production and imports less subsidies","Thousands of dollars",17,"332","    Fabricated metal product manufacturing",286610,296753,330145,351915,336212,370469,395412,429563,433338,459808,489460,527254,467809,474455,514104,500987,612053,617164,646432,654951,(NA)
 "95000" ,"Southeast",5,SAGDP3N,"Taxes on production and imports less subsidies","Thousands of dollars",18,"333","    Machinery manufacturing",291700,321969,360897,386064,391049,416155,422768,444985,475975,496282,532619,558529,588536,581342,569736,566172,569803,606594,646649,676355,(NA)
 "95000" ,"Southeast",5,SAGDP3N,"Taxes on production and imports less subsidies","Thousands of dollars",19,"334","    Computer and electronic product manufacturing",413324,433322,476151,519866,646073,675866,676276,695043,753908,788870,888351,893377,933754,870619,817712,818030,919423,908352,945082,877137,(NA)
 "95000" ,"Southeast",5,SAGDP3N,"Taxes on production and imports less subsidies","Thousands of dollars",20,"335","    Electrical equipment, appliance, and component manufacturing",197861,199497,215403,233726,278172,299321,302973,286615,362696,316921,311160,278939,211497,8414,-82198,18896,173272,224052,241887,257550,(NA)
 "95000" ,"Southeast",5,SAGDP3N,"Taxes on production and imports less subsidies","Thousands of dollars",21,"3361-3363","    Motor vehicles, bodies and trailers, and parts manufacturing",283993,311489,354076,371616,423067,469473,510647,583753,596044,627689,632698,675821,670179,699587,732523,790033,842993,904893,942099,1002768,(NA)
 "95000" ,"Southeast",5,SAGDP3N,"Taxes on production and imports less subsidies","Thousands of dollars",22,"3364-3369","    Other transportation equipment manufacturing",183610,206192,234743,253598,287296,306946,316139,350936,383950,406771,465241,472282,495905,490352,473269,470414,485381,539114,568333,593280,(NA)
 "95000" ,"Southeast",5,SAGDP3N,"Taxes on production and imports less subsidies","Thousands of dollars",23,"337","    Furniture and related product manufacturing",87996,94975,103938,108148,101348,109783,112783,123042,138207,141634,138498,133356,129085,126744,124158,124385,123916,128833,134130,138263,(NA)
 "95000" ,"Southeast",5,SAGDP3N,"Taxes on production and imports less subsidies","Thousands of dollars",24,"339","    Miscellaneous manufacturing",137736,139483,154348,158516,188762,208505,215561,228071,237855,251358,271039,279367,284087,284427,286380,282115,518321,535707,536282,322168,(NA)
 "95000" ,"Southeast",5,SAGDP3N,"Taxes on production and imports less subsidies","Thousands of dollars",25,"311-316,322-326","   Nondurable goods manufacturing",10251136,10067096,10242492,11755715,11900495,12533394,13226916,13690357,14253220,14519155,13936524,14425480,21610304,21440383,22202710,22232704,22140651,21360224,20926435,20936365,(NA)
 "95000" ,"Southeast",5,SAGDP3N,"Taxes on production and imports less subsidies","Thousands of dollars",26,"311-312","    Food and beverage and tobacco products manufacturing",7762318,7534115,7559011,9030571,8936544,9372850,9926344,10174111,10643687,10709632,9861298,10018758,17268996,17015335,16594927,16752942,16213941,15629989,14997942,14863035,(NA)
 "95000" ,"Southeast",5,SAGDP3N,"Taxes on production and imports less subsidies","Thousands of dollars",27,"313-314","    Textile mills and textile product mills",422649,434209,440459,435665,379103,387229,385569,392024,399720,391369,396500,387106,386010,370437,346619,334570,329780,329934,324029,334576,(NA)
 "95000" ,"Southeast",5,SAGDP3N,"Taxes on production and imports less subsidies","Thousands of dollars",28,"315-316","    Apparel, leather, and allied product manufacturing",91270,90979,90320,92490,81250,80749,76985,78301,84626,82510,76163,71904,70791,65236,61639,55275,55211,51752,51312,50526,(NA)
 "95000" ,"Southeast",5,SAGDP3N,"Taxes on production and imports less subsidies","Thousands of dollars",29,"322","    Paper manufacturing",443180,451724,461625,468897,445557,468512,481602,493549,517747,542622,572041,576095,601323,585051,562727,556597,563705,578871,599190,618626,(NA)
 "95000" ,"Southeast",5,SAGDP3N,"Taxes on production and imports less subsidies","Thousands of dollars",30,"323","    Printing and related support activities",111452,117095,129814,141159,122486,131365,133363,145341,160465,162913,173676,176435,176557,164733,155247,148456,145265,146314,147256,148493,(NA)
 "95000" ,"Southeast",5,SAGDP3N,"Taxes on production and imports less subsidies","Thousands of dollars",31,"324","    Petroleum and coal products manufacturing",246035,249284,261003,282043,263422,285435,309469,339996,387802,429697,462738,522506,499890,502497,573979,509669,658358,678570,695712,723896,(NA)
 "95000" ,"Southeast",5,SAGDP3N,"Taxes on production and imports less subsidies","Thousands of dollars",32,"325","    Chemical manufacturing",837004,860886,902284,908851,1323935,1427006,1513868,1622483,1695097,1776708,2011319,2148533,2270440,2387894,3359318,3457062,3577320,3358815,3513769,3660848,(NA)
 "95000" ,"Southeast",5,SAGDP3N,"Taxes on production and imports less subsidies","Thousands of dollars",33,"326","    Plastics and rubber products manufacturing",337229,328804,397978,396039,348198,380249,399716,444551,364075,423704,382790,524144,336296,349199,548254,418132,597072,585978,597226,536363,(NA)
 "95000" ,"Southeast",5,SAGDP3N,"Taxes on production and imports less subsidies","Thousands of dollars",34,"42","  Wholesale trade",30563880,32395389,33680674,34749538,34206935,34341370,35819083,38890837,41551593,43737128,43322237,42575478,38584407,40859215,43026595,45821936,47703521,48438748,47695929,50280475,(NA)
 "95000" ,"Southeast",5,SAGDP3N,"Taxes on production and imports less subsidies","Thousands of dollars",35,"44-45","  Retail trade",26524832,28643345,30339403,31245847,31918416,32162503,34642367,36830157,41442934,45252941,46234401,44813827,40819086,43622420,44935441,46698876,47864800,49594646,50349271,52414160,(NA)
 "95000" ,"Southeast",5,SAGDP3N,"Taxes on production and imports less subsidies","Thousands of dollars",36,"48-49","  Transportation and warehousing",3271900,3823135,4116167,4479733,2926777,4305034,3921048,4833306,5376474,5258245,6096935,6376877,6302152,6104526,6523254,6524267,7435115,7916188,8334739,8590500,(NA)
 "95000" ,"Southeast",5,SAGDP3N,"Taxes on production and imports less subsidies","Thousands of dollars",37,"481","   Air transportation",1778292,2221292,2395634,2730606,1329319,2770742,2298333,3295784,3453595,3250594,3823413,3856073,3879893,3604137,3893931,3987932,4563859,4881170,5158625,5345452,(NA)
 "95000" ,"Southeast",5,SAGDP3N,"Taxes on production and imports less subsidies","Thousands of dollars",38,"482","   Rail transportation",50274,85580,90637,92831,99266,84250,88813,108150,105336,116909,127303,132268,95562,47654,116830,188620,179057,190584,202070,215979,(NA)
 "95000" ,"Southeast",5,SAGDP3N,"Taxes on production and imports less subsidies","Thousands of dollars",39,"483","   Water transportation",167603,199118,240059,234987,122364,17821,70342,-173652,17190,-32595,66567,219251,99674,225026,245906,67064,321075,365770,389745,332121,(NA)
 "95000" ,"Southeast",5,SAGDP3N,"Taxes on production and imports less subsidies","Thousands of dollars",40,"484","   Truck transportation",519398,533660,561151,577345,583250,612798,626086,689795,826931,910434,920654,911711,912826,916193,951429,980541,997379,1042122,1105371,1161538,(NA)
 "95000" ,"Southeast",5,SAGDP3N,"Taxes on production and imports less subsidies","Thousands of dollars",41,"485","   Transit and ground passenger transportation",94483,103224,110072,119236,128609,118336,117073,122414,127009,130567,146658,150115,171023,176210,166914,160347,166896,156263,154771,155318,(NA)
 "95000" ,"Southeast",5,SAGDP3N,"Taxes on production and imports less subsidies","Thousands of dollars",42,"486","   Pipeline transportation",141715,148214,161333,144166,135959,150602,158188,195016,223809,230639,246460,326728,335386,333938,360537,342176,398612,448075,457317,474755,(NA)
 "95000" ,"Southeast",5,SAGDP3N,"Taxes on production and imports less subsidies","Thousands of dollars",43,"487-488, 492","   Other transportation and support activities",428676,434186,451151,469643,427840,443181,450771,470191,488964,506887,607600,607794,630832,624022,610134,612952,613971,623074,646807,671755,(NA)
 "95000" ,"Southeast",5,SAGDP3N,"Taxes on production and imports less subsidies","Thousands of dollars",44,"493","   Warehousing and storage",91460,97861,106131,110919,100169,107304,111442,125607,133640,144810,158281,172937,176956,177345,177573,184635,194265,209131,220032,233581,(NA)
 "95000" ,"Southeast",5,SAGDP3N,"Taxes on production and imports less subsidies","Thousands of dollars",45,"51","  Information",6758527,7147259,7784012,8479789,9880695,10816443,11107111,11710340,12754196,12922332,11571807,9217694,8854416,8735326,8574829,8748704,8943107,9065112,9060860,9301060,(NA)
 "95000" ,"Southeast",5,SAGDP3N,"Taxes on production and imports less subsidies","Thousands of dollars",46,"511","   Publishing industries (except Internet)",184201,187913,207155,230179,334909,373753,394718,419927,434871,467458,489471,492782,506312,493496,472556,463069,462925,517136,537930,557927,(NA)
 "95000" ,"Southeast",5,SAGDP3N,"Taxes on production and imports less subsidies","Thousands of dollars",47,"512","   Motion picture and sound recording industries",102712,118474,238459,228427,353300,402822,434220,463139,593818,678067,823288,682785,658280,679728,665419,718787,779947,758012,867833,868795,(NA)
 "95000" ,"Southeast",5,SAGDP3N,"Taxes on production and imports less subsidies","Thousands of dollars",48,"515, 517","   Broadcasting (except Internet) and telecommunications",6330052,6676482,7142975,7796538,8874289,9696465,9908934,10438196,11317792,11340225,9808020,7731980,7356865,7212084,7064371,7187601,7315532,7313688,7125879,7316660,(NA)
 "95000" ,"Southeast",5,SAGDP3N,"Taxes on production and imports less subsidies","Thousands of dollars",49,"518, 519","   Data processing, hosting, and other information services",141561,164390,195424,224646,318197,343403,369239,389077,407715,436583,451028,310147,332959,350017,372483,379247,384703,476277,529218,557678,(NA)
 "95000" ,"Southeast",5,SAGDP3N,"Taxes on production and imports less subsidies","Thousands of dollars",50,"52, 53","  Finance, insurance, real estate, rental, and leasing",24694148,25546970,27448158,28768454,29691200,32903395,34050419,37111028,40277348,44824835,47734295,51063350,52273571,51091322,50460130,49873062,50973455,54996656,57820651,60266192,(NA)
 "95000" ,"Southeast",5,SAGDP3N,"Taxes on production and imports less subsidies","Thousands of dollars",51,"52","   Finance and insurance",5437442,5626675,5850002,6100357,5891283,6452394,6940294,7672193,8452583,9026425,9744299,10124211,10102177,10120324,10394982,10082180,10529079,13073173,14267376,14973615,(NA)
 "95000" ,"Southeast",5,SAGDP3N,"Taxes on production and imports less subsidies","Thousands of dollars",52,"521-522","    Monetary Authorities- central bank, credit intermediation, and related services",1477981,1642861,1799038,1941848,1969634,2145840,2277822,2525660,2824244,3057769,3290798,3346591,3437817,3327125,3268808,3236081,3354792,3547046,3693614,3817129,(NA)
 "95000" ,"Southeast",5,SAGDP3N,"Taxes on production and imports less subsidies","Thousands of dollars",53,"523","    Securities, commodity contracts, and other financial investments and related activities",430920,463218,495479,515214,423396,463321,430815,451359,555914,506050,625633,709195,688366,645871,616001,580424,583327,608653,626082,646528,(NA)
 "95000" ,"Southeast",5,SAGDP3N,"Taxes on production and imports less subsidies","Thousands of dollars",54,"524","    Insurance carriers and related activities",3299736,3259339,3276760,3332992,3353076,3699149,4088699,4600441,4953983,5323532,5649207,5890591,5794143,5966175,6328845,6105595,6382949,8719371,9743145,10267160,(NA)
 "95000" ,"Southeast",5,SAGDP3N,"Taxes on production and imports less subsidies","Thousands of dollars",55,"525","    Funds, trusts, and other financial vehicles",228806,261258,278724,310302,145177,144084,142959,94733,118442,139074,178661,177835,181852,181153,181328,160080,208010,198103,204535,242797,(NA)
 "95000" ,"Southeast",5,SAGDP3N,"Taxes on production and imports less subsidies","Thousands of dollars",56,"53","   Real estate and rental and leasing",19256706,19920295,21598156,22668097,23799917,26451002,27110125,29438834,31824765,35798410,37989996,40939138,42171395,40970997,40065148,39790882,40444377,41923483,43553275,45292577,(NA)
 "95000" ,"Southeast",5,SAGDP3N,"Taxes on production and imports less subsidies","Thousands of dollars",57,"531","    Real estate",17061059,17458539,18752269,19584557,20744507,23373014,23933887,26153309,28171054,31785752,33840479,36940000,38420808,37150551,36103788,35602194,36162677,37534064,38967330,40465012,(NA)
 "95000" ,"Southeast",5,SAGDP3N,"Taxes on production and imports less subsidies","Thousands of dollars",58,"532-533","    Rental and leasing services and lessors of nonfinancial intangible assets",2195647,2461756,2845888,3083540,3055410,3077987,3176238,3285525,3653711,4012657,4149517,3999139,3750587,3820447,3961360,4188688,4281699,4389419,4585945,4827565,(NA)
 "95000" ,"Southeast",5,SAGDP3N,"Taxes on production and imports less subsidies","Thousands of dollars",59,"54, 55, 56","  Professional and business services",4508511,5160915,5797470,5859876,6388468,7811701,10975977,13758765,14612111,14589238,12739440,10882700,8619054,9058485,9211129,9741030,10456903,10972854,11651019,12421070,(NA)
 "95000" ,"Southeast",5,SAGDP3N,"Taxes on production and imports less subsidies","Thousands of dollars",60,"54","   Professional, scientific, and technical services",2639501,3154210,3486550,3568600,4067243,5281380,8369872,10848439,11429286,11280341,9197270,6991241,4922319,5261256,5392080,5755038,6450246,6707248,7154168,7793073,(NA)
 "95000" ,"Southeast",5,SAGDP3N,"Taxes on production and imports less subsidies","Thousands of dollars",61,"5411","    Legal services",1558773,1951604,2127156,2101252,2343105,3459514,6482600,8772682,9214930,8966840,6634776,4257672,2076147,2308983,2438056,2740793,3352366,3459988,3800782,4285508,(NA)
 "95000" ,"Southeast",5,SAGDP3N,"Taxes on production and imports less subsidies","Thousands of dollars",62,"5415","    Computer systems design and related services",207145,255087,330374,399681,457719,470974,479730,507919,504924,517891,586335,640490,677204,724543,744626,769512,796475,843255,883230,924623,(NA)
 "95000" ,"Southeast",5,SAGDP3N,"Taxes on production and imports less subsidies","Thousands of dollars",63,"5412-5414, 5416-5419","    Miscellaneous professional, scientific, and technical services",873583,947520,1029021,1067667,1266419,1350892,1407543,1567839,1709432,1795610,1976159,2093080,2168968,2227730,2209398,2244733,2301406,2404004,2470156,2582942,(NA)
 "95000" ,"Southeast",5,SAGDP3N,"Taxes on production and imports less subsidies","Thousands of dollars",64,"55","   Management of companies and enterprises",1000880,1060386,1223248,1184232,1150709,1288271,1331412,1497170,1677259,1745609,1855994,2178614,2013413,2014346,1990829,2104695,2062035,2255416,2423313,2453519,(NA)
 "95000" ,"Southeast",5,SAGDP3N,"Taxes on production and imports less subsidies","Thousands of dollars",65,"56","   Administrative and support and waste management and remediation services",868130,946319,1087672,1107044,1170515,1242050,1274692,1413156,1505566,1563289,1686177,1712845,1683322,1782883,1828220,1881297,1944621,2010190,2073537,2174479,(NA)
 "95000" ,"Southeast",5,SAGDP3N,"Taxes on production and imports less subsidies","Thousands of dollars",66,"561","    Administrative and support services",628906,703213,814562,836143,900216,956957,972781,1091570,1156714,1184972,1268580,1306691,1268678,1355268,1405060,1467843,1522113,1579506,1626543,1712254,(NA)
 "95000" ,"Southeast",5,SAGDP3N,"Taxes on production and imports less subsidies","Thousands of dollars",67,"562","    Waste management and remediation services",239224,243106,273109,270901,270299,285094,301912,321586,348852,378317,417597,406153,414644,427615,423160,413454,422508,430685,446994,462225,(NA)
 "95000" ,"Southeast",5,SAGDP3N,"Taxes on production and imports less subsidies","Thousands of dollars",68,"61, 62","  Educational services, health care, and social assistance",2586822,2814402,3065882,3210325,3688759,4009126,4243125,4653166,5228894,5525567,6185732,6554495,6933506,6931455,6261122,6739960,6811933,6999215,7584865,7974724,(NA)
 "95000" ,"Southeast",5,SAGDP3N,"Taxes on production and imports less subsidies","Thousands of dollars",69,"61","   Educational services",485895,533572,601487,652313,635896,703680,744965,833829,918111,1009005,1143158,1301075,1425369,1431704,1428615,1400703,1396450,1415507,1463762,1512712,(NA)
 "95000" ,"Southeast",5,SAGDP3N,"Taxes on production and imports less subsidies","Thousands of dollars",70,"62","   Health care and social assistance",2100927,2280831,2464395,2558013,3052863,3305446,3498160,3819337,4310782,4516561,5042573,5253420,5508137,5499751,4832507,5339257,5415483,5583709,6121103,6462012,(NA)
 "95000" ,"Southeast",5,SAGDP3N,"Taxes on production and imports less subsidies","Thousands of dollars",71,"621","    Ambulatory health care services",1019784,1092727,1175899,1221419,1160447,1225340,1267464,1423271,1595185,1636676,1772835,1882408,1979532,2002652,1985735,1995836,2041130,2130459,2189989,2252997,(NA)
 "95000" ,"Southeast",5,SAGDP3N,"Taxes on production and imports less subsidies","Thousands of dollars",72,"622","    Hospitals",683089,746111,807160,832523,1242472,1357359,1441193,1546946,1729937,1828479,2059286,2100715,2220483,2133393,1413835,1862781,1819564,1866592,2273602,2514267,(NA)
 "95000" ,"Southeast",5,SAGDP3N,"Taxes on production and imports less subsidies","Thousands of dollars",73,"623","    Nursing and residential care facilities",266871,294508,314531,324060,445332,492655,545358,577596,691792,742267,868875,909011,930401,969251,1040207,1093654,1145709,1154159,1207332,1231924,(NA)
 "95000" ,"Southeast",5,SAGDP3N,"Taxes on production and imports less subsidies","Thousands of dollars",74,"624","    Social assistance",131183,147485,166805,180010,204611,230092,244145,271524,293869,309139,341577,361285,377722,394456,392730,386985,409080,432499,450180,462823,(NA)
 "95000" ,"Southeast",5,SAGDP3N,"Taxes on production and imports less subsidies","Thousands of dollars",75,"71, 72","  Arts, entertainment, recreation, accommodation, and food services",9820982,10672336,11606386,12077317,12391466,12539491,13362197,14273043,15468640,16587131,17651425,18354536,17866251,18430587,17999395,18815521,19529439,20446721,20933586,21920087,(NA)
 "95000" ,"Southeast",5,SAGDP3N,"Taxes on production and imports less subsidies","Thousands of dollars",76,"71","   Arts, entertainment, and recreation",1575439,1699896,2007040,1916909,2002098,2026739,2115630,2281998,2434332,2617041,2815095,3056347,3106868,3017426,3077464,3234506,3258890,3345670,3458377,3629203,(NA)
 "95000" ,"Southeast",5,SAGDP3N,"Taxes on production and imports less subsidies","Thousands of dollars",77,"711-712","    Performing arts, spectator sports, museums, and related activities",576954,666087,839930,804424,864665,871133,920071,999733,1072835,1138503,1252008,1459897,1524173,1522590,1567951,1596066,1574471,1663443,1691488,1763627,(NA)
 "95000" ,"Southeast",5,SAGDP3N,"Taxes on production and imports less subsidies","Thousands of dollars",78,"713","    Amusement, gambling, and recreation industries",998485,1033810,1167110,1112485,1137433,1155606,1195559,1282264,1361497,1478538,1563086,1596450,1582695,1494836,1509513,1638440,1684419,1682227,1766889,1865576,(NA)
 "95000" ,"Southeast",5,SAGDP3N,"Taxes on production and imports less subsidies","Thousands of dollars",79,"72","   Accommodation and food services",8245542,8972440,9599346,10160408,10389368,10512752,11246567,11991045,13034308,13970090,14836331,15298189,14759383,15413160,14921930,15581014,16270549,17101051,17475209,18290884,(NA)
 "95000" ,"Southeast",5,SAGDP3N,"Taxes on production and imports less subsidies","Thousands of dollars",80,"721","    Accommodation",3495682,3785017,4065716,4303798,4120362,4090042,4248148,4455824,4819302,5130243,5533898,5642700,5399111,5629980,5895358,6110993,6403349,6789328,6955514,7306463,(NA)
 "95000" ,"Southeast",5,SAGDP3N,"Taxes on production and imports less subsidies","Thousands of dollars",81,"722","    Food services and drinking places",4749860,5187423,5533630,5856610,6269006,6422710,6998420,7535221,8215006,8839847,9302433,9655489,9360272,9783181,9026572,9470022,9867200,10311723,10519695,10984422,(NA)
 "95000" ,"Southeast",5,SAGDP3N,"Taxes on production and imports less subsidies","Thousands of dollars",82,"81","  Other services (except government and government enterprises)",2354083,2567677,2843592,3040481,3016146,2998787,3064584,3314742,3603537,3902946,4179388,4230019,4102687,4141067,4173834,4281339,4436491,4487444,4577560,4821620,(NA)
 "95000" ,"Southeast",5,SAGDP3N,"Taxes on production and imports less subsidies","Thousands of dollars",83,"..."," Government and government enterprises",-1668936,-1460610,-1503809,-1476944,-1610588,-1872346,-1968285,-2064161,-2122943,-2187005,-2825493,-3220191,-3131832,-2899854,-3192851,-3031072,-3258019,-3250191,-3142255,-3345675,(NA)
 "95000" ,"Southeast",5,SAGDP3N,"Taxes on production and imports less subsidies","Thousands of dollars",84,"...","  Federal civilian",-202860,-208986,-222984,-279531,-336423,-324292,-313005,-323041,-345389,-320317,-376668,-494204,-596238,-476321,-612955,-658270,-907569,-964148,-775978,-809703,(NA)
 "95000" ,"Southeast",5,SAGDP3N,"Taxes on production and imports less subsidies","Thousands of dollars",85,"...","  Military",0,0,0,0,0,0,0,0,0,0,0,0,0,0,0,0,0,0,0,0,(NA)
 "95000" ,"Southeast",5,SAGDP3N,"Taxes on production and imports less subsidies","Thousands of dollars",86,"...","  State and local",-1466076,-1251623,-1280826,-1197413,-1274165,-1548053,-1655279,-1741120,-1777554,-1866688,-2448825,-2725987,-2535595,-2423533,-2579896,-2372802,-2350450,-2286044,-2366277,-2535972,(NA)
 "95000" ,"Southeast",5,SAGDP3N,"Taxes on production and imports less subsidies","Thousands of dollars",87,"11, 21","Natural resources and mining",1587728,534985,-1464520,-1769327,-1713043,983794,503040,1309524,-86887,1859316,3619824,4379828,2816623,3782886,4917254,4746159,4743923,5256934,3869687,3165637,(NA)
 "95000" ,"Southeast",5,SAGDP3N,"Taxes on production and imports less subsidies","Thousands of dollars",88,"42, 44-45","Trade",57088713,61038734,64020077,65995385,66125351,66503873,70461449,75720995,82994527,88990069,89556639,87389305,79403494,84481635,87962037,92520811,95568321,98033394,98045200,102694635,(NA)
 "95000" ,"Southeast",5,SAGDP3N,"Taxes on production and imports less subsidies","Thousands of dollars",89,"...","Transportation and utilities",10972026,11620721,12259585,13070612,11721509,13503627,13735490,15477903,17158291,18503484,19997583,20877719,20892333,20879899,21423811,21690020,22578759,22993799,23310670,24122494,(NA)
 "95000" ,"Southeast",5,SAGDP3N,"Taxes on production and imports less subsidies","Thousands of dollars",90,"...","Private goods-producing industries 2/",15315637,14349618,12902759,14333449,14804759,18463735,18860364,20620571,20305729,22745422,24176851,25365001,30843135,31326439,33098230,33136261,33823724,33874479,32378163,31692037,(NA)
 "95000" ,"Southeast",5,SAGDP3N,"Taxes on production and imports less subsidies","Thousands of dollars",91,"...","Private services-providing industries 3/",118783812,126569016,134825162,140502239,142903594,151086445,161000352,176019981,192097545,205845602,209616309,208569817,198945311,203749775,206066287,212410447,219298408,227995196,232984410,243521882,(NA)
"Note: See the included footnote file."
"SAGDP3N: Taxes on production and imports less subsidies 1/"
"Last updated: November 14, 2018; revised statistics for 1997-2017."
"Source: U.S. Department of Commerce / Bureau of Economic Analysis / Regional Economic Accounts"
